Actual Traffic Volume,Predicted Traffic Volume,Actual Congestion Level,Predicted Congestion Level,Recommendation
1478.0,665.02655,Low,Low,Traffic conditions are favorable.
1408.0,121.43361,Low,Low,Traffic conditions are favorable.
931.0,57.51764,Low,Low,Traffic conditions are favorable.
585.0,64.9091,Low,Low,Traffic conditions are favorable.
381.0,538.90784,Low,Low,Traffic conditions are favorable.
434.0,2131.197,Low,Medium,Expect moderate delays and allow extra travel time.
677.0,4182.4453,Low,High,Avoid peak hours or consider an alternative route.
811.0,3871.808,Low,Medium,Expect moderate delays and allow extra travel time.
1122.0,3318.2876,Low,Medium,Expect moderate delays and allow extra travel time.
1738.0,2866.1606,Low,Medium,Expect moderate delays and allow extra travel time.
2421.0,3068.7065,Medium,Medium,Expect moderate delays and allow extra travel time.
2908.0,3730.44,Medium,Medium,Expect moderate delays and allow extra travel time.
3214.0,4043.9001,Medium,Medium,Expect moderate delays and allow extra travel time.
3410.0,4686.479,Medium,High,Avoid peak hours or consider an alternative route.
3290.0,5202.7397,Medium,High,Avoid peak hours or consider an alternative route.
3079.0,4377.6304,Medium,Medium,Expect moderate delays and allow extra travel time.
2891.0,3687.9316,Medium,Medium,Expect moderate delays and allow extra travel time.
2199.0,2545.8752,Medium,Medium,Expect moderate delays and allow extra travel time.
1738.0,2130.2693,Low,Medium,Expect moderate delays and allow extra travel time.
1555.0,1897.9677,Low,Low,Traffic conditions are favorable.
1213.0,851.7711,Low,Low,Traffic conditions are favorable.
830.0,789.7796,Low,Low,Traffic conditions are favorable.
477.0,404.48642,Low,Low,Traffic conditions are favorable.
279.0,185.71422,Low,Low,Traffic conditions are favorable.
205.0,109.78459,Low,Low,Traffic conditions are favorable.
299.0,148.91008,Low,Low,Traffic conditions are favorable.
729.0,628.1584,Low,Low,Traffic conditions are favorable.
2544.0,2285.2888,Medium,Medium,Expect moderate delays and allow extra travel time.
4801.0,4785.551,High,High,Avoid peak hours or consider an alternative route.
5696.0,5169.115,High,High,Avoid peak hours or consider an alternative route.
4901.0,4845.864,High,High,Avoid peak hours or consider an alternative route.
4189.0,4200.89,Medium,Medium,Expect moderate delays and allow extra travel time.
4172.0,4034.1255,Medium,Medium,Expect moderate delays and allow extra travel time.
4448.0,4331.6885,Medium,Medium,Expect moderate delays and allow extra travel time.
4537.0,4300.115,Medium,Medium,Expect moderate delays and allow extra travel time.
4698.0,4590.077,High,High,Avoid peak hours or consider an alternative route.
5232.0,5101.206,High,High,Avoid peak hours or consider an alternative route.
5618.0,5724.7573,High,High,Avoid peak hours or consider an alternative route.
5618.0,5692.5825,High,High,Avoid peak hours or consider an alternative route.
5178.0,5260.6504,High,High,Avoid peak hours or consider an alternative route.
5178.0,5247.6807,High,High,Avoid peak hours or consider an alternative route.
3625.0,4026.3386,Medium,Medium,Expect moderate delays and allow extra travel time.
3625.0,4026.3386,Medium,Medium,Expect moderate delays and allow extra travel time.
2669.0,2724.2314,Medium,Medium,Expect moderate delays and allow extra travel time.
2056.0,2434.3633,Low,Medium,Expect moderate delays and allow extra travel time.
2834.0,2268.5828,Medium,Medium,Expect moderate delays and allow extra travel time.
2785.0,1675.423,Medium,Low,Traffic conditions are favorable.
599.0,555.6939,Low,Low,Traffic conditions are favorable.
353.0,336.99323,Low,Low,Traffic conditions are favorable.
353.0,336.99323,Low,Low,Traffic conditions are favorable.
283.0,247.87904,Low,Low,Traffic conditions are favorable.
358.0,376.9517,Low,Low,Traffic conditions are favorable.
811.0,871.5098,Low,Low,Traffic conditions are favorable.
2739.0,2624.9165,Medium,Medium,Expect moderate delays and allow extra travel time.
6017.0,5584.2554,High,High,Avoid peak hours or consider an alternative route.
5398.0,5256.679,High,High,Avoid peak hours or consider an alternative route.
5142.0,4628.903,High,High,Avoid peak hours or consider an alternative route.
4092.0,4310.306,Medium,Medium,Expect moderate delays and allow extra travel time.
4328.0,4468.5527,Medium,Medium,Expect moderate delays and allow extra travel time.
4600.0,4735.939,High,High,Avoid peak hours or consider an alternative route.
4591.0,4683.519,High,High,Avoid peak hours or consider an alternative route.
4983.0,4931.493,High,High,Avoid peak hours or consider an alternative route.
5589.0,5278.204,High,High,Avoid peak hours or consider an alternative route.
6317.0,6027.5405,High,High,Avoid peak hours or consider an alternative route.
5951.0,5562.4146,High,High,Avoid peak hours or consider an alternative route.
4350.0,4266.7,Medium,Medium,Expect moderate delays and allow extra travel time.
3144.0,3335.93,Medium,Medium,Expect moderate delays and allow extra travel time.
2319.0,2607.119,Medium,Medium,Expect moderate delays and allow extra travel time.
2105.0,2476.7205,Low,Medium,Expect moderate delays and allow extra travel time.
991.0,1070.1926,Low,Low,Traffic conditions are favorable.
343.0,422.9568,Low,Low,Traffic conditions are favorable.
247.0,368.13013,Low,Low,Traffic conditions are favorable.
325.0,476.68353,Low,Low,Traffic conditions are favorable.
827.0,924.72095,Low,Low,Traffic conditions are favorable.
2757.0,2546.6084,Medium,Medium,Expect moderate delays and allow extra travel time.
5323.0,5154.523,High,High,Avoid peak hours or consider an alternative route.
6420.0,5647.1104,High,High,Avoid peak hours or consider an alternative route.
4478.0,4220.8706,Medium,High,Avoid peak hours or consider an alternative route.
4885.0,4446.641,High,High,Avoid peak hours or consider an alternative route.
4259.0,4404.9624,Medium,Medium,Expect moderate delays and allow extra travel time.
4446.0,4300.6255,Medium,Medium,Expect moderate delays and allow extra travel time.
4738.0,4826.5723,High,High,Avoid peak hours or consider an alternative route.
4656.0,4838.1616,High,High,Avoid peak hours or consider an alternative route.
5094.0,5128.9316,High,High,Avoid peak hours or consider an alternative route.
5442.0,5502.999,High,High,Avoid peak hours or consider an alternative route.
6450.0,6088.8013,High,High,Avoid peak hours or consider an alternative route.
5993.0,5642.687,High,High,Avoid peak hours or consider an alternative route.
4377.0,4389.8086,Medium,Medium,Expect moderate delays and allow extra travel time.
3071.0,3101.2415,Medium,Medium,Expect moderate delays and allow extra travel time.
2646.0,2799.8381,Medium,Medium,Expect moderate delays and allow extra travel time.
3933.0,2755.3235,Medium,Medium,Expect moderate delays and allow extra travel time.
2422.0,2365.0415,Medium,Low,Traffic conditions are favorable.
1185.0,1223.9353,Low,Low,Traffic conditions are favorable.
630.0,749.51886,Low,Low,Traffic conditions are favorable.
379.0,467.57742,Low,Low,Traffic conditions are favorable.
301.0,391.0238,Low,Low,Traffic conditions are favorable.
813.0,821.71387,Low,Low,Traffic conditions are favorable.
2629.0,2415.3242,Medium,Medium,Expect moderate delays and allow extra travel time.
5002.0,5065.4087,High,High,Avoid peak hours or consider an alternative route.
4742.0,5264.2266,High,High,Avoid peak hours or consider an alternative route.
4704.0,4623.694,High,High,Avoid peak hours or consider an alternative route.
4279.0,4680.9316,Medium,Medium,Expect moderate delays and allow extra travel time.
4566.0,4544.7173,Medium,High,Avoid peak hours or consider an alternative route.
4989.0,4940.8096,High,High,Avoid peak hours or consider an alternative route.
4968.0,4842.653,High,High,Avoid peak hours or consider an alternative route.
5315.0,5132.162,High,High,Avoid peak hours or consider an alternative route.
5867.0,5554.953,High,High,Avoid peak hours or consider an alternative route.
6504.0,5871.778,High,High,Avoid peak hours or consider an alternative route.
6185.0,5532.6235,High,High,Avoid peak hours or consider an alternative route.
4611.0,4412.7847,High,Medium,Expect moderate delays and allow extra travel time.
3652.0,3162.3562,Medium,Medium,Expect moderate delays and allow extra travel time.
2880.0,2853.156,Medium,Medium,Expect moderate delays and allow extra travel time.
2815.0,2802.6382,Medium,Medium,Expect moderate delays and allow extra travel time.
2978.0,2578.9211,Medium,Medium,Expect moderate delays and allow extra travel time.
1805.0,1771.2438,Low,Low,Traffic conditions are favorable.
1003.0,1268.8411,Low,Low,Traffic conditions are favorable.
673.0,773.6378,Low,Low,Traffic conditions are favorable.
483.0,555.37695,Low,Low,Traffic conditions are favorable.
319.0,500.32425,Low,Low,Traffic conditions are favorable.
383.0,425.24844,Low,Low,Traffic conditions are favorable.
694.0,688.17773,Low,Low,Traffic conditions are favorable.
1129.0,1390.0912,Low,Low,Traffic conditions are favorable.
1728.0,1867.1517,Low,Low,Traffic conditions are favorable.
2487.0,2599.0842,Medium,Medium,Expect moderate delays and allow extra travel time.
3046.0,3202.8206,Medium,Medium,Expect moderate delays and allow extra travel time.
3593.0,3746.4514,Medium,Medium,Expect moderate delays and allow extra travel time.
4092.0,4068.0576,Medium,Medium,Expect moderate delays and allow extra travel time.
4506.0,4466.417,Medium,Medium,Expect moderate delays and allow extra travel time.
4501.0,4551.0264,Medium,Medium,Expect moderate delays and allow extra travel time.
4857.0,4455.842,High,Medium,Expect moderate delays and allow extra travel time.
4519.0,4536.3823,Medium,Medium,Expect moderate delays and allow extra travel time.
4486.0,4678.9956,Medium,Medium,Expect moderate delays and allow extra travel time.
4536.0,4268.3784,Medium,Medium,Expect moderate delays and allow extra travel time.
3801.0,3907.13,Medium,Medium,Expect moderate delays and allow extra travel time.
3174.0,3142.6453,Medium,Medium,Expect moderate delays and allow extra travel time.
2556.0,2857.6912,Medium,Medium,Expect moderate delays and allow extra travel time.
2463.0,2875.7175,Medium,Medium,Expect moderate delays and allow extra travel time.
2801.0,2762.2563,Medium,Medium,Expect moderate delays and allow extra travel time.
2089.0,2244.33,Low,Low,Traffic conditions are favorable.
1053.0,1272.3818,Low,Low,Traffic conditions are favorable.
648.0,792.09235,Low,Low,Traffic conditions are favorable.
540.0,611.4627,Low,Low,Traffic conditions are favorable.
313.0,499.75928,Low,Low,Traffic conditions are favorable.
260.0,354.28363,Low,Low,Traffic conditions are favorable.
442.0,478.8127,Low,Low,Traffic conditions are favorable.
769.0,656.8155,Low,Low,Traffic conditions are favorable.
1024.0,1109.3132,Low,Low,Traffic conditions are favorable.
1695.0,1964.7277,Low,Low,Traffic conditions are favorable.
2516.0,2652.2603,Medium,Medium,Expect moderate delays and allow extra travel time.
3256.0,3303.2966,Medium,Medium,Expect moderate delays and allow extra travel time.
3670.0,3705.1282,Medium,Medium,Expect moderate delays and allow extra travel time.
4070.0,4044.35,Medium,Medium,Expect moderate delays and allow extra travel time.
4065.0,4036.21,Medium,Medium,Expect moderate delays and allow extra travel time.
4409.0,4039.3638,Medium,Medium,Expect moderate delays and allow extra travel time.
4082.0,4076.7893,Medium,Medium,Expect moderate delays and allow extra travel time.
4050.0,4187.8174,Medium,Medium,Expect moderate delays and allow extra travel time.
4099.0,3816.701,Medium,Medium,Expect moderate delays and allow extra travel time.
2780.0,2751.0742,Medium,Medium,Expect moderate delays and allow extra travel time.
2261.0,2424.178,Medium,Medium,Expect moderate delays and allow extra travel time.
1800.0,2347.7458,Low,Low,Traffic conditions are favorable.
1433.0,1851.9459,Low,Low,Traffic conditions are favorable.
1073.0,1148.9862,Low,Low,Traffic conditions are favorable.
455.0,574.8827,Low,Low,Traffic conditions are favorable.
289.0,341.5497,Low,Low,Traffic conditions are favorable.
220.0,275.71127,Low,Low,Traffic conditions are favorable.
361.0,297.75085,Low,Low,Traffic conditions are favorable.
820.0,759.7062,Low,Low,Traffic conditions are favorable.
2809.0,2442.0432,Medium,Medium,Expect moderate delays and allow extra travel time.
5189.0,5105.2075,High,High,Avoid peak hours or consider an alternative route.
6048.0,5500.541,High,High,Avoid peak hours or consider an alternative route.
5751.0,5069.1865,High,High,Avoid peak hours or consider an alternative route.
4138.0,3899.481,Medium,Medium,Expect moderate delays and allow extra travel time.
4512.0,4261.62,Medium,Medium,Expect moderate delays and allow extra travel time.
4786.0,4439.1367,High,Medium,Expect moderate delays and allow extra travel time.
4880.0,4841.991,High,High,Avoid peak hours or consider an alternative route.
5406.0,5241.612,High,High,Avoid peak hours or consider an alternative route.
6458.0,6087.701,High,High,Avoid peak hours or consider an alternative route.
5732.0,5543.2275,High,High,Avoid peak hours or consider an alternative route.
4446.0,3837.3206,Medium,Medium,Expect moderate delays and allow extra travel time.
2836.0,2622.6763,Medium,Medium,Expect moderate delays and allow extra travel time.
2416.0,2255.0554,Medium,Medium,Expect moderate delays and allow extra travel time.
2076.0,1973.8741,Low,Low,Traffic conditions are favorable.
1481.0,1487.7748,Low,Low,Traffic conditions are favorable.
948.0,828.78076,Low,Low,Traffic conditions are favorable.
560.0,542.9233,Low,Low,Traffic conditions are favorable.
342.0,307.38522,Low,Low,Traffic conditions are favorable.
239.0,247.92403,Low,Low,Traffic conditions are favorable.
334.0,331.12894,Low,Low,Traffic conditions are favorable.
832.0,810.801,Low,Low,Traffic conditions are favorable.
5674.0,5296.1914,High,High,Avoid peak hours or consider an alternative route.
6229.0,5623.9805,High,High,Avoid peak hours or consider an alternative route.
5965.0,5404.445,High,High,Avoid peak hours or consider an alternative route.
5124.0,4651.9487,High,High,Avoid peak hours or consider an alternative route.
4348.0,4307.622,Medium,Medium,Expect moderate delays and allow extra travel time.
4473.0,4459.743,Medium,Medium,Expect moderate delays and allow extra travel time.
5034.0,4658.741,High,High,Avoid peak hours or consider an alternative route.
4784.0,4774.013,High,High,Avoid peak hours or consider an alternative route.
5065.0,4924.632,High,High,Avoid peak hours or consider an alternative route.
5589.0,5317.4434,High,High,Avoid peak hours or consider an alternative route.
6559.0,6200.7944,High,High,Avoid peak hours or consider an alternative route.
6104.0,5712.4194,High,High,Avoid peak hours or consider an alternative route.
4405.0,4434.2515,Medium,Medium,Expect moderate delays and allow extra travel time.
3001.0,3138.6074,Medium,Medium,Expect moderate delays and allow extra travel time.
2604.0,2717.1553,Medium,Medium,Expect moderate delays and allow extra travel time.
2931.0,2509.6594,Medium,Medium,Expect moderate delays and allow extra travel time.
3488.0,1962.3704,Medium,Low,Traffic conditions are favorable.
1125.0,1106.5154,Low,Low,Traffic conditions are favorable.
583.0,670.3121,Low,Low,Traffic conditions are favorable.
327.0,455.68784,Low,Low,Traffic conditions are favorable.
270.0,389.34592,Low,Low,Traffic conditions are favorable.
336.0,348.6894,Low,Low,Traffic conditions are favorable.
336.0,351.67477,Low,Low,Traffic conditions are favorable.
887.0,888.04913,Low,Low,Traffic conditions are favorable.
887.0,887.09247,Low,Low,Traffic conditions are favorable.
2944.0,2816.006,Medium,Medium,Expect moderate delays and allow extra travel time.
2944.0,2816.548,Medium,Medium,Expect moderate delays and allow extra travel time.
5614.0,5512.978,High,High,Avoid peak hours or consider an alternative route.
5614.0,5513.015,High,High,Avoid peak hours or consider an alternative route.
6228.0,5920.0337,High,High,Avoid peak hours or consider an alternative route.
6228.0,5891.645,High,High,Avoid peak hours or consider an alternative route.
5842.0,5562.476,High,High,Avoid peak hours or consider an alternative route.
5842.0,5560.9775,High,High,Avoid peak hours or consider an alternative route.
5145.0,4921.0103,High,High,Avoid peak hours or consider an alternative route.
5145.0,4936.3306,High,High,Avoid peak hours or consider an alternative route.
4552.0,4471.7505,Medium,Medium,Expect moderate delays and allow extra travel time.
4552.0,4429.151,Medium,Medium,Expect moderate delays and allow extra travel time.
4623.0,4583.465,High,High,Avoid peak hours or consider an alternative route.
4926.0,4678.049,High,High,Avoid peak hours or consider an alternative route.
5315.0,5099.7383,High,High,Avoid peak hours or consider an alternative route.
5315.0,5091.589,High,High,Avoid peak hours or consider an alternative route.
5681.0,5546.9526,High,High,Avoid peak hours or consider an alternative route.
5681.0,5551.1724,High,High,Avoid peak hours or consider an alternative route.
6602.0,6308.099,High,High,Avoid peak hours or consider an alternative route.
6602.0,6318.838,High,High,Avoid peak hours or consider an alternative route.
6128.0,5835.0264,High,High,Avoid peak hours or consider an alternative route.
6128.0,5865.9595,High,High,Avoid peak hours or consider an alternative route.
4520.0,4422.089,Medium,Medium,Expect moderate delays and allow extra travel time.
4520.0,4413.264,Medium,Medium,Expect moderate delays and allow extra travel time.
2986.0,3229.5432,Medium,Medium,Expect moderate delays and allow extra travel time.
2642.0,2716.684,Medium,Medium,Expect moderate delays and allow extra travel time.
2642.0,2690.7646,Medium,Medium,Expect moderate delays and allow extra travel time.
2642.0,2681.084,Medium,Medium,Expect moderate delays and allow extra travel time.
2342.0,2505.585,Medium,Medium,Expect moderate delays and allow extra travel time.
2342.0,2531.455,Medium,Medium,Expect moderate delays and allow extra travel time.
2342.0,2515.2656,Medium,Medium,Expect moderate delays and allow extra travel time.
1596.0,1951.0404,Low,Low,Traffic conditions are favorable.
1596.0,2019.2933,Low,Low,Traffic conditions are favorable.
1596.0,1933.4619,Low,Low,Traffic conditions are favorable.
1115.0,1132.6393,Low,Low,Traffic conditions are favorable.
1115.0,1129.5172,Low,Low,Traffic conditions are favorable.
1115.0,1127.6608,Low,Low,Traffic conditions are favorable.
568.0,728.0881,Low,Low,Traffic conditions are favorable.
568.0,718.68756,Low,Low,Traffic conditions are favorable.
568.0,725.9563,Low,Low,Traffic conditions are favorable.
352.0,458.90222,Low,Low,Traffic conditions are favorable.
352.0,459.85886,Low,Low,Traffic conditions are favorable.
291.0,417.33032,Low,Low,Traffic conditions are favorable.
291.0,376.52097,Low,Low,Traffic conditions are favorable.
391.0,359.4994,Low,Low,Traffic conditions are favorable.
855.0,849.01556,Low,Low,Traffic conditions are favorable.
855.0,851.0443,Low,Low,Traffic conditions are favorable.
855.0,851.0443,Low,Low,Traffic conditions are favorable.
2869.0,2646.166,Medium,Medium,Expect moderate delays and allow extra travel time.
2869.0,2635.6963,Medium,Medium,Expect moderate delays and allow extra travel time.
4869.0,5288.4434,High,High,Avoid peak hours or consider an alternative route.
4869.0,5291.893,High,High,Avoid peak hours or consider an alternative route.
4869.0,5284.354,High,High,Avoid peak hours or consider an alternative route.
4601.0,5617.5615,High,High,Avoid peak hours or consider an alternative route.
4601.0,5987.702,High,High,Avoid peak hours or consider an alternative route.
4475.0,5209.2607,Medium,High,Avoid peak hours or consider an alternative route.
4475.0,5247.608,Medium,High,Avoid peak hours or consider an alternative route.
4021.0,4638.3394,Medium,High,Avoid peak hours or consider an alternative route.
3559.0,4269.853,Medium,Medium,Expect moderate delays and allow extra travel time.
3559.0,4262.026,Medium,Medium,Expect moderate delays and allow extra travel time.
3524.0,4514.392,Medium,Medium,Expect moderate delays and allow extra travel time.
3524.0,4393.342,Medium,Medium,Expect moderate delays and allow extra travel time.
3587.0,4684.4185,Medium,High,Avoid peak hours or consider an alternative route.
3587.0,4700.3374,Medium,High,Avoid peak hours or consider an alternative route.
3293.0,4246.0684,Medium,Medium,Expect moderate delays and allow extra travel time.
3293.0,4726.9907,Medium,High,Avoid peak hours or consider an alternative route.
3557.0,4580.484,Medium,High,Avoid peak hours or consider an alternative route.
3557.0,4902.143,Medium,High,Avoid peak hours or consider an alternative route.
4081.0,5397.653,Medium,High,Avoid peak hours or consider an alternative route.
4081.0,5329.99,Medium,High,Avoid peak hours or consider an alternative route.
4269.0,5898.3335,Medium,High,Avoid peak hours or consider an alternative route.
4178.0,5443.726,Medium,High,Avoid peak hours or consider an alternative route.
4178.0,5495.6514,Medium,High,Avoid peak hours or consider an alternative route.
3130.0,4350.946,Medium,Medium,Expect moderate delays and allow extra travel time.
2480.0,3244.7952,Medium,Medium,Expect moderate delays and allow extra travel time.
2251.0,3078.7976,Medium,Medium,Expect moderate delays and allow extra travel time.
2081.0,2738.6829,Low,Medium,Expect moderate delays and allow extra travel time.
1450.0,2419.2065,Low,Low,Traffic conditions are favorable.
949.0,1494.8771,Low,Low,Traffic conditions are favorable.
566.0,747.59125,Low,Low,Traffic conditions are favorable.
335.0,446.03162,Low,Low,Traffic conditions are favorable.
272.0,379.49768,Low,Low,Traffic conditions are favorable.
353.0,389.65625,Low,Low,Traffic conditions are favorable.
828.0,857.1711,Low,Low,Traffic conditions are favorable.
2728.0,2385.6663,Medium,Medium,Expect moderate delays and allow extra travel time.
4791.0,5105.9736,High,High,Avoid peak hours or consider an alternative route.
5517.0,5526.9756,High,High,Avoid peak hours or consider an alternative route.
4240.0,5272.001,Medium,High,Avoid peak hours or consider an alternative route.
4565.0,4756.7236,Medium,High,Avoid peak hours or consider an alternative route.
3988.0,4440.076,Medium,Medium,Expect moderate delays and allow extra travel time.
4440.0,4542.9395,Medium,High,Avoid peak hours or consider an alternative route.
4958.0,4839.868,High,High,Avoid peak hours or consider an alternative route.
4928.0,4839.868,High,High,Avoid peak hours or consider an alternative route.
5078.0,5113.0737,High,High,Avoid peak hours or consider an alternative route.
5560.0,5494.762,High,High,Avoid peak hours or consider an alternative route.
5779.0,5514.6353,High,High,Avoid peak hours or consider an alternative route.
4677.0,4655.441,High,High,Avoid peak hours or consider an alternative route.
3348.0,3141.3218,Medium,Medium,Expect moderate delays and allow extra travel time.
2690.0,2853.156,Medium,Medium,Expect moderate delays and allow extra travel time.
2573.0,2836.1033,Medium,Medium,Expect moderate delays and allow extra travel time.
2440.0,2617.4644,Medium,Medium,Expect moderate delays and allow extra travel time.
1654.0,1733.3969,Low,Low,Traffic conditions are favorable.
1032.0,1264.8345,Low,Low,Traffic conditions are favorable.
601.0,790.2498,Low,Low,Traffic conditions are favorable.
467.0,567.0914,Low,Low,Traffic conditions are favorable.
361.0,500.32425,Low,Low,Traffic conditions are favorable.
388.0,480.44208,Low,Low,Traffic conditions are favorable.
647.0,786.97455,Low,Low,Traffic conditions are favorable.
1175.0,1382.3169,Low,Low,Traffic conditions are favorable.
1720.0,1867.1517,Low,Low,Traffic conditions are favorable.
2582.0,2602.4177,Medium,Medium,Expect moderate delays and allow extra travel time.
3473.0,3202.764,Medium,Medium,Expect moderate delays and allow extra travel time.
3916.0,3698.7808,Medium,Medium,Expect moderate delays and allow extra travel time.
4155.0,4047.179,Medium,Medium,Expect moderate delays and allow extra travel time.
4379.0,4467.9976,Medium,Medium,Expect moderate delays and allow extra travel time.
4595.0,4485.308,High,Medium,Expect moderate delays and allow extra travel time.
4212.0,4465.8022,Medium,Medium,Expect moderate delays and allow extra travel time.
3941.0,4520.5566,Medium,Medium,Expect moderate delays and allow extra travel time.
3601.0,4575.07,Medium,Medium,Expect moderate delays and allow extra travel time.
3374.0,4192.2275,Medium,Medium,Expect moderate delays and allow extra travel time.
3141.0,3873.972,Medium,Medium,Expect moderate delays and allow extra travel time.
3479.0,3147.7798,Medium,Medium,Expect moderate delays and allow extra travel time.
3429.0,2861.3918,Medium,Medium,Expect moderate delays and allow extra travel time.
4055.0,2835.816,Medium,Medium,Expect moderate delays and allow extra travel time.
2990.0,2637.757,Medium,Medium,Expect moderate delays and allow extra travel time.
1872.0,2023.9116,Low,Low,Traffic conditions are favorable.
1210.0,1299.7388,Low,Low,Traffic conditions are favorable.
756.0,800.55615,Low,Low,Traffic conditions are favorable.
494.0,553.9671,Low,Low,Traffic conditions are favorable.
313.0,467.82776,Low,Low,Traffic conditions are favorable.
271.0,349.10553,Low,Low,Traffic conditions are favorable.
474.0,470.55603,Low,Low,Traffic conditions are favorable.
735.0,882.85596,Low,Low,Traffic conditions are favorable.
1880.0,1594.6163,Low,Low,Traffic conditions are favorable.
2567.0,2249.336,Medium,Medium,Expect moderate delays and allow extra travel time.
3338.0,2749.3015,Medium,Medium,Expect moderate delays and allow extra travel time.
3771.0,3316.117,Medium,Medium,Expect moderate delays and allow extra travel time.
3771.0,3230.2063,Medium,Medium,Expect moderate delays and allow extra travel time.
4175.0,3753.95,Medium,Medium,Expect moderate delays and allow extra travel time.
4175.0,3776.1274,Medium,Medium,Expect moderate delays and allow extra travel time.
4567.0,3809.2493,Medium,Medium,Expect moderate delays and allow extra travel time.
4567.0,3801.1003,Medium,Medium,Expect moderate delays and allow extra travel time.
3873.0,3709.947,Medium,Medium,Expect moderate delays and allow extra travel time.
3873.0,3929.5403,Medium,Medium,Expect moderate delays and allow extra travel time.
3383.0,3643.166,Medium,Medium,Expect moderate delays and allow extra travel time.
3383.0,3878.2434,Medium,Medium,Expect moderate delays and allow extra travel time.
2769.0,3748.2925,Medium,Medium,Expect moderate delays and allow extra travel time.
2769.0,3826.3713,Medium,Medium,Expect moderate delays and allow extra travel time.
2769.0,3716.4531,Medium,Medium,Expect moderate delays and allow extra travel time.
2357.0,3262.9407,Medium,Medium,Expect moderate delays and allow extra travel time.
2357.0,3596.9773,Medium,Medium,Expect moderate delays and allow extra travel time.
2357.0,3492.6694,Medium,Medium,Expect moderate delays and allow extra travel time.
1935.0,3198.86,Low,Medium,Expect moderate delays and allow extra travel time.
1935.0,3713.175,Low,Medium,Expect moderate delays and allow extra travel time.
1800.0,2330.0657,Low,Medium,Expect moderate delays and allow extra travel time.
1800.0,2445.5134,Low,Medium,Expect moderate delays and allow extra travel time.
2218.0,2011.6406,Medium,Medium,Expect moderate delays and allow extra travel time.
2264.0,2027.671,Medium,Low,Traffic conditions are favorable.
2264.0,2216.45,Medium,Low,Traffic conditions are favorable.
2292.0,1753.1494,Medium,Low,Traffic conditions are favorable.
2292.0,1857.2544,Medium,Low,Traffic conditions are favorable.
2292.0,1694.9119,Medium,Low,Traffic conditions are favorable.
979.0,1083.0874,Low,Low,Traffic conditions are favorable.
979.0,1084.7168,Low,Low,Traffic conditions are favorable.
600.0,617.90894,Low,Low,Traffic conditions are favorable.
600.0,629.62146,Low,Low,Traffic conditions are favorable.
600.0,669.69727,Low,Low,Traffic conditions are favorable.
341.0,327.0118,Low,Low,Traffic conditions are favorable.
341.0,336.79187,Low,Low,Traffic conditions are favorable.
269.0,267.5505,Low,Low,Traffic conditions are favorable.
269.0,278.0129,Low,Low,Traffic conditions are favorable.
347.0,276.8064,Low,Low,Traffic conditions are favorable.
347.0,273.22073,Low,Low,Traffic conditions are favorable.
775.0,714.8796,Low,Low,Traffic conditions are favorable.
775.0,703.59106,Low,Low,Traffic conditions are favorable.
2183.0,2208.6099,Low,Medium,Expect moderate delays and allow extra travel time.
2183.0,2223.908,Low,Medium,Expect moderate delays and allow extra travel time.
2183.0,2110.09,Low,Medium,Expect moderate delays and allow extra travel time.
3637.0,3540.274,Medium,Medium,Expect moderate delays and allow extra travel time.
3637.0,3641.6936,Medium,High,Avoid peak hours or consider an alternative route.
3651.0,3828.3757,Medium,Medium,Expect moderate delays and allow extra travel time.
3651.0,3901.3442,Medium,Medium,Expect moderate delays and allow extra travel time.
3651.0,3839.9653,Medium,Medium,Expect moderate delays and allow extra travel time.
3231.0,3515.4773,Medium,Medium,Expect moderate delays and allow extra travel time.
3231.0,3526.9888,Medium,Medium,Expect moderate delays and allow extra travel time.
3410.0,2735.3013,Medium,Medium,Expect moderate delays and allow extra travel time.
3410.0,2737.0613,Medium,Medium,Expect moderate delays and allow extra travel time.
3307.0,2333.666,Medium,Medium,Expect moderate delays and allow extra travel time.
3307.0,2335.426,Medium,Medium,Expect moderate delays and allow extra travel time.
3638.0,2550.2297,Medium,Medium,Expect moderate delays and allow extra travel time.
3970.0,3522.5266,Medium,Medium,Expect moderate delays and allow extra travel time.
3970.0,3524.3044,Medium,Medium,Expect moderate delays and allow extra travel time.
4207.0,3579.0322,Medium,Medium,Expect moderate delays and allow extra travel time.
4207.0,4339.5283,Medium,Medium,Expect moderate delays and allow extra travel time.
4440.0,3861.834,Medium,Medium,Expect moderate delays and allow extra travel time.
4414.0,4269.8833,Medium,Medium,Expect moderate delays and allow extra travel time.
4414.0,4306.4834,Medium,Medium,Expect moderate delays and allow extra travel time.
4800.0,4805.283,High,Medium,Expect moderate delays and allow extra travel time.
4800.0,4770.461,High,Medium,Expect moderate delays and allow extra travel time.
4437.0,4550.526,Medium,Medium,Expect moderate delays and allow extra travel time.
3528.0,3047.2795,Medium,Medium,Expect moderate delays and allow extra travel time.
2611.0,1920.536,Medium,Medium,Expect moderate delays and allow extra travel time.
2162.0,1445.4346,Low,Medium,Expect moderate delays and allow extra travel time.
1977.0,1246.0099,Low,Low,Traffic conditions are favorable.
1430.0,870.09076,Low,Low,Traffic conditions are favorable.
888.0,164.30745,Low,Low,Traffic conditions are favorable.
494.0,580.29956,Low,Low,Traffic conditions are favorable.
321.0,338.759,Low,Low,Traffic conditions are favorable.
255.0,205.24316,Low,Low,Traffic conditions are favorable.
354.0,213.58926,Low,Low,Traffic conditions are favorable.
872.0,646.10516,Low,Low,Traffic conditions are favorable.
2836.0,2038.6554,Medium,Medium,Expect moderate delays and allow extra travel time.
5254.0,4447.7725,High,High,Avoid peak hours or consider an alternative route.
5568.0,4984.4688,High,High,Avoid peak hours or consider an alternative route.
5066.0,4812.217,High,High,Avoid peak hours or consider an alternative route.
5045.0,4265.613,High,High,Avoid peak hours or consider an alternative route.
5045.0,4119.3706,High,Medium,Expect moderate delays and allow extra travel time.
4302.0,3717.3848,Medium,Medium,Expect moderate delays and allow extra travel time.
4332.0,4166.003,Medium,Medium,Expect moderate delays and allow extra travel time.
4332.0,4059.2722,Medium,Medium,Expect moderate delays and allow extra travel time.
4602.0,4433.8228,High,Medium,Expect moderate delays and allow extra travel time.
4608.0,4456.187,High,High,Avoid peak hours or consider an alternative route.
4625.0,4751.5757,High,High,Avoid peak hours or consider an alternative route.
5424.0,5115.1113,High,High,Avoid peak hours or consider an alternative route.
6186.0,5800.153,High,High,Avoid peak hours or consider an alternative route.
5809.0,5366.796,High,High,Avoid peak hours or consider an alternative route.
4066.0,4107.4653,Medium,Medium,Expect moderate delays and allow extra travel time.
2924.0,2807.1084,Medium,Medium,Expect moderate delays and allow extra travel time.
2574.0,2361.7524,Medium,Medium,Expect moderate delays and allow extra travel time.
2330.0,2281.134,Medium,Medium,Expect moderate delays and allow extra travel time.
1522.0,1735.2562,Low,Low,Traffic conditions are favorable.
977.0,1046.0135,Low,Low,Traffic conditions are favorable.
491.0,635.1874,Low,Low,Traffic conditions are favorable.
303.0,425.74838,Low,Low,Traffic conditions are favorable.
245.0,363.76865,Low,Low,Traffic conditions are favorable.
346.0,380.93475,Low,Low,Traffic conditions are favorable.
882.0,855.12445,Low,Low,Traffic conditions are favorable.
2856.0,2519.655,Medium,Medium,Expect moderate delays and allow extra travel time.
5351.0,5118.733,High,High,Avoid peak hours or consider an alternative route.
5684.0,5622.021,High,High,Avoid peak hours or consider an alternative route.
5345.0,5324.7217,High,High,Avoid peak hours or consider an alternative route.
4847.0,4711.117,High,High,Avoid peak hours or consider an alternative route.
4497.0,4464.532,Medium,Medium,Expect moderate delays and allow extra travel time.
4653.0,4704.7046,High,High,Avoid peak hours or consider an alternative route.
4917.0,4691.3047,High,High,Avoid peak hours or consider an alternative route.
5147.0,5035.3115,High,High,Avoid peak hours or consider an alternative route.
3271.0,5457.2734,Medium,High,Avoid peak hours or consider an alternative route.
5287.0,6152.1665,High,High,Avoid peak hours or consider an alternative route.
5676.0,5719.4053,High,High,Avoid peak hours or consider an alternative route.
4207.0,4396.9077,Medium,High,Avoid peak hours or consider an alternative route.
3080.0,3116.6262,Medium,Medium,Expect moderate delays and allow extra travel time.
2777.0,2745.0403,Medium,Medium,Expect moderate delays and allow extra travel time.
2278.0,2571.9126,Medium,Medium,Expect moderate delays and allow extra travel time.
1706.0,1989.1141,Low,Low,Traffic conditions are favorable.
2597.0,1093.2915,Medium,Low,Traffic conditions are favorable.
756.0,741.3691,Low,Low,Traffic conditions are favorable.
352.0,486.30035,Low,Low,Traffic conditions are favorable.
366.0,439.882,Low,Low,Traffic conditions are favorable.
883.0,913.91345,Low,Low,Traffic conditions are favorable.
2952.0,2825.3738,Medium,Medium,Expect moderate delays and allow extra travel time.
5369.0,5423.4404,High,High,Avoid peak hours or consider an alternative route.
5848.0,5905.3467,High,High,Avoid peak hours or consider an alternative route.
5751.0,5559.382,High,High,Avoid peak hours or consider an alternative route.
5143.0,4896.0005,High,High,Avoid peak hours or consider an alternative route.
4479.0,4577.3286,Medium,Medium,Expect moderate delays and allow extra travel time.
4706.0,4745.522,High,High,Avoid peak hours or consider an alternative route.
4872.0,5012.4946,High,High,Avoid peak hours or consider an alternative route.
4878.0,5010.996,High,High,Avoid peak hours or consider an alternative route.
5056.0,5290.41,High,High,Avoid peak hours or consider an alternative route.
5834.0,5752.9565,High,High,Avoid peak hours or consider an alternative route.
6527.0,6364.3125,High,High,Avoid peak hours or consider an alternative route.
6039.0,5885.437,High,High,Avoid peak hours or consider an alternative route.
4502.0,4592.71,Medium,High,Avoid peak hours or consider an alternative route.
3289.0,3531.1404,Medium,Medium,Expect moderate delays and allow extra travel time.
3096.0,2954.7573,Medium,Medium,Expect moderate delays and allow extra travel time.
2753.0,2874.8965,Medium,Medium,Expect moderate delays and allow extra travel time.
1797.0,2536.9858,Low,Medium,Expect moderate delays and allow extra travel time.
1188.0,1346.2743,Low,Low,Traffic conditions are favorable.
589.0,807.845,Low,Low,Traffic conditions are favorable.
333.0,498.10303,Low,Low,Traffic conditions are favorable.
283.0,419.9795,Low,Low,Traffic conditions are favorable.
373.0,422.65137,Low,Low,Traffic conditions are favorable.
886.0,836.18274,Low,Low,Traffic conditions are favorable.
2795.0,2508.2974,Medium,Medium,Expect moderate delays and allow extra travel time.
5340.0,5252.5254,High,High,Avoid peak hours or consider an alternative route.
6309.0,5790.68,High,High,Avoid peak hours or consider an alternative route.
5673.0,5428.2144,High,High,Avoid peak hours or consider an alternative route.
4948.0,4877.7646,High,High,Avoid peak hours or consider an alternative route.
4463.0,4622.3457,Medium,Medium,Expect moderate delays and allow extra travel time.
5218.0,5093.013,High,High,Avoid peak hours or consider an alternative route.
5101.0,5062.5293,High,High,Avoid peak hours or consider an alternative route.
5302.0,5339.3467,High,High,Avoid peak hours or consider an alternative route.
5810.0,5634.874,High,High,Avoid peak hours or consider an alternative route.
6305.0,6234.8936,High,High,Avoid peak hours or consider an alternative route.
5657.0,5935.087,High,High,Avoid peak hours or consider an alternative route.
4503.0,4652.8013,Medium,High,Avoid peak hours or consider an alternative route.
3516.0,3393.8782,Medium,Medium,Expect moderate delays and allow extra travel time.
3370.0,3036.3174,Medium,Medium,Expect moderate delays and allow extra travel time.
2819.0,2788.146,Medium,Medium,Expect moderate delays and allow extra travel time.
1179.0,1349.6763,Low,Low,Traffic conditions are favorable.
759.0,838.2679,Low,Low,Traffic conditions are favorable.
528.0,593.4561,Low,Low,Traffic conditions are favorable.
366.0,570.7514,Low,Low,Traffic conditions are favorable.
399.0,439.24506,Low,Low,Traffic conditions are favorable.
703.0,751.9124,Low,Low,Traffic conditions are favorable.
703.0,734.21893,Low,Low,Traffic conditions are favorable.
703.0,745.6923,Low,Low,Traffic conditions are favorable.
1307.0,1456.7496,Low,Low,Traffic conditions are favorable.
1307.0,1482.4574,Low,Low,Traffic conditions are favorable.
2838.0,2759.9082,Medium,Medium,Expect moderate delays and allow extra travel time.
3381.0,3407.7358,Medium,Medium,Expect moderate delays and allow extra travel time.
4033.0,3951.7021,Medium,Medium,Expect moderate delays and allow extra travel time.
4886.0,4666.705,High,High,Avoid peak hours or consider an alternative route.
4693.0,4660.284,High,High,Avoid peak hours or consider an alternative route.
4986.0,4666.0405,High,Medium,Expect moderate delays and allow extra travel time.
4757.0,4816.9683,High,High,Avoid peak hours or consider an alternative route.
4754.0,4513.3574,High,Medium,Expect moderate delays and allow extra travel time.
4530.0,4172.149,Medium,Medium,Expect moderate delays and allow extra travel time.
3497.0,3067.9648,Medium,Medium,Expect moderate delays and allow extra travel time.
3742.0,3032.511,Medium,Medium,Expect moderate delays and allow extra travel time.
3608.0,2853.1812,Medium,Medium,Expect moderate delays and allow extra travel time.
3427.0,2238.6033,Medium,Medium,Expect moderate delays and allow extra travel time.
1830.0,1411.4803,Low,Low,Traffic conditions are favorable.
1254.0,893.46643,Low,Low,Traffic conditions are favorable.
788.0,636.9108,Low,Low,Traffic conditions are favorable.
367.0,475.9728,Low,Low,Traffic conditions are favorable.
433.0,367.3282,Low,Low,Traffic conditions are favorable.
582.0,546.9878,Low,Low,Traffic conditions are favorable.
1070.0,869.07745,Low,Low,Traffic conditions are favorable.
1343.0,1084.7958,Low,Low,Traffic conditions are favorable.
2056.0,1903.1251,Low,Low,Traffic conditions are favorable.
2804.0,2746.167,Medium,Medium,Expect moderate delays and allow extra travel time.
3355.0,3385.247,Medium,Medium,Expect moderate delays and allow extra travel time.
3686.0,3796.1257,Medium,Medium,Expect moderate delays and allow extra travel time.
4247.0,4339.0454,Medium,Medium,Expect moderate delays and allow extra travel time.
4403.0,4328.2944,Medium,Medium,Expect moderate delays and allow extra travel time.
4261.0,4375.4536,Medium,Medium,Expect moderate delays and allow extra travel time.
4236.0,4466.9414,Medium,Medium,Expect moderate delays and allow extra travel time.
3791.0,4127.5137,Medium,Medium,Expect moderate delays and allow extra travel time.
2398.0,3598.5369,Medium,Medium,Expect moderate delays and allow extra travel time.
1992.0,2982.3767,Low,Medium,Expect moderate delays and allow extra travel time.
2566.0,2538.1208,Medium,Medium,Expect moderate delays and allow extra travel time.
2433.0,2436.6611,Medium,Medium,Expect moderate delays and allow extra travel time.
1481.0,1935.2787,Low,Low,Traffic conditions are favorable.
848.0,1211.0289,Low,Low,Traffic conditions are favorable.
486.0,688.0499,Low,Low,Traffic conditions are favorable.
337.0,402.9325,Low,Low,Traffic conditions are favorable.
254.0,342.77386,Low,Low,Traffic conditions are favorable.
325.0,404.88242,Low,Low,Traffic conditions are favorable.
897.0,798.6521,Low,Low,Traffic conditions are favorable.
2797.0,2490.2634,Medium,Medium,Expect moderate delays and allow extra travel time.
5109.0,5184.4434,High,High,Avoid peak hours or consider an alternative route.
5109.0,5158.1357,High,High,Avoid peak hours or consider an alternative route.
5250.0,5452.0474,High,High,Avoid peak hours or consider an alternative route.
4429.0,5033.617,Medium,High,Avoid peak hours or consider an alternative route.
3794.0,4493.5137,Medium,High,Avoid peak hours or consider an alternative route.
3351.0,3784.307,Medium,Medium,Expect moderate delays and allow extra travel time.
3351.0,3788.4116,Medium,Medium,Expect moderate delays and allow extra travel time.
3240.0,3839.929,Medium,Medium,Expect moderate delays and allow extra travel time.
3240.0,3892.5984,Medium,Medium,Expect moderate delays and allow extra travel time.
3240.0,3876.3433,Medium,Medium,Expect moderate delays and allow extra travel time.
3143.0,4057.1006,Medium,Medium,Expect moderate delays and allow extra travel time.
3143.0,3931.9834,Medium,Medium,Expect moderate delays and allow extra travel time.
3066.0,3883.58,Medium,Medium,Expect moderate delays and allow extra travel time.
3066.0,4260.5547,Medium,Medium,Expect moderate delays and allow extra travel time.
3066.0,4117.444,Medium,Medium,Expect moderate delays and allow extra travel time.
2846.0,4187.267,Medium,Medium,Expect moderate delays and allow extra travel time.
2846.0,4328.657,Medium,Medium,Expect moderate delays and allow extra travel time.
2132.0,4564.6904,Low,High,Avoid peak hours or consider an alternative route.
2132.0,4550.184,Low,Medium,Expect moderate delays and allow extra travel time.
1488.0,5138.542,Low,High,Avoid peak hours or consider an alternative route.
1488.0,5043.405,Low,Medium,Expect moderate delays and allow extra travel time.
1379.0,4824.9277,Low,High,Avoid peak hours or consider an alternative route.
1379.0,4860.1577,Low,Medium,Expect moderate delays and allow extra travel time.
1086.0,3297.698,Low,Medium,Expect moderate delays and allow extra travel time.
1086.0,3482.6626,Low,Medium,Expect moderate delays and allow extra travel time.
1086.0,3538.9998,Low,Medium,Expect moderate delays and allow extra travel time.
1291.0,2035.6901,Low,Medium,Expect moderate delays and allow extra travel time.
1291.0,2417.9392,Low,Medium,Expect moderate delays and allow extra travel time.
889.0,1941.7091,Low,Medium,Expect moderate delays and allow extra travel time.
889.0,1616.9138,Low,Medium,Expect moderate delays and allow extra travel time.
889.0,1998.5194,Low,Medium,Expect moderate delays and allow extra travel time.
1246.0,1781.5104,Low,Low,Traffic conditions are favorable.
1631.0,1309.9596,Low,Low,Traffic conditions are favorable.
1631.0,1295.7737,Low,Low,Traffic conditions are favorable.
570.0,752.62964,Low,Low,Traffic conditions are favorable.
570.0,683.065,Low,Low,Traffic conditions are favorable.
446.0,466.22437,Low,Low,Traffic conditions are favorable.
245.0,255.12738,Low,Low,Traffic conditions are favorable.
211.0,194.16766,Low,Low,Traffic conditions are favorable.
282.0,287.4253,Low,Low,Traffic conditions are favorable.
705.0,763.3999,Low,Low,Traffic conditions are favorable.
3674.0,5157.1836,Medium,High,Avoid peak hours or consider an alternative route.
3788.0,5322.4814,Medium,High,Avoid peak hours or consider an alternative route.
3196.0,5019.691,Medium,High,Avoid peak hours or consider an alternative route.
3337.0,4497.9834,Medium,High,Avoid peak hours or consider an alternative route.
3237.0,4072.2925,Medium,Medium,Expect moderate delays and allow extra travel time.
3299.0,4213.238,Medium,Medium,Expect moderate delays and allow extra travel time.
3506.0,4458.441,Medium,High,Avoid peak hours or consider an alternative route.
3670.0,4598.824,Medium,High,Avoid peak hours or consider an alternative route.
4001.0,4820.2905,Medium,High,Avoid peak hours or consider an alternative route.
4287.0,5338.3296,Medium,High,Avoid peak hours or consider an alternative route.
5068.0,5992.182,High,High,Avoid peak hours or consider an alternative route.
4650.0,5505.864,High,High,Avoid peak hours or consider an alternative route.
3467.0,4290.4854,Medium,Medium,Expect moderate delays and allow extra travel time.
2652.0,2740.925,Medium,Medium,Expect moderate delays and allow extra travel time.
2279.0,2438.8242,Medium,Medium,Expect moderate delays and allow extra travel time.
2175.0,2373.9673,Low,Medium,Expect moderate delays and allow extra travel time.
1412.0,1822.8334,Low,Low,Traffic conditions are favorable.
979.0,910.96094,Low,Low,Traffic conditions are favorable.
512.0,627.8105,Low,Low,Traffic conditions are favorable.
350.0,416.24182,Low,Low,Traffic conditions are favorable.
235.0,346.41745,Low,Low,Traffic conditions are favorable.
373.0,353.7528,Low,Low,Traffic conditions are favorable.
2915.0,2426.4487,Medium,Medium,Expect moderate delays and allow extra travel time.
5445.0,4971.3037,High,High,Avoid peak hours or consider an alternative route.
5866.0,5460.8955,High,High,Avoid peak hours or consider an alternative route.
5625.0,5166.158,High,High,Avoid peak hours or consider an alternative route.
5153.0,4650.7124,High,High,Avoid peak hours or consider an alternative route.
4359.0,4209.7964,Medium,Medium,Expect moderate delays and allow extra travel time.
4510.0,4417.178,Medium,Medium,Expect moderate delays and allow extra travel time.
4704.0,4615.7026,High,High,Avoid peak hours or consider an alternative route.
4672.0,4675.1914,High,High,Avoid peak hours or consider an alternative route.
4878.0,4970.9956,High,High,Avoid peak hours or consider an alternative route.
5570.0,5350.758,High,High,Avoid peak hours or consider an alternative route.
6395.0,6155.0903,High,High,Avoid peak hours or consider an alternative route.
5836.0,5593.81,High,High,Avoid peak hours or consider an alternative route.
4270.0,4259.5566,Medium,Medium,Expect moderate delays and allow extra travel time.
3104.0,2966.5437,Medium,Medium,Expect moderate delays and allow extra travel time.
2567.0,2428.8193,Medium,Medium,Expect moderate delays and allow extra travel time.
2254.0,1856.5177,Medium,Low,Traffic conditions are favorable.
1074.0,1053.8643,Low,Low,Traffic conditions are favorable.
1074.0,1096.5267,Low,Low,Traffic conditions are favorable.
578.0,688.7057,Low,Low,Traffic conditions are favorable.
578.0,688.7057,Low,Low,Traffic conditions are favorable.
345.0,427.88495,Low,Low,Traffic conditions are favorable.
265.0,372.52573,Low,Low,Traffic conditions are favorable.
398.0,381.3036,Low,Low,Traffic conditions are favorable.
929.0,849.6445,Low,Low,Traffic conditions are favorable.
2932.0,2818.024,Medium,Medium,Expect moderate delays and allow extra travel time.
5498.0,5291.2295,High,High,Avoid peak hours or consider an alternative route.
5498.0,5327.45,High,High,Avoid peak hours or consider an alternative route.
5702.0,5898.881,High,High,Avoid peak hours or consider an alternative route.
5702.0,5825.873,High,High,Avoid peak hours or consider an alternative route.
5616.0,5416.644,High,High,Avoid peak hours or consider an alternative route.
5616.0,5457.2793,High,High,Avoid peak hours or consider an alternative route.
5177.0,4865.6934,High,High,Avoid peak hours or consider an alternative route.
5177.0,4845.2954,High,High,Avoid peak hours or consider an alternative route.
4525.0,4413.23,Medium,Medium,Expect moderate delays and allow extra travel time.
4525.0,4459.9224,Medium,Medium,Expect moderate delays and allow extra travel time.
4529.0,4585.4893,Medium,High,Avoid peak hours or consider an alternative route.
4529.0,4594.5786,Medium,High,Avoid peak hours or consider an alternative route.
4646.0,4886.23,High,High,Avoid peak hours or consider an alternative route.
4646.0,4867.084,High,High,Avoid peak hours or consider an alternative route.
4866.0,4878.0806,High,High,Avoid peak hours or consider an alternative route.
5152.0,5175.247,High,High,Avoid peak hours or consider an alternative route.
5720.0,5549.3647,High,High,Avoid peak hours or consider an alternative route.
5720.0,5724.5254,High,High,Avoid peak hours or consider an alternative route.
6669.0,6070.1094,High,High,Avoid peak hours or consider an alternative route.
5883.0,5655.8057,High,High,Avoid peak hours or consider an alternative route.
5883.0,5689.8525,High,High,Avoid peak hours or consider an alternative route.
4449.0,4587.9316,Medium,High,Avoid peak hours or consider an alternative route.
4449.0,4413.868,Medium,Medium,Expect moderate delays and allow extra travel time.
3637.0,3198.3271,Medium,Medium,Expect moderate delays and allow extra travel time.
3637.0,3227.1284,Medium,Medium,Expect moderate delays and allow extra travel time.
3637.0,3227.1284,Medium,Medium,Expect moderate delays and allow extra travel time.
3009.0,2858.1597,Medium,Medium,Expect moderate delays and allow extra travel time.
3009.0,2867.134,Medium,Medium,Expect moderate delays and allow extra travel time.
2817.0,2838.9924,Medium,Medium,Expect moderate delays and allow extra travel time.
2817.0,2850.458,Medium,Medium,Expect moderate delays and allow extra travel time.
2817.0,2850.458,Medium,Medium,Expect moderate delays and allow extra travel time.
2047.0,2525.8618,Low,Medium,Expect moderate delays and allow extra travel time.
2047.0,2542.4744,Low,Low,Traffic conditions are favorable.
1216.0,1421.1218,Low,Low,Traffic conditions are favorable.
1216.0,1419.8529,Low,Low,Traffic conditions are favorable.
893.0,808.80164,Low,Low,Traffic conditions are favorable.
893.0,806.71246,Low,Low,Traffic conditions are favorable.
553.0,517.3807,Low,Low,Traffic conditions are favorable.
553.0,517.99396,Low,Low,Traffic conditions are favorable.
421.0,441.3689,Low,Low,Traffic conditions are favorable.
421.0,440.30783,Low,Low,Traffic conditions are favorable.
480.0,432.4599,Low,Low,Traffic conditions are favorable.
986.0,845.70953,Low,Low,Traffic conditions are favorable.
2821.0,2440.803,Medium,Medium,Expect moderate delays and allow extra travel time.
5179.0,5293.287,High,High,Avoid peak hours or consider an alternative route.
6059.0,5930.9624,High,High,Avoid peak hours or consider an alternative route.
4939.0,4865.824,High,High,Avoid peak hours or consider an alternative route.
4693.0,4615.381,High,High,Avoid peak hours or consider an alternative route.
5029.0,4751.1436,High,High,Avoid peak hours or consider an alternative route.
5401.0,5071.5215,High,High,Avoid peak hours or consider an alternative route.
5380.0,5071.5215,High,High,Avoid peak hours or consider an alternative route.
5464.0,5338.076,High,High,Avoid peak hours or consider an alternative route.
5810.0,5738.1484,High,High,Avoid peak hours or consider an alternative route.
6561.0,6147.666,High,High,Avoid peak hours or consider an alternative route.
5829.0,5859.7583,High,High,Avoid peak hours or consider an alternative route.
4811.0,4659.8276,High,High,Avoid peak hours or consider an alternative route.
3638.0,3503.9126,Medium,Medium,Expect moderate delays and allow extra travel time.
3465.0,3088.1797,Medium,Medium,Expect moderate delays and allow extra travel time.
3215.0,3048.5693,Medium,Medium,Expect moderate delays and allow extra travel time.
2637.0,2857.6772,Medium,Medium,Expect moderate delays and allow extra travel time.
1841.0,2048.0667,Low,Low,Traffic conditions are favorable.
1121.0,1334.1396,Low,Low,Traffic conditions are favorable.
672.0,828.0452,Low,Low,Traffic conditions are favorable.
476.0,517.5623,Low,Low,Traffic conditions are favorable.
373.0,567.19293,Low,Low,Traffic conditions are favorable.
449.0,480.10492,Low,Low,Traffic conditions are favorable.
753.0,734.2275,Low,Low,Traffic conditions are favorable.
1378.0,1479.2887,Low,Low,Traffic conditions are favorable.
2158.0,2008.6154,Low,Low,Traffic conditions are favorable.
2848.0,2735.801,Medium,Medium,Expect moderate delays and allow extra travel time.
3629.0,3391.4214,Medium,Medium,Expect moderate delays and allow extra travel time.
4325.0,3924.7532,Medium,Medium,Expect moderate delays and allow extra travel time.
5344.0,4645.49,High,Medium,Expect moderate delays and allow extra travel time.
5304.0,4603.8623,High,Medium,Expect moderate delays and allow extra travel time.
5132.0,4658.2505,High,High,Avoid peak hours or consider an alternative route.
5407.0,4658.849,High,High,Avoid peak hours or consider an alternative route.
5460.0,4725.217,High,High,Avoid peak hours or consider an alternative route.
5182.0,4407.254,High,Medium,Expect moderate delays and allow extra travel time.
5052.0,4116.5947,High,Medium,Expect moderate delays and allow extra travel time.
4090.0,3357.8103,Medium,Medium,Expect moderate delays and allow extra travel time.
3584.0,3036.6626,Medium,Medium,Expect moderate delays and allow extra travel time.
3350.0,2980.9536,Medium,Medium,Expect moderate delays and allow extra travel time.
3070.0,2762.353,Medium,Medium,Expect moderate delays and allow extra travel time.
2033.0,2205.4463,Low,Low,Traffic conditions are favorable.
1260.0,1356.2845,Low,Low,Traffic conditions are favorable.
791.0,853.8176,Low,Low,Traffic conditions are favorable.
653.0,555.4301,Low,Low,Traffic conditions are favorable.
444.0,495.30725,Low,Low,Traffic conditions are favorable.
395.0,319.26636,Low,Low,Traffic conditions are favorable.
643.0,516.51135,Low,Low,Traffic conditions are favorable.
1058.0,729.9999,Low,Low,Traffic conditions are favorable.
1666.0,1044.503,Low,Low,Traffic conditions are favorable.
2314.0,1751.3433,Medium,Low,Traffic conditions are favorable.
3024.0,2526.9058,Medium,Medium,Expect moderate delays and allow extra travel time.
3564.0,3046.5981,Medium,Medium,Expect moderate delays and allow extra travel time.
4065.0,3485.8777,Medium,Medium,Expect moderate delays and allow extra travel time.
4506.0,3970.6702,Medium,Medium,Expect moderate delays and allow extra travel time.
4506.0,4307.5864,Medium,Medium,Expect moderate delays and allow extra travel time.
4784.0,3896.5676,High,Medium,Expect moderate delays and allow extra travel time.
4895.0,3891.5725,High,Medium,Expect moderate delays and allow extra travel time.
4801.0,3920.4817,High,Medium,Expect moderate delays and allow extra travel time.
4716.0,3973.3486,High,Medium,Expect moderate delays and allow extra travel time.
4535.0,3650.2112,Medium,Medium,Expect moderate delays and allow extra travel time.
3849.0,3226.3694,Medium,Medium,Expect moderate delays and allow extra travel time.
3221.0,2690.5444,Medium,Medium,Expect moderate delays and allow extra travel time.
2554.0,2347.7893,Medium,Medium,Expect moderate delays and allow extra travel time.
2082.0,2308.0159,Low,Low,Traffic conditions are favorable.
1433.0,1749.3982,Low,Low,Traffic conditions are favorable.
877.0,1125.682,Low,Low,Traffic conditions are favorable.
482.0,493.79446,Low,Low,Traffic conditions are favorable.
335.0,282.22598,Low,Low,Traffic conditions are favorable.
230.0,217.88614,Low,Low,Traffic conditions are favorable.
353.0,249.89568,Low,Low,Traffic conditions are favorable.
888.0,711.3737,Low,Low,Traffic conditions are favorable.
2837.0,2574.3513,Medium,Medium,Expect moderate delays and allow extra travel time.
5488.0,4333.861,High,High,Avoid peak hours or consider an alternative route.
6362.0,4132.585,High,High,Avoid peak hours or consider an alternative route.
5438.0,4237.864,High,High,Avoid peak hours or consider an alternative route.
4715.0,2985.363,High,Medium,Expect moderate delays and allow extra travel time.
4287.0,3243.0962,Medium,Medium,Expect moderate delays and allow extra travel time.
4409.0,3941.3577,Medium,Medium,Expect moderate delays and allow extra travel time.
4725.0,4169.549,High,Medium,Expect moderate delays and allow extra travel time.
4578.0,4162.346,High,Medium,Expect moderate delays and allow extra travel time.
5030.0,4489.402,High,Medium,Expect moderate delays and allow extra travel time.
5527.0,4892.2646,High,High,Avoid peak hours or consider an alternative route.
6285.0,5369.641,High,High,Avoid peak hours or consider an alternative route.
6023.0,5144.062,High,High,Avoid peak hours or consider an alternative route.
4286.0,3691.7217,Medium,Medium,Expect moderate delays and allow extra travel time.
3448.0,2495.5593,Medium,Medium,Expect moderate delays and allow extra travel time.
2957.0,2089.943,Medium,Medium,Expect moderate delays and allow extra travel time.
2657.0,2113.592,Medium,Low,Traffic conditions are favorable.
1955.0,1525.0101,Low,Low,Traffic conditions are favorable.
1185.0,886.1046,Low,Low,Traffic conditions are favorable.
588.0,545.47375,Low,Low,Traffic conditions are favorable.
330.0,262.0268,Low,Low,Traffic conditions are favorable.
249.0,204.81918,Low,Low,Traffic conditions are favorable.
910.0,700.39386,Low,Low,Traffic conditions are favorable.
5585.0,4860.7744,High,High,Avoid peak hours or consider an alternative route.
6405.0,5184.925,High,High,Avoid peak hours or consider an alternative route.
4462.0,4424.543,Medium,High,Avoid peak hours or consider an alternative route.
4388.0,4179.139,Medium,Medium,Expect moderate delays and allow extra travel time.
4432.0,4146.521,Medium,Medium,Expect moderate delays and allow extra travel time.
4783.0,4367.118,High,Medium,Expect moderate delays and allow extra travel time.
5195.0,4762.3687,High,High,Avoid peak hours or consider an alternative route.
5701.0,5197.0376,High,High,Avoid peak hours or consider an alternative route.
6838.0,5945.333,High,High,Avoid peak hours or consider an alternative route.
5944.0,5494.395,High,High,Avoid peak hours or consider an alternative route.
4589.0,4203.831,High,Medium,Expect moderate delays and allow extra travel time.
3090.0,2901.724,Medium,Medium,Expect moderate delays and allow extra travel time.
2885.0,2628.4868,Medium,Medium,Expect moderate delays and allow extra travel time.
2490.0,2378.5715,Medium,Medium,Expect moderate delays and allow extra travel time.
2261.0,1851.2549,Medium,Low,Traffic conditions are favorable.
1430.0,989.6464,Low,Low,Traffic conditions are favorable.
628.0,655.8946,Low,Low,Traffic conditions are favorable.
381.0,389.32556,Low,Low,Traffic conditions are favorable.
376.0,289.08997,Low,Low,Traffic conditions are favorable.
376.0,295.02393,Low,Low,Traffic conditions are favorable.
982.0,764.3407,Low,Low,Traffic conditions are favorable.
982.0,818.7884,Low,Low,Traffic conditions are favorable.
2534.0,2642.251,Medium,Medium,Expect moderate delays and allow extra travel time.
2534.0,2646.6572,Medium,Medium,Expect moderate delays and allow extra travel time.
5081.0,5381.168,High,High,Avoid peak hours or consider an alternative route.
5675.0,5887.2925,High,High,Avoid peak hours or consider an alternative route.
5155.0,5483.7695,High,High,Avoid peak hours or consider an alternative route.
4379.0,4513.5215,Medium,Medium,Expect moderate delays and allow extra travel time.
4546.0,4587.069,Medium,High,Avoid peak hours or consider an alternative route.
4885.0,4741.1904,High,High,Avoid peak hours or consider an alternative route.
5021.0,4751.891,High,High,Avoid peak hours or consider an alternative route.
5941.0,5436.407,High,High,Avoid peak hours or consider an alternative route.
6818.0,6278.3735,High,High,Avoid peak hours or consider an alternative route.
6351.0,5701.88,High,High,Avoid peak hours or consider an alternative route.
4559.0,4402.865,Medium,Medium,Expect moderate delays and allow extra travel time.
3400.0,2994.9385,Medium,Medium,Expect moderate delays and allow extra travel time.
2856.0,2734.6182,Medium,Medium,Expect moderate delays and allow extra travel time.
2856.0,2593.4143,Medium,Medium,Expect moderate delays and allow extra travel time.
2564.0,2456.0552,Medium,Medium,Expect moderate delays and allow extra travel time.
1739.0,1839.5857,Low,Low,Traffic conditions are favorable.
1402.0,1061.3336,Low,Low,Traffic conditions are favorable.
716.0,731.3756,Low,Low,Traffic conditions are favorable.
363.0,483.6232,Low,Low,Traffic conditions are favorable.
285.0,443.13657,Low,Low,Traffic conditions are favorable.
936.0,886.83203,Low,Low,Traffic conditions are favorable.
2861.0,2603.5715,Medium,Medium,Expect moderate delays and allow extra travel time.
5410.0,5336.6406,High,High,Avoid peak hours or consider an alternative route.
6303.0,5927.2456,High,High,Avoid peak hours or consider an alternative route.
5332.0,5584.984,High,High,Avoid peak hours or consider an alternative route.
5000.0,5132.3193,High,High,Avoid peak hours or consider an alternative route.
4438.0,4624.0083,Medium,Medium,Expect moderate delays and allow extra travel time.
4717.0,4746.7466,High,High,Avoid peak hours or consider an alternative route.
4843.0,4919.4263,High,High,Avoid peak hours or consider an alternative route.
5099.0,4941.7793,High,High,Avoid peak hours or consider an alternative route.
5402.0,5282.222,High,High,Avoid peak hours or consider an alternative route.
5961.0,5699.901,High,High,Avoid peak hours or consider an alternative route.
6636.0,6304.1353,High,High,Avoid peak hours or consider an alternative route.
6375.0,5763.1475,High,High,Avoid peak hours or consider an alternative route.
4723.0,4478.0723,High,High,Avoid peak hours or consider an alternative route.
3595.0,3335.4727,Medium,Medium,Expect moderate delays and allow extra travel time.
3133.0,2982.3826,Medium,Medium,Expect moderate delays and allow extra travel time.
2165.0,2516.3616,Low,Medium,Expect moderate delays and allow extra travel time.
926.0,781.3527,Low,Low,Traffic conditions are favorable.
521.0,520.69,Low,Low,Traffic conditions are favorable.
439.0,423.41772,Low,Low,Traffic conditions are favorable.
922.0,828.2161,Low,Low,Traffic conditions are favorable.
5041.0,5207.3506,High,High,Avoid peak hours or consider an alternative route.
5843.0,5832.6294,High,High,Avoid peak hours or consider an alternative route.
5149.0,5682.926,High,High,Avoid peak hours or consider an alternative route.
4963.0,4894.619,High,High,Avoid peak hours or consider an alternative route.
4379.0,4697.2075,Medium,Medium,Expect moderate delays and allow extra travel time.
4932.0,4764.984,High,High,Avoid peak hours or consider an alternative route.
5104.0,4944.519,High,High,Avoid peak hours or consider an alternative route.
5378.0,4986.0176,High,High,Avoid peak hours or consider an alternative route.
5487.0,5382.2803,High,High,Avoid peak hours or consider an alternative route.
6080.0,5662.2246,High,High,Avoid peak hours or consider an alternative route.
4691.0,4306.91,High,Medium,Expect moderate delays and allow extra travel time.
3790.0,3147.3188,Medium,Medium,Expect moderate delays and allow extra travel time.
3818.0,2825.5486,Medium,Medium,Expect moderate delays and allow extra travel time.
3788.0,2648.0215,Medium,Medium,Expect moderate delays and allow extra travel time.
2020.0,1841.0868,Low,Low,Traffic conditions are favorable.
1368.0,1217.7959,Low,Low,Traffic conditions are favorable.
926.0,720.2774,Low,Low,Traffic conditions are favorable.
631.0,586.44574,Low,Low,Traffic conditions are favorable.
471.0,567.68427,Low,Low,Traffic conditions are favorable.
519.0,475.45413,Low,Low,Traffic conditions are favorable.
783.0,764.08826,Low,Low,Traffic conditions are favorable.
1320.0,1519.7394,Low,Low,Traffic conditions are favorable.
1839.0,1987.9374,Low,Low,Traffic conditions are favorable.
2552.0,2679.2925,Medium,Medium,Expect moderate delays and allow extra travel time.
2552.0,2687.1191,Medium,Medium,Expect moderate delays and allow extra travel time.
2552.0,2661.628,Medium,Medium,Expect moderate delays and allow extra travel time.
3168.0,3324.5522,Medium,Medium,Expect moderate delays and allow extra travel time.
3168.0,3346.7297,Medium,Medium,Expect moderate delays and allow extra travel time.
3572.0,3829.671,Medium,Medium,Expect moderate delays and allow extra travel time.
3572.0,3821.8442,Medium,Medium,Expect moderate delays and allow extra travel time.
3838.0,4167.8945,Medium,Medium,Expect moderate delays and allow extra travel time.
3838.0,4164.984,Medium,Medium,Expect moderate delays and allow extra travel time.
3924.0,4622.7383,Medium,Medium,Expect moderate delays and allow extra travel time.
3924.0,4583.692,Medium,Medium,Expect moderate delays and allow extra travel time.
3562.0,4358.5054,Medium,High,Avoid peak hours or consider an alternative route.
3572.0,4602.4814,Medium,Medium,Expect moderate delays and allow extra travel time.
3716.0,4646.6567,Medium,High,Avoid peak hours or consider an alternative route.
3716.0,4635.4536,Medium,High,Avoid peak hours or consider an alternative route.
3752.0,4651.994,Medium,High,Avoid peak hours or consider an alternative route.
3752.0,4679.84,Medium,High,Avoid peak hours or consider an alternative route.
3752.0,4701.17,Medium,High,Avoid peak hours or consider an alternative route.
3652.0,4359.0537,Medium,Medium,Expect moderate delays and allow extra travel time.
3652.0,4351.6987,Medium,Medium,Expect moderate delays and allow extra travel time.
3763.0,4003.9773,Medium,Medium,Expect moderate delays and allow extra travel time.
3301.0,3289.4666,Medium,Medium,Expect moderate delays and allow extra travel time.
2632.0,3007.448,Medium,Medium,Expect moderate delays and allow extra travel time.
2454.0,2962.0862,Medium,Medium,Expect moderate delays and allow extra travel time.
2454.0,2965.0286,Medium,Medium,Expect moderate delays and allow extra travel time.
2892.0,2649.7615,Medium,Medium,Expect moderate delays and allow extra travel time.
2892.0,2690.5383,Medium,Medium,Expect moderate delays and allow extra travel time.
2935.0,2056.0222,Medium,Low,Traffic conditions are favorable.
2935.0,2043.9783,Medium,Low,Traffic conditions are favorable.
1536.0,1343.5156,Low,Low,Traffic conditions are favorable.
1536.0,1259.6049,Low,Low,Traffic conditions are favorable.
1536.0,1343.5156,Low,Low,Traffic conditions are favorable.
986.0,891.79675,Low,Low,Traffic conditions are favorable.
986.0,885.1121,Low,Low,Traffic conditions are favorable.
986.0,847.6389,Low,Low,Traffic conditions are favorable.
670.0,647.8505,Low,Low,Traffic conditions are favorable.
524.0,378.67648,Low,Low,Traffic conditions are favorable.
648.0,532.8377,Low,Low,Traffic conditions are favorable.
1046.0,950.18726,Low,Low,Traffic conditions are favorable.
1320.0,1443.0525,Low,Low,Traffic conditions are favorable.
1857.0,2097.194,Low,Low,Traffic conditions are favorable.
2449.0,2848.518,Medium,Medium,Expect moderate delays and allow extra travel time.
3225.0,3463.0989,Medium,Medium,Expect moderate delays and allow extra travel time.
3452.0,3763.7446,Medium,Medium,Expect moderate delays and allow extra travel time.
3735.0,4074.0798,Medium,Medium,Expect moderate delays and allow extra travel time.
3801.0,4074.0798,Medium,Medium,Expect moderate delays and allow extra travel time.
3686.0,4027.202,Medium,Medium,Expect moderate delays and allow extra travel time.
3508.0,4124.223,Medium,Medium,Expect moderate delays and allow extra travel time.
3630.0,4212.2915,Medium,Medium,Expect moderate delays and allow extra travel time.
2975.0,3874.7773,Medium,Medium,Expect moderate delays and allow extra travel time.
2052.0,3424.299,Low,Medium,Expect moderate delays and allow extra travel time.
1720.0,2779.0867,Low,Medium,Expect moderate delays and allow extra travel time.
1855.0,2478.8462,Low,Medium,Expect moderate delays and allow extra travel time.
2438.0,2375.8774,Medium,Medium,Expect moderate delays and allow extra travel time.
2382.0,1858.9728,Medium,Low,Traffic conditions are favorable.
1321.0,1284.9451,Low,Low,Traffic conditions are favorable.
836.0,474.53796,Low,Low,Traffic conditions are favorable.
505.0,217.20595,Low,Low,Traffic conditions are favorable.
411.0,168.04134,Low,Low,Traffic conditions are favorable.
429.0,219.38548,Low,Low,Traffic conditions are favorable.
925.0,649.8555,Low,Low,Traffic conditions are favorable.
4846.0,4275.138,High,High,Avoid peak hours or consider an alternative route.
6026.0,4643.6816,High,High,Avoid peak hours or consider an alternative route.
6048.0,4072.1206,High,High,Avoid peak hours or consider an alternative route.
4893.0,3532.7668,High,High,Avoid peak hours or consider an alternative route.
4124.0,3523.5215,Medium,Medium,Expect moderate delays and allow extra travel time.
4470.0,2956.3445,Medium,Medium,Expect moderate delays and allow extra travel time.
4450.0,4155.036,Medium,Medium,Expect moderate delays and allow extra travel time.
4303.0,4208.9146,Medium,Medium,Expect moderate delays and allow extra travel time.
4884.0,4944.701,High,High,Avoid peak hours or consider an alternative route.
5441.0,5516.3916,High,High,Avoid peak hours or consider an alternative route.
5441.0,5246.6274,High,High,Avoid peak hours or consider an alternative route.
6091.0,5707.7,High,High,Avoid peak hours or consider an alternative route.
6091.0,5707.7,High,High,Avoid peak hours or consider an alternative route.
5912.0,5478.88,High,High,Avoid peak hours or consider an alternative route.
4263.0,4124.8047,Medium,Medium,Expect moderate delays and allow extra travel time.
3098.0,2954.0273,Medium,Medium,Expect moderate delays and allow extra travel time.
2587.0,2530.1326,Medium,Medium,Expect moderate delays and allow extra travel time.
2136.0,2429.174,Low,Low,Traffic conditions are favorable.
1459.0,1826.0867,Low,Low,Traffic conditions are favorable.
887.0,1107.0983,Low,Low,Traffic conditions are favorable.
334.0,331.42447,Low,Low,Traffic conditions are favorable.
237.0,267.0845,Low,Low,Traffic conditions are favorable.
339.0,290.5432,Low,Low,Traffic conditions are favorable.
850.0,746.1445,Low,Low,Traffic conditions are favorable.
2801.0,2861.655,Medium,Medium,Expect moderate delays and allow extra travel time.
5434.0,5018.889,High,High,Avoid peak hours or consider an alternative route.
6067.0,5635.9854,High,High,Avoid peak hours or consider an alternative route.
5009.0,5256.295,High,High,Avoid peak hours or consider an alternative route.
5190.0,4637.4507,High,High,Avoid peak hours or consider an alternative route.
4290.0,4353.3843,Medium,Medium,Expect moderate delays and allow extra travel time.
4309.0,4465.7124,Medium,Medium,Expect moderate delays and allow extra travel time.
4741.0,4688.7925,High,High,Avoid peak hours or consider an alternative route.
4621.0,4726.924,High,High,Avoid peak hours or consider an alternative route.
4987.0,5074.6577,High,High,Avoid peak hours or consider an alternative route.
5710.0,5364.5776,High,High,Avoid peak hours or consider an alternative route.
6770.0,6172.5063,High,High,Avoid peak hours or consider an alternative route.
6207.0,5687.903,High,High,Avoid peak hours or consider an alternative route.
4612.0,4621.7285,High,High,Avoid peak hours or consider an alternative route.
3217.0,3047.8777,Medium,Medium,Expect moderate delays and allow extra travel time.
2634.0,2737.8484,Medium,Medium,Expect moderate delays and allow extra travel time.
2407.0,2543.7588,Medium,Medium,Expect moderate delays and allow extra travel time.
1652.0,1859.6102,Low,Low,Traffic conditions are favorable.
1120.0,1070.8923,Low,Low,Traffic conditions are favorable.
549.0,617.88684,Low,Low,Traffic conditions are favorable.
346.0,400.76855,Low,Low,Traffic conditions are favorable.
346.0,325.97372,Low,Low,Traffic conditions are favorable.
259.0,318.00885,Low,Low,Traffic conditions are favorable.
259.0,287.85416,Low,Low,Traffic conditions are favorable.
337.0,349.06522,Low,Low,Traffic conditions are favorable.
337.0,296.09946,Low,Low,Traffic conditions are favorable.
865.0,766.3728,Low,Low,Traffic conditions are favorable.
2776.0,2558.6118,Medium,Medium,Expect moderate delays and allow extra travel time.
2776.0,2452.2827,Medium,Medium,Expect moderate delays and allow extra travel time.
4899.0,4818.134,High,High,Avoid peak hours or consider an alternative route.
4967.0,5931.203,High,High,Avoid peak hours or consider an alternative route.
4915.0,5561.7607,High,High,Avoid peak hours or consider an alternative route.
4915.0,5544.7373,High,High,Avoid peak hours or consider an alternative route.
5343.0,4852.8525,High,High,Avoid peak hours or consider an alternative route.
5343.0,4916.15,High,High,Avoid peak hours or consider an alternative route.
4364.0,4561.3325,Medium,Medium,Expect moderate delays and allow extra travel time.
4466.0,4747.7573,Medium,High,Avoid peak hours or consider an alternative route.
4697.0,4930.2573,High,High,Avoid peak hours or consider an alternative route.
4833.0,4921.1333,High,High,Avoid peak hours or consider an alternative route.
5095.0,5216.522,High,High,Avoid peak hours or consider an alternative route.
5658.0,5652.911,High,High,Avoid peak hours or consider an alternative route.
6531.0,6303.903,High,High,Avoid peak hours or consider an alternative route.
6117.0,5829.839,High,High,Avoid peak hours or consider an alternative route.
4394.0,4550.591,Medium,Medium,Expect moderate delays and allow extra travel time.
3307.0,3322.3723,Medium,Medium,Expect moderate delays and allow extra travel time.
3037.0,2897.397,Medium,Medium,Expect moderate delays and allow extra travel time.
2463.0,2720.7288,Medium,Medium,Expect moderate delays and allow extra travel time.
1653.0,2066.982,Low,Low,Traffic conditions are favorable.
973.0,1244.0907,Low,Low,Traffic conditions are favorable.
573.0,731.3756,Low,Low,Traffic conditions are favorable.
233.0,378.83417,Low,Low,Traffic conditions are favorable.
340.0,348.76938,Low,Low,Traffic conditions are favorable.
2830.0,2429.356,Medium,Medium,Expect moderate delays and allow extra travel time.
5449.0,5317.1094,High,High,Avoid peak hours or consider an alternative route.
5395.0,5602.144,High,High,Avoid peak hours or consider an alternative route.
5192.0,4868.193,High,High,Avoid peak hours or consider an alternative route.
5192.0,4959.008,High,High,Avoid peak hours or consider an alternative route.
4477.0,4602.852,Medium,Medium,Expect moderate delays and allow extra travel time.
4477.0,4610.679,Medium,Medium,Expect moderate delays and allow extra travel time.
4686.0,4735.77,High,High,Avoid peak hours or consider an alternative route.
4896.0,4930.2607,High,High,Avoid peak hours or consider an alternative route.
4907.0,4974.5596,High,High,Avoid peak hours or consider an alternative route.
4988.0,5283.3154,High,High,Avoid peak hours or consider an alternative route.
5852.0,5718.838,High,High,Avoid peak hours or consider an alternative route.
6883.0,6265.3384,High,High,Avoid peak hours or consider an alternative route.
6278.0,5768.3276,High,High,Avoid peak hours or consider an alternative route.
4550.0,4552.1323,Medium,High,Avoid peak hours or consider an alternative route.
3494.0,3290.279,Medium,Medium,Expect moderate delays and allow extra travel time.
3094.0,3175.2878,Medium,Medium,Expect moderate delays and allow extra travel time.
3530.0,2857.1777,Medium,Medium,Expect moderate delays and allow extra travel time.
3197.0,2648.4146,Medium,Medium,Expect moderate delays and allow extra travel time.
1305.0,1485.7814,Low,Low,Traffic conditions are favorable.
1305.0,1280.1815,Low,Low,Traffic conditions are favorable.
660.0,679.11115,Low,Low,Traffic conditions are favorable.
389.0,407.99097,Low,Low,Traffic conditions are favorable.
287.0,388.63937,Low,Low,Traffic conditions are favorable.
340.0,343.18,Low,Low,Traffic conditions are favorable.
826.0,877.5663,Low,Low,Traffic conditions are favorable.
2651.0,2523.393,Medium,Medium,Expect moderate delays and allow extra travel time.
5319.0,5232.2764,High,High,Avoid peak hours or consider an alternative route.
6499.0,6146.1216,High,High,Avoid peak hours or consider an alternative route.
5467.0,5535.811,High,High,Avoid peak hours or consider an alternative route.
4975.0,4892.691,High,High,Avoid peak hours or consider an alternative route.
4513.0,4615.679,Medium,Medium,Expect moderate delays and allow extra travel time.
4913.0,4935.0444,High,High,Avoid peak hours or consider an alternative route.
5335.0,5046.1914,High,High,Avoid peak hours or consider an alternative route.
5340.0,5091.1143,High,High,Avoid peak hours or consider an alternative route.
5429.0,5364.32,High,High,Avoid peak hours or consider an alternative route.
5861.0,5731.793,High,High,Avoid peak hours or consider an alternative route.
6347.0,6346.0083,High,High,Avoid peak hours or consider an alternative route.
5833.0,5996.4,High,High,Avoid peak hours or consider an alternative route.
5021.0,4564.0786,High,High,Avoid peak hours or consider an alternative route.
3804.0,3380.4878,Medium,Medium,Expect moderate delays and allow extra travel time.
3095.0,3055.962,Medium,Medium,Expect moderate delays and allow extra travel time.
3092.0,3006.5215,Medium,Medium,Expect moderate delays and allow extra travel time.
2485.0,2796.2434,Medium,Medium,Expect moderate delays and allow extra travel time.
2126.0,1925.2095,Low,Low,Traffic conditions are favorable.
1102.0,1320.5409,Low,Low,Traffic conditions are favorable.
603.0,843.0251,Low,Low,Traffic conditions are favorable.
438.0,616.72675,Low,Low,Traffic conditions are favorable.
330.0,583.1033,Low,Low,Traffic conditions are favorable.
389.0,463.78876,Low,Low,Traffic conditions are favorable.
688.0,757.1061,Low,Low,Traffic conditions are favorable.
1164.0,1504.4922,Low,Low,Traffic conditions are favorable.
1911.0,2146.792,Low,Low,Traffic conditions are favorable.
3115.0,2838.9333,Medium,Medium,Expect moderate delays and allow extra travel time.
3653.0,3475.072,Medium,Medium,Expect moderate delays and allow extra travel time.
4161.0,3907.5818,Medium,Medium,Expect moderate delays and allow extra travel time.
4514.0,4328.174,Medium,Medium,Expect moderate delays and allow extra travel time.
5237.0,4719.243,High,High,Avoid peak hours or consider an alternative route.
4925.0,4719.243,High,High,Avoid peak hours or consider an alternative route.
5173.0,4693.497,High,High,Avoid peak hours or consider an alternative route.
5030.0,4750.6504,High,High,Avoid peak hours or consider an alternative route.
4841.0,4813.313,High,High,Avoid peak hours or consider an alternative route.
4808.0,4507.8774,High,Medium,Expect moderate delays and allow extra travel time.
4803.0,4145.481,High,Medium,Expect moderate delays and allow extra travel time.
4346.0,3436.1443,Medium,Medium,Expect moderate delays and allow extra travel time.
3448.0,3029.7346,Medium,Medium,Expect moderate delays and allow extra travel time.
3962.0,3021.1248,Medium,Medium,Expect moderate delays and allow extra travel time.
4180.0,2797.6816,Medium,Medium,Expect moderate delays and allow extra travel time.
2459.0,2142.591,Medium,Low,Traffic conditions are favorable.
1367.0,1360.7642,Low,Low,Traffic conditions are favorable.
761.0,879.3997,Low,Low,Traffic conditions are favorable.
488.0,629.6708,Low,Low,Traffic conditions are favorable.
302.0,524.0494,Low,Low,Traffic conditions are favorable.
431.0,534.40765,Low,Low,Traffic conditions are favorable.
789.0,970.77966,Low,Low,Traffic conditions are favorable.
1607.0,1397.1909,Low,Low,Traffic conditions are favorable.
2817.0,2106.58,Medium,Low,Traffic conditions are favorable.
3358.0,2853.0193,Medium,Medium,Expect moderate delays and allow extra travel time.
3869.0,3493.2922,Medium,Medium,Expect moderate delays and allow extra travel time.
4223.0,3801.0537,Medium,Medium,Expect moderate delays and allow extra travel time.
4950.0,4149.655,High,Medium,Expect moderate delays and allow extra travel time.
4637.0,4474.233,High,Medium,Expect moderate delays and allow extra travel time.
4886.0,4213.6616,High,Medium,Expect moderate delays and allow extra travel time.
4629.0,4241.434,High,Medium,Expect moderate delays and allow extra travel time.
4678.0,4326.255,High,Medium,Expect moderate delays and allow extra travel time.
4276.0,4000.8013,Medium,Medium,Expect moderate delays and allow extra travel time.
2903.0,2929.0603,Medium,Medium,Expect moderate delays and allow extra travel time.
2435.0,2564.3477,Medium,Medium,Expect moderate delays and allow extra travel time.
1902.0,2500.0986,Low,Medium,Expect moderate delays and allow extra travel time.
1372.0,1922.6971,Low,Low,Traffic conditions are favorable.
865.0,1286.5396,Low,Low,Traffic conditions are favorable.
502.0,651.7102,Low,Low,Traffic conditions are favorable.
286.0,250.9662,Low,Low,Traffic conditions are favorable.
230.0,470.2081,Low,Low,Traffic conditions are favorable.
311.0,455.20145,Low,Low,Traffic conditions are favorable.
809.0,920.2652,Low,Low,Traffic conditions are favorable.
2735.0,2316.8804,Medium,Medium,Expect moderate delays and allow extra travel time.
5454.0,3994.97,High,High,Avoid peak hours or consider an alternative route.
6107.0,4164.681,High,High,Avoid peak hours or consider an alternative route.
5876.0,3664.7537,High,High,Avoid peak hours or consider an alternative route.
4941.0,2881.9817,High,High,Avoid peak hours or consider an alternative route.
4307.0,2428.9019,Medium,Medium,Expect moderate delays and allow extra travel time.
4367.0,2889.5742,Medium,Medium,Expect moderate delays and allow extra travel time.
4545.0,3828.823,Medium,Medium,Expect moderate delays and allow extra travel time.
4561.0,4225.0557,Medium,Medium,Expect moderate delays and allow extra travel time.
4998.0,4475.0933,High,High,Avoid peak hours or consider an alternative route.
5525.0,4924.0996,High,High,Avoid peak hours or consider an alternative route.
6459.0,6124.798,High,High,Avoid peak hours or consider an alternative route.
5852.0,5160.335,High,High,Avoid peak hours or consider an alternative route.
4245.0,3719.6914,Medium,Medium,Expect moderate delays and allow extra travel time.
3034.0,2622.578,Medium,Medium,Expect moderate delays and allow extra travel time.
2498.0,2692.7883,Medium,Medium,Expect moderate delays and allow extra travel time.
2055.0,2393.3525,Low,Low,Traffic conditions are favorable.
1440.0,1863.8994,Low,Low,Traffic conditions are favorable.
934.0,1118.9175,Low,Low,Traffic conditions are favorable.
498.0,622.0037,Low,Low,Traffic conditions are favorable.
300.0,408.15674,Low,Low,Traffic conditions are favorable.
368.0,339.1557,Low,Low,Traffic conditions are favorable.
885.0,814.9116,Low,Low,Traffic conditions are favorable.
2885.0,2550.2341,Medium,Medium,Expect moderate delays and allow extra travel time.
5675.0,5050.6816,High,High,Avoid peak hours or consider an alternative route.
6585.0,5789.3535,High,High,Avoid peak hours or consider an alternative route.
5915.0,5469.9736,High,High,Avoid peak hours or consider an alternative route.
5060.0,4753.409,High,High,Avoid peak hours or consider an alternative route.
4423.0,4427.3584,Medium,Medium,Expect moderate delays and allow extra travel time.
4722.0,4585.5557,High,High,Avoid peak hours or consider an alternative route.
4825.0,4840.251,High,High,Avoid peak hours or consider an alternative route.
4762.0,4876.152,High,High,Avoid peak hours or consider an alternative route.
5007.0,5181.468,High,High,Avoid peak hours or consider an alternative route.
5647.0,5617.856,High,High,Avoid peak hours or consider an alternative route.
6587.0,6301.4316,High,High,Avoid peak hours or consider an alternative route.
6308.0,5834.3496,High,High,Avoid peak hours or consider an alternative route.
4917.0,4573.582,High,High,Avoid peak hours or consider an alternative route.
3424.0,3273.1013,Medium,Medium,Expect moderate delays and allow extra travel time.
2979.0,2977.9187,Medium,Medium,Expect moderate delays and allow extra travel time.
3680.0,2701.6396,Medium,Medium,Expect moderate delays and allow extra travel time.
2908.0,2164.2373,Medium,Low,Traffic conditions are favorable.
1107.0,1250.1736,Low,Low,Traffic conditions are favorable.
597.0,708.49005,Low,Low,Traffic conditions are favorable.
345.0,463.69696,Low,Low,Traffic conditions are favorable.
283.0,440.3483,Low,Low,Traffic conditions are favorable.
348.0,449.91397,Low,Low,Traffic conditions are favorable.
348.0,425.4418,Low,Low,Traffic conditions are favorable.
882.0,912.4361,Low,Low,Traffic conditions are favorable.
882.0,914.46484,Low,Low,Traffic conditions are favorable.
2837.0,2759.0396,Medium,Medium,Expect moderate delays and allow extra travel time.
2837.0,2755.5898,Medium,Medium,Expect moderate delays and allow extra travel time.
5402.0,5527.5137,High,High,Avoid peak hours or consider an alternative route.
5826.0,6064.793,High,High,Avoid peak hours or consider an alternative route.
5826.0,6068.2427,High,High,Avoid peak hours or consider an alternative route.
5572.0,5719.853,High,High,Avoid peak hours or consider an alternative route.
5194.0,5110.5034,High,High,Avoid peak hours or consider an alternative route.
4766.0,4651.876,High,Medium,Expect moderate delays and allow extra travel time.
4842.0,4798.9824,High,High,Avoid peak hours or consider an alternative route.
4975.0,5009.553,High,High,Avoid peak hours or consider an alternative route.
5027.0,5021.903,High,High,Avoid peak hours or consider an alternative route.
6660.0,6537.3267,High,High,Avoid peak hours or consider an alternative route.
6154.0,6027.031,High,High,Avoid peak hours or consider an alternative route.
3268.0,3424.9717,Medium,Medium,Expect moderate delays and allow extra travel time.
2775.0,3047.8665,Medium,Medium,Expect moderate delays and allow extra travel time.
2493.0,2829.4846,Medium,Medium,Expect moderate delays and allow extra travel time.
1772.0,2204.9329,Low,Low,Traffic conditions are favorable.
1122.0,1308.6777,Low,Low,Traffic conditions are favorable.
639.0,752.17426,Low,Low,Traffic conditions are favorable.
353.0,488.60434,Low,Low,Traffic conditions are favorable.
253.0,436.0116,Low,Low,Traffic conditions are favorable.
353.0,447.31793,Low,Low,Traffic conditions are favorable.
889.0,879.9091,Low,Low,Traffic conditions are favorable.
2862.0,2789.463,Medium,Medium,Expect moderate delays and allow extra travel time.
5454.0,5536.0864,High,High,Avoid peak hours or consider an alternative route.
6174.0,6095.7466,High,High,Avoid peak hours or consider an alternative route.
5488.0,5763.2573,High,High,Avoid peak hours or consider an alternative route.
5630.0,5135.732,High,High,Avoid peak hours or consider an alternative route.
4508.0,4732.5337,Medium,High,Avoid peak hours or consider an alternative route.
4644.0,4835.814,High,High,Avoid peak hours or consider an alternative route.
5034.0,5073.4053,High,High,Avoid peak hours or consider an alternative route.
4960.0,5099.8687,High,High,Avoid peak hours or consider an alternative route.
5248.0,5366.4043,High,High,Avoid peak hours or consider an alternative route.
5844.0,5834.9395,High,High,Avoid peak hours or consider an alternative route.
6807.0,6529.3857,High,High,Avoid peak hours or consider an alternative route.
6262.0,5940.9795,High,High,Avoid peak hours or consider an alternative route.
4982.0,4648.3877,High,High,Avoid peak hours or consider an alternative route.
3144.0,3074.6665,Medium,Medium,Expect moderate delays and allow extra travel time.
3916.0,2894.0405,Medium,Medium,Expect moderate delays and allow extra travel time.
2674.0,2598.7122,Medium,Medium,Expect moderate delays and allow extra travel time.
1179.0,1489.8875,Low,Low,Traffic conditions are favorable.
1179.0,1498.1116,Low,Low,Traffic conditions are favorable.
674.0,819.7151,Low,Low,Traffic conditions are favorable.
387.0,531.9443,Low,Low,Traffic conditions are favorable.
273.0,437.2779,Low,Low,Traffic conditions are favorable.
369.0,441.59753,Low,Low,Traffic conditions are favorable.
831.0,861.3931,Low,Low,Traffic conditions are favorable.
2676.0,2512.2302,Medium,Medium,Expect moderate delays and allow extra travel time.
5122.0,5234.398,High,High,Avoid peak hours or consider an alternative route.
6444.0,5879.6143,High,High,Avoid peak hours or consider an alternative route.
5589.0,5533.94,High,High,Avoid peak hours or consider an alternative route.
4764.0,4915.044,High,High,Avoid peak hours or consider an alternative route.
4646.0,4786.951,High,High,Avoid peak hours or consider an alternative route.
4947.0,4833.325,High,High,Avoid peak hours or consider an alternative route.
5337.0,5073.8037,High,High,Avoid peak hours or consider an alternative route.
5333.0,5114.6685,High,High,Avoid peak hours or consider an alternative route.
5224.0,5402.8687,High,High,Avoid peak hours or consider an alternative route.
5921.0,5785.1113,High,High,Avoid peak hours or consider an alternative route.
6371.0,6212.5503,High,High,Avoid peak hours or consider an alternative route.
5731.0,5780.7197,High,High,Avoid peak hours or consider an alternative route.
4896.0,4586.7954,High,High,Avoid peak hours or consider an alternative route.
2903.0,3058.7568,Medium,Medium,Expect moderate delays and allow extra travel time.
2591.0,2865.1765,Medium,Medium,Expect moderate delays and allow extra travel time.
1725.0,2026.8416,Low,Low,Traffic conditions are favorable.
1068.0,1351.0581,Low,Low,Traffic conditions are favorable.
661.0,815.9537,Low,Low,Traffic conditions are favorable.
538.0,628.81146,Low,Low,Traffic conditions are favorable.
352.0,589.56915,Low,Low,Traffic conditions are favorable.
386.0,480.30746,Low,Low,Traffic conditions are favorable.
627.0,764.08466,Low,Low,Traffic conditions are favorable.
1226.0,1543.9103,Low,Low,Traffic conditions are favorable.
1831.0,2044.0137,Low,Low,Traffic conditions are favorable.
2826.0,2734.0366,Medium,Medium,Expect moderate delays and allow extra travel time.
2826.0,2805.1375,Medium,Medium,Expect moderate delays and allow extra travel time.
3514.0,3541.1936,Medium,Medium,Expect moderate delays and allow extra travel time.
3514.0,3564.334,Medium,Medium,Expect moderate delays and allow extra travel time.
3977.0,3996.7385,Medium,Medium,Expect moderate delays and allow extra travel time.
4526.0,4424.057,Medium,Medium,Expect moderate delays and allow extra travel time.
4933.0,4736.2783,High,High,Avoid peak hours or consider an alternative route.
4792.0,4774.3257,High,High,Avoid peak hours or consider an alternative route.
4881.0,4811.721,High,High,Avoid peak hours or consider an alternative route.
4912.0,4762.257,High,High,Avoid peak hours or consider an alternative route.
5935.0,4908.3843,High,High,Avoid peak hours or consider an alternative route.
4550.0,4642.4346,Medium,High,Avoid peak hours or consider an alternative route.
4284.0,4289.8047,Medium,Medium,Expect moderate delays and allow extra travel time.
3489.0,3514.6284,Medium,Medium,Expect moderate delays and allow extra travel time.
2947.0,3190.9612,Medium,Medium,Expect moderate delays and allow extra travel time.
3089.0,3142.3655,Medium,Medium,Expect moderate delays and allow extra travel time.
2945.0,2929.434,Medium,Medium,Expect moderate delays and allow extra travel time.
1858.0,2356.4934,Low,Low,Traffic conditions are favorable.
1169.0,1410.3943,Low,Low,Traffic conditions are favorable.
733.0,902.37756,Low,Low,Traffic conditions are favorable.
593.0,649.41754,Low,Low,Traffic conditions are favorable.
302.0,547.0272,Low,Low,Traffic conditions are favorable.
284.0,390.39355,Low,Low,Traffic conditions are favorable.
444.0,544.7748,Low,Low,Traffic conditions are favorable.
742.0,987.6244,Low,Low,Traffic conditions are favorable.
1210.0,1331.1323,Low,Low,Traffic conditions are favorable.
1889.0,2041.2507,Low,Low,Traffic conditions are favorable.
2567.0,2908.244,Medium,Medium,Expect moderate delays and allow extra travel time.
3826.0,3785.2126,Medium,Medium,Expect moderate delays and allow extra travel time.
4279.0,4208.003,Medium,Medium,Expect moderate delays and allow extra travel time.
4388.0,4419.7583,Medium,Medium,Expect moderate delays and allow extra travel time.
4263.0,4432.3433,Medium,Medium,Expect moderate delays and allow extra travel time.
4343.0,4497.281,Medium,Medium,Expect moderate delays and allow extra travel time.
4424.0,4583.5,Medium,Medium,Expect moderate delays and allow extra travel time.
4136.0,4231.5654,Medium,Medium,Expect moderate delays and allow extra travel time.
3587.0,3959.2192,Medium,Medium,Expect moderate delays and allow extra travel time.
3038.0,3355.9487,Medium,Medium,Expect moderate delays and allow extra travel time.
2522.0,2775.7632,Medium,Medium,Expect moderate delays and allow extra travel time.
2044.0,2589.4934,Low,Medium,Expect moderate delays and allow extra travel time.
1637.0,2012.4185,Low,Low,Traffic conditions are favorable.
1152.0,1271.4208,Low,Low,Traffic conditions are favorable.
623.0,805.0006,Low,Low,Traffic conditions are favorable.
360.0,443.69214,Low,Low,Traffic conditions are favorable.
281.0,355.12982,Low,Low,Traffic conditions are favorable.
340.0,280.97498,Low,Low,Traffic conditions are favorable.
781.0,737.3952,Low,Low,Traffic conditions are favorable.
2432.0,2515.654,Medium,Medium,Expect moderate delays and allow extra travel time.
4228.0,5058.5103,Medium,High,Avoid peak hours or consider an alternative route.
4740.0,5574.82,High,High,Avoid peak hours or consider an alternative route.
3905.0,5167.5547,Medium,High,Avoid peak hours or consider an alternative route.
3344.0,4500.631,Medium,High,Avoid peak hours or consider an alternative route.
3344.0,4493.1406,Medium,High,Avoid peak hours or consider an alternative route.
3344.0,4489.728,Medium,High,Avoid peak hours or consider an alternative route.
3344.0,4504.0615,Medium,High,Avoid peak hours or consider an alternative route.
3226.0,3968.4607,Medium,Medium,Expect moderate delays and allow extra travel time.
3226.0,3982.4827,Medium,Medium,Expect moderate delays and allow extra travel time.
3239.0,4408.346,Medium,Medium,Expect moderate delays and allow extra travel time.
3239.0,4096.3433,Medium,Medium,Expect moderate delays and allow extra travel time.
3484.0,4304.163,Medium,Medium,Expect moderate delays and allow extra travel time.
3484.0,4294.678,Medium,Medium,Expect moderate delays and allow extra travel time.
3450.0,4518.66,Medium,Medium,Expect moderate delays and allow extra travel time.
3450.0,4327.5254,Medium,Medium,Expect moderate delays and allow extra travel time.
3490.0,4636.6953,Medium,High,Avoid peak hours or consider an alternative route.
3490.0,4812.683,Medium,High,Avoid peak hours or consider an alternative route.
3490.0,4636.6953,Medium,High,Avoid peak hours or consider an alternative route.
3426.0,5187.2603,Medium,High,Avoid peak hours or consider an alternative route.
3426.0,5189.4663,Medium,High,Avoid peak hours or consider an alternative route.
3682.0,5586.2085,Medium,High,Avoid peak hours or consider an alternative route.
3682.0,5569.044,Medium,High,Avoid peak hours or consider an alternative route.
3585.0,5337.172,Medium,High,Avoid peak hours or consider an alternative route.
2659.0,3836.5632,Medium,Medium,Expect moderate delays and allow extra travel time.
2659.0,3933.9326,Medium,Medium,Expect moderate delays and allow extra travel time.
2087.0,2706.1514,Low,Medium,Expect moderate delays and allow extra travel time.
2087.0,2829.0278,Low,Medium,Expect moderate delays and allow extra travel time.
1821.0,2373.5793,Low,Medium,Expect moderate delays and allow extra travel time.
1821.0,2510.9856,Low,Medium,Expect moderate delays and allow extra travel time.
1593.0,2180.273,Low,Low,Traffic conditions are favorable.
1593.0,2148.684,Low,Low,Traffic conditions are favorable.
1354.0,1674.3832,Low,Low,Traffic conditions are favorable.
817.0,954.4171,Low,Low,Traffic conditions are favorable.
434.0,600.16046,Low,Low,Traffic conditions are favorable.
434.0,590.5259,Low,Low,Traffic conditions are favorable.
269.0,426.6905,Low,Low,Traffic conditions are favorable.
234.0,355.56186,Low,Low,Traffic conditions are favorable.
342.0,320.21677,Low,Low,Traffic conditions are favorable.
825.0,798.0015,Low,Low,Traffic conditions are favorable.
825.0,808.5928,Low,Low,Traffic conditions are favorable.
2690.0,2630.4695,Medium,Medium,Expect moderate delays and allow extra travel time.
2690.0,2641.0608,Medium,Medium,Expect moderate delays and allow extra travel time.
4705.0,5302.0923,High,High,Avoid peak hours or consider an alternative route.
4705.0,4853.067,High,High,Avoid peak hours or consider an alternative route.
4844.0,5736.22,High,High,Avoid peak hours or consider an alternative route.
4844.0,5715.7544,High,High,Avoid peak hours or consider an alternative route.
4738.0,5394.384,High,High,Avoid peak hours or consider an alternative route.
4707.0,4770.1626,High,High,Avoid peak hours or consider an alternative route.
4707.0,4804.6016,High,High,Avoid peak hours or consider an alternative route.
4062.0,4335.3525,Medium,Medium,Expect moderate delays and allow extra travel time.
4062.0,4324.761,Medium,Medium,Expect moderate delays and allow extra travel time.
4058.0,4458.576,Medium,Medium,Expect moderate delays and allow extra travel time.
4058.0,4457.6235,Medium,Medium,Expect moderate delays and allow extra travel time.
4407.0,4617.1235,Medium,High,Avoid peak hours or consider an alternative route.
4439.0,4838.902,Medium,High,Avoid peak hours or consider an alternative route.
4786.0,4936.048,High,High,Avoid peak hours or consider an alternative route.
5620.0,5464.894,High,High,Avoid peak hours or consider an alternative route.
6471.0,6181.939,High,High,Avoid peak hours or consider an alternative route.
5888.0,5965.037,High,High,Avoid peak hours or consider an alternative route.
3012.0,3069.1882,Medium,Medium,Expect moderate delays and allow extra travel time.
2601.0,2838.1675,Medium,Medium,Expect moderate delays and allow extra travel time.
2591.0,2715.3296,Medium,Medium,Expect moderate delays and allow extra travel time.
1592.0,2073.4321,Low,Low,Traffic conditions are favorable.
965.0,1202.9021,Low,Low,Traffic conditions are favorable.
516.0,696.2385,Low,Low,Traffic conditions are favorable.
359.0,480.3993,Low,Low,Traffic conditions are favorable.
237.0,408.34958,Low,Low,Traffic conditions are favorable.
354.0,423.65128,Low,Low,Traffic conditions are favorable.
886.0,918.6423,Low,Low,Traffic conditions are favorable.
2858.0,2655.4617,Medium,Medium,Expect moderate delays and allow extra travel time.
5569.0,5331.0806,High,High,Avoid peak hours or consider an alternative route.
6045.0,5929.065,High,High,Avoid peak hours or consider an alternative route.
5638.0,5583.3906,High,High,Avoid peak hours or consider an alternative route.
5062.0,4952.172,High,High,Avoid peak hours or consider an alternative route.
4553.0,4557.2524,Medium,Medium,Expect moderate delays and allow extra travel time.
4837.0,4741.52,High,High,Avoid peak hours or consider an alternative route.
5091.0,4919.3555,High,High,Avoid peak hours or consider an alternative route.
4632.0,4960.8247,High,High,Avoid peak hours or consider an alternative route.
5130.0,5248.064,High,High,Avoid peak hours or consider an alternative route.
5364.0,5615.19,High,High,Avoid peak hours or consider an alternative route.
6795.0,6367.469,High,High,Avoid peak hours or consider an alternative route.
6282.0,5869.5303,High,High,Avoid peak hours or consider an alternative route.
4583.0,4579.3804,High,High,Avoid peak hours or consider an alternative route.
3356.0,3300.5168,Medium,Medium,Expect moderate delays and allow extra travel time.
2959.0,2969.9739,Medium,Medium,Expect moderate delays and allow extra travel time.
2471.0,2767.1997,Medium,Medium,Expect moderate delays and allow extra travel time.
1749.0,2142.648,Low,Low,Traffic conditions are favorable.
1029.0,1252.0707,Low,Low,Traffic conditions are favorable.
528.0,736.6359,Low,Low,Traffic conditions are favorable.
338.0,483.60208,Low,Low,Traffic conditions are favorable.
245.0,397.3311,Low,Low,Traffic conditions are favorable.
339.0,420.0666,Low,Low,Traffic conditions are favorable.
853.0,912.77875,Low,Low,Traffic conditions are favorable.
2854.0,2633.034,Medium,Medium,Expect moderate delays and allow extra travel time.
5466.0,5371.412,High,High,Avoid peak hours or consider an alternative route.
6559.0,5915.37,High,High,Avoid peak hours or consider an alternative route.
5837.0,5559.4985,High,High,Avoid peak hours or consider an alternative route.
5428.0,4969.0825,High,High,Avoid peak hours or consider an alternative route.
4827.0,4588.3315,High,Medium,Expect moderate delays and allow extra travel time.
5108.0,4768.432,High,High,Avoid peak hours or consider an alternative route.
4980.0,5039.479,High,High,Avoid peak hours or consider an alternative route.
5174.0,5017.4067,High,High,Avoid peak hours or consider an alternative route.
5353.0,5333.4233,High,High,Avoid peak hours or consider an alternative route.
6263.0,5764.0986,High,High,Avoid peak hours or consider an alternative route.
6902.0,6370.9673,High,High,Avoid peak hours or consider an alternative route.
5900.0,5742.26,High,High,Avoid peak hours or consider an alternative route.
4514.0,4521.6084,Medium,High,Avoid peak hours or consider an alternative route.
3048.0,3430.9382,Medium,Medium,Expect moderate delays and allow extra travel time.
2736.0,2535.952,Medium,Medium,Expect moderate delays and allow extra travel time.
2736.0,2962.4556,Medium,Medium,Expect moderate delays and allow extra travel time.
2247.0,2449.6575,Medium,Medium,Expect moderate delays and allow extra travel time.
2247.0,2892.5952,Medium,Medium,Expect moderate delays and allow extra travel time.
1905.0,2539.3796,Low,Medium,Expect moderate delays and allow extra travel time.
1905.0,2513.2725,Low,Medium,Expect moderate delays and allow extra travel time.
1372.0,1347.1716,Low,Low,Traffic conditions are favorable.
1372.0,1495.6589,Low,Low,Traffic conditions are favorable.
1372.0,1089.3424,Low,Low,Traffic conditions are favorable.
632.0,416.31885,Low,Low,Traffic conditions are favorable.
632.0,743.72253,Low,Low,Traffic conditions are favorable.
632.0,720.2155,Low,Low,Traffic conditions are favorable.
390.0,112.34395,Low,Low,Traffic conditions are favorable.
390.0,423.3163,Low,Low,Traffic conditions are favorable.
390.0,470.04285,Low,Low,Traffic conditions are favorable.
309.0,251.60043,Low,Low,Traffic conditions are favorable.
309.0,384.16626,Low,Low,Traffic conditions are favorable.
368.0,256.43265,Low,Low,Traffic conditions are favorable.
368.0,352.76373,Low,Low,Traffic conditions are favorable.
830.0,805.6743,Low,Low,Traffic conditions are favorable.
830.0,796.5809,Low,Low,Traffic conditions are favorable.
2451.0,2472.5735,Medium,Medium,Expect moderate delays and allow extra travel time.
2451.0,2465.0503,Medium,Medium,Expect moderate delays and allow extra travel time.
4627.0,5203.3726,High,High,Avoid peak hours or consider an alternative route.
4627.0,5210.9116,High,High,Avoid peak hours or consider an alternative route.
5240.0,5876.2593,High,High,Avoid peak hours or consider an alternative route.
5240.0,5828.547,High,High,Avoid peak hours or consider an alternative route.
4595.0,5492.5996,High,High,Avoid peak hours or consider an alternative route.
4413.0,4882.553,Medium,High,Avoid peak hours or consider an alternative route.
4140.0,4687.9863,Medium,High,Avoid peak hours or consider an alternative route.
4183.0,4692.456,Medium,High,Avoid peak hours or consider an alternative route.
4786.0,5136.6704,High,High,Avoid peak hours or consider an alternative route.
5131.0,5439.4185,High,High,Avoid peak hours or consider an alternative route.
6368.0,6255.0327,High,High,Avoid peak hours or consider an alternative route.
5681.0,5855.458,High,High,Avoid peak hours or consider an alternative route.
4876.0,4703.9336,High,High,Avoid peak hours or consider an alternative route.
3751.0,3518.6997,Medium,Medium,Expect moderate delays and allow extra travel time.
3124.0,3204.7744,Medium,Medium,Expect moderate delays and allow extra travel time.
3015.0,3102.7434,Medium,Medium,Expect moderate delays and allow extra travel time.
2528.0,2870.4146,Medium,Medium,Expect moderate delays and allow extra travel time.
2105.0,2009.055,Low,Low,Traffic conditions are favorable.
2105.0,1989.7114,Low,Low,Traffic conditions are favorable.
1043.0,1321.6454,Low,Low,Traffic conditions are favorable.
1043.0,1493.3081,Low,Low,Traffic conditions are favorable.
712.0,840.00134,Low,Low,Traffic conditions are favorable.
712.0,840.00134,Low,Low,Traffic conditions are favorable.
490.0,629.9861,Low,Low,Traffic conditions are favorable.
490.0,590.51514,Low,Low,Traffic conditions are favorable.
490.0,624.8714,Low,Low,Traffic conditions are favorable.
425.0,463.9075,Low,Low,Traffic conditions are favorable.
425.0,543.72504,Low,Low,Traffic conditions are favorable.
404.0,491.66144,Low,Low,Traffic conditions are favorable.
404.0,366.31912,Low,Low,Traffic conditions are favorable.
676.0,738.0923,Low,Low,Traffic conditions are favorable.
676.0,649.9931,Low,Low,Traffic conditions are favorable.
676.0,619.43463,Low,Low,Traffic conditions are favorable.
1119.0,1531.6819,Low,Low,Traffic conditions are favorable.
1119.0,1492.9026,Low,Low,Traffic conditions are favorable.
1119.0,1520.6145,Low,Low,Traffic conditions are favorable.
1836.0,1583.8605,Low,Low,Traffic conditions are favorable.
1836.0,1744.7667,Low,Low,Traffic conditions are favorable.
1836.0,1589.5887,Low,Low,Traffic conditions are favorable.
1836.0,1744.1145,Low,Low,Traffic conditions are favorable.
3018.0,2757.092,Medium,Medium,Expect moderate delays and allow extra travel time.
3018.0,2848.584,Medium,Medium,Expect moderate delays and allow extra travel time.
3018.0,2848.6365,Medium,Medium,Expect moderate delays and allow extra travel time.
3018.0,2865.457,Medium,Medium,Expect moderate delays and allow extra travel time.
3753.0,3381.172,Medium,Medium,Expect moderate delays and allow extra travel time.
3753.0,3410.5305,Medium,Medium,Expect moderate delays and allow extra travel time.
3753.0,3167.758,Medium,Medium,Expect moderate delays and allow extra travel time.
4373.0,4044.5906,Medium,Medium,Expect moderate delays and allow extra travel time.
4487.0,4199.4097,Medium,Medium,Expect moderate delays and allow extra travel time.
4938.0,4687.835,High,High,Avoid peak hours or consider an alternative route.
4938.0,4687.835,High,High,Avoid peak hours or consider an alternative route.
4744.0,4692.762,High,High,Avoid peak hours or consider an alternative route.
4744.0,4686.1113,High,High,Avoid peak hours or consider an alternative route.
4831.0,4636.7593,High,High,Avoid peak hours or consider an alternative route.
3660.0,4382.015,Medium,Medium,Expect moderate delays and allow extra travel time.
3660.0,4612.905,Medium,High,Avoid peak hours or consider an alternative route.
3660.0,4659.302,Medium,High,Avoid peak hours or consider an alternative route.
3247.0,4339.7344,Medium,Medium,Expect moderate delays and allow extra travel time.
3247.0,4351.5283,Medium,High,Avoid peak hours or consider an alternative route.
2709.0,4020.4521,Medium,Medium,Expect moderate delays and allow extra travel time.
2709.0,4244.1157,Medium,Medium,Expect moderate delays and allow extra travel time.
2677.0,3788.5967,Medium,Medium,Expect moderate delays and allow extra travel time.
2677.0,3941.6306,Medium,Medium,Expect moderate delays and allow extra travel time.
2338.0,3167.9749,Medium,Medium,Expect moderate delays and allow extra travel time.
2338.0,3028.4404,Medium,Medium,Expect moderate delays and allow extra travel time.
2338.0,3369.6833,Medium,Medium,Expect moderate delays and allow extra travel time.
1520.0,2710.9353,Low,Medium,Expect moderate delays and allow extra travel time.
1520.0,2988.7131,Low,Medium,Expect moderate delays and allow extra travel time.
1686.0,2682.338,Low,Medium,Expect moderate delays and allow extra travel time.
1686.0,2964.7334,Low,Medium,Expect moderate delays and allow extra travel time.
1686.0,2912.669,Low,Medium,Expect moderate delays and allow extra travel time.
1786.0,2789.116,Low,Medium,Expect moderate delays and allow extra travel time.
1162.0,2206.035,Low,Low,Traffic conditions are favorable.
1162.0,2186.889,Low,Low,Traffic conditions are favorable.
779.0,1311.7054,Low,Low,Traffic conditions are favorable.
779.0,1327.4486,Low,Low,Traffic conditions are favorable.
510.0,822.1002,Low,Low,Traffic conditions are favorable.
510.0,829.77966,Low,Low,Traffic conditions are favorable.
381.0,571.5167,Low,Low,Traffic conditions are favorable.
381.0,579.19617,Low,Low,Traffic conditions are favorable.
381.0,579.19617,Low,Low,Traffic conditions are favorable.
254.0,458.6643,Low,Low,Traffic conditions are favorable.
254.0,464.448,Low,Low,Traffic conditions are favorable.
254.0,458.14508,Low,Low,Traffic conditions are favorable.
251.0,333.3102,Low,Low,Traffic conditions are favorable.
407.0,448.07468,Low,Low,Traffic conditions are favorable.
723.0,861.0018,Low,Low,Traffic conditions are favorable.
947.0,1296.8541,Low,Low,Traffic conditions are favorable.
1343.0,1996.8567,Low,Low,Traffic conditions are favorable.
2014.0,2916.8828,Low,Medium,Expect moderate delays and allow extra travel time.
2598.0,3545.5364,Medium,Medium,Expect moderate delays and allow extra travel time.
3073.0,3870.342,Medium,Medium,Expect moderate delays and allow extra travel time.
3719.0,4213.1885,Medium,Medium,Expect moderate delays and allow extra travel time.
3840.0,4170.9575,Medium,Medium,Expect moderate delays and allow extra travel time.
3865.0,4053.8298,Medium,Medium,Expect moderate delays and allow extra travel time.
3974.0,4205.3286,Medium,Medium,Expect moderate delays and allow extra travel time.
4262.0,4299.6436,Medium,Medium,Expect moderate delays and allow extra travel time.
4131.0,4003.2842,Medium,Medium,Expect moderate delays and allow extra travel time.
3759.0,3997.1514,Medium,Medium,Expect moderate delays and allow extra travel time.
2950.0,3466.6404,Medium,Medium,Expect moderate delays and allow extra travel time.
2604.0,2661.364,Medium,Medium,Expect moderate delays and allow extra travel time.
2507.0,2625.6218,Medium,Medium,Expect moderate delays and allow extra travel time.
3097.0,2026.6564,Medium,Low,Traffic conditions are favorable.
1239.0,1254.3684,Low,Low,Traffic conditions are favorable.
517.0,649.8572,Low,Low,Traffic conditions are favorable.
348.0,444.60464,Low,Low,Traffic conditions are favorable.
267.0,385.41605,Low,Low,Traffic conditions are favorable.
336.0,407.8796,Low,Low,Traffic conditions are favorable.
902.0,861.23083,Low,Low,Traffic conditions are favorable.
2665.0,2590.878,Medium,Medium,Expect moderate delays and allow extra travel time.
5186.0,5174.9497,High,High,Avoid peak hours or consider an alternative route.
6034.0,5707.9604,High,High,Avoid peak hours or consider an alternative route.
5602.0,5293.253,High,High,Avoid peak hours or consider an alternative route.
5033.0,4721.1704,High,High,Avoid peak hours or consider an alternative route.
4472.0,4274.0522,Medium,Medium,Expect moderate delays and allow extra travel time.
4371.0,4453.528,Medium,Medium,Expect moderate delays and allow extra travel time.
4532.0,4693.996,Medium,High,Avoid peak hours or consider an alternative route.
4875.0,5105.127,High,High,Avoid peak hours or consider an alternative route.
5389.0,5572.442,High,High,Avoid peak hours or consider an alternative route.
6370.0,6249.7393,High,High,Avoid peak hours or consider an alternative route.
5920.0,5757.8403,High,High,Avoid peak hours or consider an alternative route.
4442.0,4341.046,Medium,Medium,Expect moderate delays and allow extra travel time.
3086.0,3100.5273,Medium,Medium,Expect moderate delays and allow extra travel time.
2642.0,2650.847,Medium,Medium,Expect moderate delays and allow extra travel time.
2197.0,2379.7703,Low,Medium,Expect moderate delays and allow extra travel time.
1528.0,1875.1799,Low,Low,Traffic conditions are favorable.
1008.0,1093.3127,Low,Low,Traffic conditions are favorable.
529.0,668.20526,Low,Low,Traffic conditions are favorable.
329.0,458.97586,Low,Low,Traffic conditions are favorable.
255.0,388.79507,Low,Low,Traffic conditions are favorable.
370.0,372.34283,Low,Low,Traffic conditions are favorable.
878.0,851.6551,Low,Low,Traffic conditions are favorable.
878.0,883.94574,Low,Low,Traffic conditions are favorable.
2884.0,2631.576,Medium,Medium,Expect moderate delays and allow extra travel time.
2884.0,2631.426,Medium,Medium,Expect moderate delays and allow extra travel time.
2884.0,2634.8757,Medium,Medium,Expect moderate delays and allow extra travel time.
5418.0,5342.1113,High,High,Avoid peak hours or consider an alternative route.
5418.0,5305.505,High,High,Avoid peak hours or consider an alternative route.
6318.0,6208.973,High,High,Avoid peak hours or consider an alternative route.
6318.0,5990.5728,High,High,Avoid peak hours or consider an alternative route.
5876.0,5403.9614,High,High,Avoid peak hours or consider an alternative route.
5876.0,5432.303,High,High,Avoid peak hours or consider an alternative route.
5093.0,4961.4204,High,High,Avoid peak hours or consider an alternative route.
5093.0,4965.566,High,High,Avoid peak hours or consider an alternative route.
4349.0,4580.253,Medium,Medium,Expect moderate delays and allow extra travel time.
4349.0,4604.216,Medium,Medium,Expect moderate delays and allow extra travel time.
4607.0,4702.3306,High,High,Avoid peak hours or consider an alternative route.
4901.0,4969.427,High,High,Avoid peak hours or consider an alternative route.
4912.0,4959.4995,High,High,Avoid peak hours or consider an alternative route.
5221.0,5180.4575,High,High,Avoid peak hours or consider an alternative route.
5755.0,5737.257,High,High,Avoid peak hours or consider an alternative route.
6445.0,6505.6694,High,High,Avoid peak hours or consider an alternative route.
6202.0,6007.0786,High,High,Avoid peak hours or consider an alternative route.
4430.0,4711.1274,Medium,High,Avoid peak hours or consider an alternative route.
3376.0,3398.6958,Medium,Medium,Expect moderate delays and allow extra travel time.
2891.0,2935.4424,Medium,Medium,Expect moderate delays and allow extra travel time.
3376.0,2734.1558,Medium,Medium,Expect moderate delays and allow extra travel time.
3003.0,2164.9348,Medium,Low,Traffic conditions are favorable.
1151.0,1252.8672,Low,Low,Traffic conditions are favorable.
602.0,695.5576,Low,Low,Traffic conditions are favorable.
340.0,475.38345,Low,Low,Traffic conditions are favorable.
294.0,418.1309,Low,Low,Traffic conditions are favorable.
378.0,439.0832,Low,Low,Traffic conditions are favorable.
887.0,911.89215,Low,Low,Traffic conditions are favorable.
2873.0,2760.7876,Medium,Medium,Expect moderate delays and allow extra travel time.
5649.0,5519.485,High,High,Avoid peak hours or consider an alternative route.
6351.0,6046.043,High,High,Avoid peak hours or consider an alternative route.
6007.0,5719.853,High,High,Avoid peak hours or consider an alternative route.
5230.0,5106.4863,High,High,Avoid peak hours or consider an alternative route.
4561.0,4649.335,Medium,Medium,Expect moderate delays and allow extra travel time.
4860.0,4771.5767,High,High,Avoid peak hours or consider an alternative route.
4936.0,4931.9883,High,High,Avoid peak hours or consider an alternative route.
5036.0,4950.815,High,High,Avoid peak hours or consider an alternative route.
5255.0,5239.832,High,High,Avoid peak hours or consider an alternative route.
5729.0,5758.0166,High,High,Avoid peak hours or consider an alternative route.
6563.0,6535.549,High,High,Avoid peak hours or consider an alternative route.
6316.0,5964.331,High,High,Avoid peak hours or consider an alternative route.
4877.0,4737.8306,High,High,Avoid peak hours or consider an alternative route.
3267.0,3483.861,Medium,Medium,Expect moderate delays and allow extra travel time.
2939.0,2994.689,Medium,Medium,Expect moderate delays and allow extra travel time.
2629.0,2753.0566,Medium,Medium,Expect moderate delays and allow extra travel time.
1780.0,2159.6887,Low,Low,Traffic conditions are favorable.
1102.0,1299.3041,Low,Low,Traffic conditions are favorable.
600.0,759.51324,Low,Low,Traffic conditions are favorable.
369.0,480.47586,Low,Low,Traffic conditions are favorable.
385.0,421.8609,Low,Low,Traffic conditions are favorable.
919.0,898.44977,Low,Low,Traffic conditions are favorable.
2872.0,2770.9397,Medium,Medium,Expect moderate delays and allow extra travel time.
5703.0,5560.813,High,High,Avoid peak hours or consider an alternative route.
6275.0,6156.693,High,High,Avoid peak hours or consider an alternative route.
5728.0,5809.4653,High,High,Avoid peak hours or consider an alternative route.
5419.0,5203.7886,High,High,Avoid peak hours or consider an alternative route.
4555.0,4821.0015,Medium,High,Avoid peak hours or consider an alternative route.
4875.0,5001.0107,High,High,Avoid peak hours or consider an alternative route.
5080.0,5218.8154,High,High,Avoid peak hours or consider an alternative route.
5210.0,5219.0728,High,High,Avoid peak hours or consider an alternative route.
5952.0,6001.227,High,High,Avoid peak hours or consider an alternative route.
6565.0,6621.589,High,High,Avoid peak hours or consider an alternative route.
6236.0,6101.425,High,High,Avoid peak hours or consider an alternative route.
4800.0,4854.7056,High,High,Avoid peak hours or consider an alternative route.
3709.0,3551.6772,Medium,Medium,Expect moderate delays and allow extra travel time.
3169.0,3178.333,Medium,Medium,Expect moderate delays and allow extra travel time.
2981.0,3109.2014,Medium,Medium,Expect moderate delays and allow extra travel time.
644.0,824.90076,Low,Low,Traffic conditions are favorable.
416.0,507.6961,Low,Low,Traffic conditions are favorable.
295.0,413.06677,Low,Low,Traffic conditions are favorable.
364.0,433.58432,Low,Low,Traffic conditions are favorable.
846.0,868.39954,Low,Low,Traffic conditions are favorable.
846.0,861.7149,Low,Low,Traffic conditions are favorable.
2670.0,2522.7107,Medium,Medium,Expect moderate delays and allow extra travel time.
2670.0,2522.2175,Medium,Medium,Expect moderate delays and allow extra travel time.
5165.0,5232.975,High,High,Avoid peak hours or consider an alternative route.
6497.0,5901.8906,High,High,Avoid peak hours or consider an alternative route.
5636.0,5545.681,High,High,Avoid peak hours or consider an alternative route.
4945.0,4923.575,High,High,Avoid peak hours or consider an alternative route.
5171.0,4889.599,High,High,Avoid peak hours or consider an alternative route.
5391.0,5242.9854,High,High,Avoid peak hours or consider an alternative route.
5390.0,5194.698,High,High,Avoid peak hours or consider an alternative route.
5692.0,5553.414,High,High,Avoid peak hours or consider an alternative route.
6057.0,5984.6416,High,High,Avoid peak hours or consider an alternative route.
6730.0,6398.6113,High,High,Avoid peak hours or consider an alternative route.
6070.0,6006.0493,High,High,Avoid peak hours or consider an alternative route.
3996.0,3561.4946,Medium,Medium,Expect moderate delays and allow extra travel time.
3551.0,3230.18,Medium,Medium,Expect moderate delays and allow extra travel time.
3238.0,3123.62,Medium,Medium,Expect moderate delays and allow extra travel time.
2453.0,2899.3225,Medium,Medium,Expect moderate delays and allow extra travel time.
1516.0,1337.9917,Low,Low,Traffic conditions are favorable.
751.0,825.7751,Low,Low,Traffic conditions are favorable.
497.0,594.989,Low,Low,Traffic conditions are favorable.
365.0,543.17535,Low,Low,Traffic conditions are favorable.
457.0,470.61975,Low,Low,Traffic conditions are favorable.
686.0,754.18774,Low,Low,Traffic conditions are favorable.
1174.0,1611.4476,Low,Low,Traffic conditions are favorable.
2050.0,2253.549,Low,Low,Traffic conditions are favorable.
3029.0,2940.0627,Medium,Medium,Expect moderate delays and allow extra travel time.
3911.0,3609.915,Medium,Medium,Expect moderate delays and allow extra travel time.
4598.0,4153.249,High,Medium,Expect moderate delays and allow extra travel time.
4766.0,4515.806,High,Medium,Expect moderate delays and allow extra travel time.
5023.0,4818.0723,High,High,Avoid peak hours or consider an alternative route.
5240.0,4819.85,High,High,Avoid peak hours or consider an alternative route.
5040.0,4886.7188,High,High,Avoid peak hours or consider an alternative route.
4945.0,4901.6416,High,High,Avoid peak hours or consider an alternative route.
4855.0,4935.769,High,High,Avoid peak hours or consider an alternative route.
4396.0,4366.924,Medium,Medium,Expect moderate delays and allow extra travel time.
3169.0,3249.291,Medium,Medium,Expect moderate delays and allow extra travel time.
3632.0,3126.5215,Medium,Medium,Expect moderate delays and allow extra travel time.
3148.0,2929.1846,Medium,Medium,Expect moderate delays and allow extra travel time.
1934.0,2366.2625,Low,Low,Traffic conditions are favorable.
1216.0,1402.2534,Low,Low,Traffic conditions are favorable.
756.0,843.47565,Low,Low,Traffic conditions are favorable.
543.0,573.2142,Low,Low,Traffic conditions are favorable.
351.0,506.91428,Low,Low,Traffic conditions are favorable.
299.0,361.9281,Low,Low,Traffic conditions are favorable.
299.0,370.65433,Low,Low,Traffic conditions are favorable.
431.0,491.721,Low,Low,Traffic conditions are favorable.
733.0,916.3029,Low,Low,Traffic conditions are favorable.
733.0,961.95776,Low,Low,Traffic conditions are favorable.
733.0,916.3029,Low,Low,Traffic conditions are favorable.
1149.0,1392.6268,Low,Low,Traffic conditions are favorable.
1149.0,1368.5673,Low,Low,Traffic conditions are favorable.
1840.0,2019.8389,Low,Low,Traffic conditions are favorable.
1840.0,2008.2217,Low,Low,Traffic conditions are favorable.
1840.0,2036.9335,Low,Low,Traffic conditions are favorable.
2434.0,2952.9504,Medium,Medium,Expect moderate delays and allow extra travel time.
3193.0,3502.1062,Medium,Medium,Expect moderate delays and allow extra travel time.
3193.0,3535.0864,Medium,Medium,Expect moderate delays and allow extra travel time.
3594.0,3897.4592,Medium,Medium,Expect moderate delays and allow extra travel time.
3594.0,3922.947,Medium,Medium,Expect moderate delays and allow extra travel time.
4241.0,4402.901,Medium,Medium,Expect moderate delays and allow extra travel time.
4241.0,4402.901,Medium,Medium,Expect moderate delays and allow extra travel time.
4341.0,4477.5,Medium,Medium,Expect moderate delays and allow extra travel time.
4226.0,4522.9375,Medium,Medium,Expect moderate delays and allow extra travel time.
4537.0,4541.1475,Medium,Medium,Expect moderate delays and allow extra travel time.
4093.0,4240.5596,Medium,Medium,Expect moderate delays and allow extra travel time.
3910.0,3931.5154,Medium,Medium,Expect moderate delays and allow extra travel time.
2945.0,3299.6746,Medium,Medium,Expect moderate delays and allow extra travel time.
3258.0,2846.7935,Medium,Medium,Expect moderate delays and allow extra travel time.
3017.0,2586.1184,Medium,Medium,Expect moderate delays and allow extra travel time.
1747.0,1941.0979,Low,Low,Traffic conditions are favorable.
1138.0,1235.1046,Low,Low,Traffic conditions are favorable.
1138.0,1283.7327,Low,Low,Traffic conditions are favorable.
471.0,416.8727,Low,Low,Traffic conditions are favorable.
471.0,406.67554,Low,Low,Traffic conditions are favorable.
391.0,349.12357,Low,Low,Traffic conditions are favorable.
391.0,359.32074,Low,Low,Traffic conditions are favorable.
486.0,336.4167,Low,Low,Traffic conditions are favorable.
486.0,336.4167,Low,Low,Traffic conditions are favorable.
486.0,336.4167,Low,Low,Traffic conditions are favorable.
976.0,830.5721,Low,Low,Traffic conditions are favorable.
2704.0,2635.618,Medium,Medium,Expect moderate delays and allow extra travel time.
4879.0,5474.941,High,High,Avoid peak hours or consider an alternative route.
5062.0,6081.563,High,High,Avoid peak hours or consider an alternative route.
4211.0,5586.994,Medium,High,Avoid peak hours or consider an alternative route.
3780.0,4801.2827,Medium,High,Avoid peak hours or consider an alternative route.
3586.0,4288.3306,Medium,Medium,Expect moderate delays and allow extra travel time.
3586.0,4336.2666,Medium,Medium,Expect moderate delays and allow extra travel time.
3611.0,4430.2065,Medium,Medium,Expect moderate delays and allow extra travel time.
3611.0,4429.1772,Medium,Medium,Expect moderate delays and allow extra travel time.
3611.0,4449.5366,Medium,Medium,Expect moderate delays and allow extra travel time.
3719.0,4651.1064,Medium,High,Avoid peak hours or consider an alternative route.
3719.0,4651.1064,Medium,High,Avoid peak hours or consider an alternative route.
3682.0,4711.7812,Medium,High,Avoid peak hours or consider an alternative route.
3928.0,5035.2783,Medium,High,Avoid peak hours or consider an alternative route.
4151.0,5224.067,Medium,High,Avoid peak hours or consider an alternative route.
4151.0,5304.6265,Medium,High,Avoid peak hours or consider an alternative route.
4151.0,5319.235,Medium,High,Avoid peak hours or consider an alternative route.
4151.0,5319.235,Medium,High,Avoid peak hours or consider an alternative route.
3260.0,5735.097,Medium,High,Avoid peak hours or consider an alternative route.
3260.0,5656.2656,Medium,High,Avoid peak hours or consider an alternative route.
3260.0,5901.932,Medium,High,Avoid peak hours or consider an alternative route.
1953.0,5180.925,Low,High,Avoid peak hours or consider an alternative route.
1953.0,5184.577,Low,High,Avoid peak hours or consider an alternative route.
1389.0,3730.318,Low,Medium,Expect moderate delays and allow extra travel time.
1389.0,3835.0725,Low,Medium,Expect moderate delays and allow extra travel time.
1117.0,2593.6802,Low,Medium,Expect moderate delays and allow extra travel time.
1117.0,2843.427,Low,Medium,Expect moderate delays and allow extra travel time.
844.0,1985.065,Low,Medium,Expect moderate delays and allow extra travel time.
844.0,2418.0383,Low,Medium,Expect moderate delays and allow extra travel time.
753.0,1768.7954,Low,Medium,Expect moderate delays and allow extra travel time.
753.0,2150.1587,Low,Low,Traffic conditions are favorable.
694.0,1440.2802,Low,Low,Traffic conditions are favorable.
694.0,1657.0973,Low,Low,Traffic conditions are favorable.
599.0,992.6307,Low,Low,Traffic conditions are favorable.
599.0,1001.2431,Low,Low,Traffic conditions are favorable.
308.0,582.7878,Low,Low,Traffic conditions are favorable.
308.0,632.42664,Low,Low,Traffic conditions are favorable.
242.0,409.79395,Low,Low,Traffic conditions are favorable.
242.0,347.02484,Low,Low,Traffic conditions are favorable.
231.0,286.5342,Low,Low,Traffic conditions are favorable.
231.0,282.86902,Low,Low,Traffic conditions are favorable.
335.0,295.79013,Low,Low,Traffic conditions are favorable.
335.0,297.9259,Low,Low,Traffic conditions are favorable.
807.0,778.93005,Low,Low,Traffic conditions are favorable.
807.0,844.6403,Low,Low,Traffic conditions are favorable.
2537.0,2671.4158,Medium,Medium,Expect moderate delays and allow extra travel time.
2537.0,2670.4631,Medium,Medium,Expect moderate delays and allow extra travel time.
4601.0,5515.591,High,High,Avoid peak hours or consider an alternative route.
4601.0,5381.6753,High,High,Avoid peak hours or consider an alternative route.
4848.0,5961.1514,High,High,Avoid peak hours or consider an alternative route.
4848.0,5926.446,High,High,Avoid peak hours or consider an alternative route.
4623.0,5576.263,High,High,Avoid peak hours or consider an alternative route.
4623.0,5559.169,High,High,Avoid peak hours or consider an alternative route.
4085.0,5121.54,Medium,High,Avoid peak hours or consider an alternative route.
3602.0,4636.3496,Medium,Medium,Expect moderate delays and allow extra travel time.
3781.0,4623.9644,Medium,High,Avoid peak hours or consider an alternative route.
3781.0,4602.6206,Medium,High,Avoid peak hours or consider an alternative route.
3781.0,4611.871,Medium,High,Avoid peak hours or consider an alternative route.
4166.0,4816.412,Medium,High,Avoid peak hours or consider an alternative route.
4671.0,5198.289,High,High,Avoid peak hours or consider an alternative route.
5260.0,5673.409,High,High,Avoid peak hours or consider an alternative route.
6420.0,6354.399,High,High,Avoid peak hours or consider an alternative route.
5874.0,5889.5566,High,High,Avoid peak hours or consider an alternative route.
4400.0,4634.8203,Medium,High,Avoid peak hours or consider an alternative route.
3188.0,3323.74,Medium,Medium,Expect moderate delays and allow extra travel time.
2600.0,3035.548,Medium,Medium,Expect moderate delays and allow extra travel time.
3415.0,2832.3335,Medium,Medium,Expect moderate delays and allow extra travel time.
2587.0,2240.3293,Medium,Low,Traffic conditions are favorable.
1144.0,1301.3793,Low,Low,Traffic conditions are favorable.
591.0,716.8377,Low,Low,Traffic conditions are favorable.
376.0,442.0788,Low,Low,Traffic conditions are favorable.
247.0,399.627,Low,Low,Traffic conditions are favorable.
378.0,399.7591,Low,Low,Traffic conditions are favorable.
921.0,902.7496,Low,Low,Traffic conditions are favorable.
921.0,871.9826,Low,Low,Traffic conditions are favorable.
2875.0,2856.455,Medium,Medium,Expect moderate delays and allow extra travel time.
5670.0,5179.663,High,High,Avoid peak hours or consider an alternative route.
6121.0,5726.259,High,High,Avoid peak hours or consider an alternative route.
5896.0,5587.307,High,High,Avoid peak hours or consider an alternative route.
5343.0,4962.0894,High,High,Avoid peak hours or consider an alternative route.
4619.0,4785.347,High,High,Avoid peak hours or consider an alternative route.
4819.0,4932.716,High,High,Avoid peak hours or consider an alternative route.
4879.0,5051.994,High,High,Avoid peak hours or consider an alternative route.
5093.0,5049.45,High,High,Avoid peak hours or consider an alternative route.
5160.0,5348.5986,High,High,Avoid peak hours or consider an alternative route.
5886.0,5781.5073,High,High,Avoid peak hours or consider an alternative route.
6849.0,6420.426,High,High,Avoid peak hours or consider an alternative route.
5951.0,5965.2817,High,High,Avoid peak hours or consider an alternative route.
4637.0,4691.597,High,High,Avoid peak hours or consider an alternative route.
3367.0,3454.1726,Medium,Medium,Expect moderate delays and allow extra travel time.
3297.0,3034.11,Medium,Medium,Expect moderate delays and allow extra travel time.
2451.0,2846.8826,Medium,Medium,Expect moderate delays and allow extra travel time.
1790.0,2222.3308,Low,Low,Traffic conditions are favorable.
1352.0,1514.4125,Low,Low,Traffic conditions are favorable.
545.0,754.5275,Low,Low,Traffic conditions are favorable.
368.0,469.96512,Low,Low,Traffic conditions are favorable.
260.0,414.83408,Low,Low,Traffic conditions are favorable.
887.0,901.3313,Low,Low,Traffic conditions are favorable.
2788.0,2687.6206,Medium,Medium,Expect moderate delays and allow extra travel time.
5661.0,5392.3145,High,High,Avoid peak hours or consider an alternative route.
6280.0,5981.209,High,High,Avoid peak hours or consider an alternative route.
6042.0,5664.6577,High,High,Avoid peak hours or consider an alternative route.
5221.0,5072.754,High,High,Avoid peak hours or consider an alternative route.
4669.0,4829.0786,High,High,Avoid peak hours or consider an alternative route.
4922.0,4970.744,High,High,Avoid peak hours or consider an alternative route.
4946.0,5110.9175,High,High,Avoid peak hours or consider an alternative route.
5117.0,5181.8486,High,High,Avoid peak hours or consider an alternative route.
5349.0,5494.868,High,High,Avoid peak hours or consider an alternative route.
5983.0,5886.035,High,High,Avoid peak hours or consider an alternative route.
6738.0,6473.616,High,High,Avoid peak hours or consider an alternative route.
6200.0,5982.1914,High,High,Avoid peak hours or consider an alternative route.
5136.0,4753.15,High,High,Avoid peak hours or consider an alternative route.
3509.0,3504.7004,Medium,Medium,Expect moderate delays and allow extra travel time.
3565.0,3207.549,Medium,Medium,Expect moderate delays and allow extra travel time.
2951.0,3087.325,Medium,Medium,Expect moderate delays and allow extra travel time.
2759.0,2662.8906,Medium,Medium,Expect moderate delays and allow extra travel time.
2179.0,1547.4158,Low,Low,Traffic conditions are favorable.
665.0,811.7412,Low,Low,Traffic conditions are favorable.
415.0,493.795,Low,Low,Traffic conditions are favorable.
300.0,420.5502,Low,Low,Traffic conditions are favorable.
2711.0,2504.2148,Medium,Medium,Expect moderate delays and allow extra travel time.
5349.0,5275.0713,High,High,Avoid peak hours or consider an alternative route.
6520.0,5990.442,High,High,Avoid peak hours or consider an alternative route.
5947.0,5626.4507,High,High,Avoid peak hours or consider an alternative route.
5947.0,5634.278,High,High,Avoid peak hours or consider an alternative route.
5174.0,5132.1,High,High,Avoid peak hours or consider an alternative route.
4876.0,4889.5693,High,High,Avoid peak hours or consider an alternative route.
4876.0,4882.0044,High,High,Avoid peak hours or consider an alternative route.
5160.0,5010.6274,High,High,Avoid peak hours or consider an alternative route.
5257.0,5257.0605,High,High,Avoid peak hours or consider an alternative route.
5602.0,5279.952,High,High,Avoid peak hours or consider an alternative route.
5763.0,5554.9355,High,High,Avoid peak hours or consider an alternative route.
6001.0,5918.928,High,High,Avoid peak hours or consider an alternative route.
6641.0,6317.25,High,High,Avoid peak hours or consider an alternative route.
6062.0,5994.054,High,High,Avoid peak hours or consider an alternative route.
5207.0,4776.126,High,High,Avoid peak hours or consider an alternative route.
3864.0,3751.8872,Medium,Medium,Expect moderate delays and allow extra travel time.
3377.0,3231.2188,Medium,Medium,Expect moderate delays and allow extra travel time.
3118.0,3180.7,Medium,Medium,Expect moderate delays and allow extra travel time.
2649.0,2971.878,Medium,Medium,Expect moderate delays and allow extra travel time.
2989.0,2184.823,Medium,Low,Traffic conditions are favorable.
1175.0,1362.862,Low,Low,Traffic conditions are favorable.
685.0,806.3178,Low,Low,Traffic conditions are favorable.
358.0,566.4713,Low,Low,Traffic conditions are favorable.
404.0,480.15808,Low,Low,Traffic conditions are favorable.
696.0,767.4587,Low,Low,Traffic conditions are favorable.
1242.0,1572.1318,Low,Low,Traffic conditions are favorable.
1911.0,2232.379,Low,Low,Traffic conditions are favorable.
3100.0,2869.5078,Medium,Medium,Expect moderate delays and allow extra travel time.
4057.0,3455.5488,Medium,Medium,Expect moderate delays and allow extra travel time.
4476.0,4021.3755,Medium,Medium,Expect moderate delays and allow extra travel time.
4732.0,4288.5303,High,Medium,Expect moderate delays and allow extra travel time.
5312.0,4738.869,High,High,Avoid peak hours or consider an alternative route.
4990.0,4831.113,High,High,Avoid peak hours or consider an alternative route.
5404.0,4804.9004,High,High,Avoid peak hours or consider an alternative route.
5548.0,4866.9688,High,High,Avoid peak hours or consider an alternative route.
5194.0,4893.244,High,High,Avoid peak hours or consider an alternative route.
5142.0,4638.1016,High,High,Avoid peak hours or consider an alternative route.
4776.0,4257.4585,High,Medium,Expect moderate delays and allow extra travel time.
4004.0,3529.3162,Medium,Medium,Expect moderate delays and allow extra travel time.
3223.0,3170.2803,Medium,Medium,Expect moderate delays and allow extra travel time.
3602.0,3122.6743,Medium,Medium,Expect moderate delays and allow extra travel time.
4040.0,2923.2205,Medium,Medium,Expect moderate delays and allow extra travel time.
2433.0,2353.6853,Medium,Low,Traffic conditions are favorable.
1662.0,1359.9502,Low,Low,Traffic conditions are favorable.
1662.0,1396.9789,Low,Low,Traffic conditions are favorable.
975.0,844.40106,Low,Low,Traffic conditions are favorable.
975.0,808.54425,Low,Low,Traffic conditions are favorable.
420.0,502.9355,Low,Low,Traffic conditions are favorable.
420.0,450.4603,Low,Low,Traffic conditions are favorable.
420.0,450.53317,Low,Low,Traffic conditions are favorable.
419.0,328.83807,Low,Low,Traffic conditions are favorable.
419.0,318.0227,Low,Low,Traffic conditions are favorable.
419.0,329.63992,Low,Low,Traffic conditions are favorable.
490.0,433.88486,Low,Low,Traffic conditions are favorable.
490.0,462.46048,Low,Low,Traffic conditions are favorable.
490.0,530.8847,Low,Low,Traffic conditions are favorable.
740.0,861.0773,Low,Low,Traffic conditions are favorable.
740.0,865.40186,Low,Low,Traffic conditions are favorable.
740.0,827.06213,Low,Low,Traffic conditions are favorable.
1039.0,1404.8917,Low,Low,Traffic conditions are favorable.
1039.0,1475.1117,Low,Low,Traffic conditions are favorable.
1039.0,1379.0421,Low,Low,Traffic conditions are favorable.
1607.0,1986.3573,Low,Low,Traffic conditions are favorable.
1607.0,2094.6768,Low,Low,Traffic conditions are favorable.
2559.0,2764.0085,Medium,Medium,Expect moderate delays and allow extra travel time.
3400.0,3356.574,Medium,Medium,Expect moderate delays and allow extra travel time.
3810.0,3681.9807,Medium,Medium,Expect moderate delays and allow extra travel time.
4339.0,4233.2793,Medium,Medium,Expect moderate delays and allow extra travel time.
4339.0,4202.765,Medium,Medium,Expect moderate delays and allow extra travel time.
4840.0,4259.1113,High,Medium,Expect moderate delays and allow extra travel time.
4749.0,4376.199,High,Medium,Expect moderate delays and allow extra travel time.
4396.0,4402.6035,Medium,Medium,Expect moderate delays and allow extra travel time.
4242.0,4449.085,Medium,Medium,Expect moderate delays and allow extra travel time.
4242.0,4423.811,Medium,Medium,Expect moderate delays and allow extra travel time.
4068.0,4090.3684,Medium,Medium,Expect moderate delays and allow extra travel time.
3571.0,3639.5945,Medium,Medium,Expect moderate delays and allow extra travel time.
2939.0,3042.3506,Medium,Medium,Expect moderate delays and allow extra travel time.
2939.0,2995.9385,Medium,Medium,Expect moderate delays and allow extra travel time.
2546.0,2574.4268,Medium,Medium,Expect moderate delays and allow extra travel time.
2546.0,2546.3413,Medium,Medium,Expect moderate delays and allow extra travel time.
2118.0,2562.8882,Low,Medium,Expect moderate delays and allow extra travel time.
1523.0,1962.147,Low,Low,Traffic conditions are favorable.
1000.0,1360.8622,Low,Low,Traffic conditions are favorable.
528.0,688.6073,Low,Low,Traffic conditions are favorable.
360.0,435.41708,Low,Low,Traffic conditions are favorable.
228.0,382.3037,Low,Low,Traffic conditions are favorable.
356.0,399.11606,Low,Low,Traffic conditions are favorable.
851.0,861.71173,Low,Low,Traffic conditions are favorable.
2742.0,2653.0027,Medium,Medium,Expect moderate delays and allow extra travel time.
5331.0,5385.491,High,High,Avoid peak hours or consider an alternative route.
6336.0,5958.042,High,High,Avoid peak hours or consider an alternative route.
5668.0,5537.115,High,High,Avoid peak hours or consider an alternative route.
4693.0,4799.163,High,High,Avoid peak hours or consider an alternative route.
4213.0,4407.703,Medium,Medium,Expect moderate delays and allow extra travel time.
4265.0,4573.3325,Medium,Medium,Expect moderate delays and allow extra travel time.
4666.0,4764.3784,High,High,Avoid peak hours or consider an alternative route.
4748.0,4858.813,High,High,Avoid peak hours or consider an alternative route.
4554.0,5165.777,Medium,High,Avoid peak hours or consider an alternative route.
5784.0,5622.2563,High,High,Avoid peak hours or consider an alternative route.
6655.0,6258.6855,High,High,Avoid peak hours or consider an alternative route.
6001.0,5890.125,High,High,Avoid peak hours or consider an alternative route.
4388.0,4379.0596,Medium,Medium,Expect moderate delays and allow extra travel time.
3346.0,3233.1155,Medium,Medium,Expect moderate delays and allow extra travel time.
2806.0,2657.2695,Medium,Medium,Expect moderate delays and allow extra travel time.
2301.0,2392.377,Medium,Medium,Expect moderate delays and allow extra travel time.
2592.0,1907.5023,Medium,Low,Traffic conditions are favorable.
2003.0,1221.8533,Low,Low,Traffic conditions are favorable.
666.0,672.12164,Low,Low,Traffic conditions are favorable.
414.0,428.14972,Low,Low,Traffic conditions are favorable.
301.0,363.80978,Low,Low,Traffic conditions are favorable.
380.0,372.0322,Low,Low,Traffic conditions are favorable.
2872.0,2722.0994,Medium,Medium,Expect moderate delays and allow extra travel time.
5420.0,5509.433,High,High,Avoid peak hours or consider an alternative route.
6404.0,6113.428,High,High,Avoid peak hours or consider an alternative route.
5880.0,5689.6714,High,High,Avoid peak hours or consider an alternative route.
5093.0,5086.159,High,High,Avoid peak hours or consider an alternative route.
4410.0,4649.0034,Medium,Medium,Expect moderate delays and allow extra travel time.
4591.0,4864.888,High,High,Avoid peak hours or consider an alternative route.
4749.0,4947.696,High,High,Avoid peak hours or consider an alternative route.
5062.0,4982.6807,High,High,Avoid peak hours or consider an alternative route.
5187.0,5213.827,High,High,Avoid peak hours or consider an alternative route.
5895.0,5738.3457,High,High,Avoid peak hours or consider an alternative route.
6366.0,6351.002,High,High,Avoid peak hours or consider an alternative route.
5413.0,5982.8345,High,High,Avoid peak hours or consider an alternative route.
4470.0,4719.6235,Medium,High,Avoid peak hours or consider an alternative route.
3436.0,3343.2039,Medium,Medium,Expect moderate delays and allow extra travel time.
2933.0,3048.4646,Medium,Medium,Expect moderate delays and allow extra travel time.
2736.0,2834.1113,Medium,Medium,Expect moderate delays and allow extra travel time.
3761.0,2224.565,Medium,Low,Traffic conditions are favorable.
665.0,702.4594,Low,Low,Traffic conditions are favorable.
340.0,456.50552,Low,Low,Traffic conditions are favorable.
285.0,399.2062,Low,Low,Traffic conditions are favorable.
378.0,413.6739,Low,Low,Traffic conditions are favorable.
903.0,891.6419,Low,Low,Traffic conditions are favorable.
2785.0,2866.5173,Medium,Medium,Expect moderate delays and allow extra travel time.
5526.0,5553.78,High,High,Avoid peak hours or consider an alternative route.
6542.0,6202.2075,High,High,Avoid peak hours or consider an alternative route.
5854.0,5800.2715,High,High,Avoid peak hours or consider an alternative route.
5312.0,5196.172,High,High,Avoid peak hours or consider an alternative route.
4511.0,4773.7163,Medium,High,Avoid peak hours or consider an alternative route.
4825.0,4946.2554,High,High,Avoid peak hours or consider an alternative route.
4908.0,5112.631,High,High,Avoid peak hours or consider an alternative route.
5044.0,5100.5376,High,High,Avoid peak hours or consider an alternative route.
5251.0,5397.704,High,High,Avoid peak hours or consider an alternative route.
5906.0,5897.8467,High,High,Avoid peak hours or consider an alternative route.
6789.0,6568.3984,High,High,Avoid peak hours or consider an alternative route.
4718.0,4777.746,High,High,Avoid peak hours or consider an alternative route.
3426.0,3566.9773,Medium,Medium,Expect moderate delays and allow extra travel time.
3115.0,3105.183,Medium,Medium,Expect moderate delays and allow extra travel time.
2507.0,2891.7507,Medium,Medium,Expect moderate delays and allow extra travel time.
1810.0,2212.0696,Low,Low,Traffic conditions are favorable.
1094.0,1393.7087,Low,Low,Traffic conditions are favorable.
577.0,761.0933,Low,Low,Traffic conditions are favorable.
354.0,461.86435,Low,Low,Traffic conditions are favorable.
259.0,403.00705,Low,Low,Traffic conditions are favorable.
910.0,900.41205,Low,Low,Traffic conditions are favorable.
2797.0,2793.055,Medium,Medium,Expect moderate delays and allow extra travel time.
6537.0,6238.231,High,High,Avoid peak hours or consider an alternative route.
5907.0,5819.2007,High,High,Avoid peak hours or consider an alternative route.
5177.0,5205.5684,High,High,Avoid peak hours or consider an alternative route.
4675.0,4824.387,High,High,Avoid peak hours or consider an alternative route.
4905.0,4991.1133,High,High,Avoid peak hours or consider an alternative route.
5113.0,5130.6387,High,High,Avoid peak hours or consider an alternative route.
5165.0,5218.8154,High,High,Avoid peak hours or consider an alternative route.
5448.0,5530.8335,High,High,Avoid peak hours or consider an alternative route.
5960.0,5946.0864,High,High,Avoid peak hours or consider an alternative route.
6586.0,6607.718,High,High,Avoid peak hours or consider an alternative route.
6279.0,6078.3926,High,High,Avoid peak hours or consider an alternative route.
4771.0,4788.0083,High,High,Avoid peak hours or consider an alternative route.
3503.0,3535.002,Medium,Medium,Expect moderate delays and allow extra travel time.
3093.0,3202.204,Medium,Medium,Expect moderate delays and allow extra travel time.
2685.0,3110.9792,Medium,Medium,Expect moderate delays and allow extra travel time.
2157.0,2721.0237,Low,Medium,Expect moderate delays and allow extra travel time.
1205.0,1639.0059,Low,Low,Traffic conditions are favorable.
386.0,496.6873,Low,Low,Traffic conditions are favorable.
2731.0,2538.214,Medium,Medium,Expect moderate delays and allow extra travel time.
4997.0,5374.0103,High,High,Avoid peak hours or consider an alternative route.
6242.0,6066.0938,High,High,Avoid peak hours or consider an alternative route.
5574.0,5749.5435,High,High,Avoid peak hours or consider an alternative route.
4900.0,5123.9663,High,High,Avoid peak hours or consider an alternative route.
4578.0,4873.655,High,High,Avoid peak hours or consider an alternative route.
5056.0,4996.5522,High,High,Avoid peak hours or consider an alternative route.
5381.0,5184.647,High,High,Avoid peak hours or consider an alternative route.
5999.0,5921.4297,High,High,Avoid peak hours or consider an alternative route.
6607.0,6333.622,High,High,Avoid peak hours or consider an alternative route.
6023.0,6047.6733,High,High,Avoid peak hours or consider an alternative route.
4952.0,4875.904,High,High,Avoid peak hours or consider an alternative route.
4004.0,3639.9255,Medium,Medium,Expect moderate delays and allow extra travel time.
3503.0,3224.5051,Medium,Medium,Expect moderate delays and allow extra travel time.
3111.0,3189.9812,Medium,Medium,Expect moderate delays and allow extra travel time.
3079.0,2969.257,Medium,Medium,Expect moderate delays and allow extra travel time.
1903.0,2201.7976,Low,Low,Traffic conditions are favorable.
1125.0,1352.2522,Low,Low,Traffic conditions are favorable.
621.0,821.28735,Low,Low,Traffic conditions are favorable.
498.0,599.79065,Low,Low,Traffic conditions are favorable.
386.0,550.84467,Low,Low,Traffic conditions are favorable.
391.0,469.59348,Low,Low,Traffic conditions are favorable.
1167.0,1587.8948,Low,Low,Traffic conditions are favorable.
1895.0,2263.1084,Low,Low,Traffic conditions are favorable.
3095.0,2951.478,Medium,Medium,Expect moderate delays and allow extra travel time.
3956.0,3646.7986,Medium,Medium,Expect moderate delays and allow extra travel time.
4651.0,4159.8145,High,Medium,Expect moderate delays and allow extra travel time.
5278.0,4524.1895,High,Medium,Expect moderate delays and allow extra travel time.
5798.0,4895.658,High,High,Avoid peak hours or consider an alternative route.
5686.0,4879.3975,High,High,Avoid peak hours or consider an alternative route.
5616.0,4898.812,High,High,Avoid peak hours or consider an alternative route.
5217.0,4909.958,High,High,Avoid peak hours or consider an alternative route.
4708.0,4957.3745,High,High,Avoid peak hours or consider an alternative route.
4954.0,4690.789,High,High,Avoid peak hours or consider an alternative route.
4595.0,4393.694,High,Medium,Expect moderate delays and allow extra travel time.
3918.0,3730.1025,Medium,Medium,Expect moderate delays and allow extra travel time.
3534.0,3317.8562,Medium,Medium,Expect moderate delays and allow extra travel time.
3351.0,3209.5186,Medium,Medium,Expect moderate delays and allow extra travel time.
3739.0,2997.1267,Medium,Medium,Expect moderate delays and allow extra travel time.
2596.0,2421.8254,Medium,Low,Traffic conditions are favorable.
1642.0,1424.0204,Low,Low,Traffic conditions are favorable.
1075.0,883.0402,Low,Low,Traffic conditions are favorable.
719.0,620.5299,Low,Low,Traffic conditions are favorable.
417.0,514.7748,Low,Low,Traffic conditions are favorable.
321.0,403.65152,Low,Low,Traffic conditions are favorable.
439.0,531.40594,Low,Low,Traffic conditions are favorable.
761.0,1015.4034,Low,Low,Traffic conditions are favorable.
1020.0,1462.4181,Low,Low,Traffic conditions are favorable.
1840.0,2119.4536,Low,Low,Traffic conditions are favorable.
2776.0,2879.0645,Medium,Medium,Expect moderate delays and allow extra travel time.
3658.0,3523.5325,Medium,Medium,Expect moderate delays and allow extra travel time.
4175.0,3931.3345,Medium,Medium,Expect moderate delays and allow extra travel time.
4575.0,4463.595,High,Medium,Expect moderate delays and allow extra travel time.
4713.0,4463.595,High,Medium,Expect moderate delays and allow extra travel time.
4783.0,4476.912,High,Medium,Expect moderate delays and allow extra travel time.
4797.0,4500.0933,High,Medium,Expect moderate delays and allow extra travel time.
4727.0,4558.562,High,Medium,Expect moderate delays and allow extra travel time.
4649.0,4228.4663,High,Medium,Expect moderate delays and allow extra travel time.
3868.0,3944.7092,Medium,Medium,Expect moderate delays and allow extra travel time.
3174.0,3353.0044,Medium,Medium,Expect moderate delays and allow extra travel time.
2692.0,2873.9019,Medium,Medium,Expect moderate delays and allow extra travel time.
2068.0,2586.1184,Low,Medium,Expect moderate delays and allow extra travel time.
1560.0,1982.8951,Low,Low,Traffic conditions are favorable.
966.0,1322.4656,Low,Low,Traffic conditions are favorable.
540.0,645.2205,Low,Low,Traffic conditions are favorable.
293.0,410.5352,Low,Low,Traffic conditions are favorable.
254.0,362.97046,Low,Low,Traffic conditions are favorable.
348.0,418.6804,Low,Low,Traffic conditions are favorable.
819.0,820.3834,Low,Low,Traffic conditions are favorable.
5370.0,5264.5723,High,High,Avoid peak hours or consider an alternative route.
6710.0,5858.64,High,High,Avoid peak hours or consider an alternative route.
5983.0,5668.6826,High,High,Avoid peak hours or consider an alternative route.
4958.0,4632.4243,High,High,Avoid peak hours or consider an alternative route.
4320.0,4160.7734,Medium,Medium,Expect moderate delays and allow extra travel time.
4551.0,4513.049,Medium,High,Avoid peak hours or consider an alternative route.
4636.0,4646.9536,High,High,Avoid peak hours or consider an alternative route.
4712.0,4683.0215,High,High,Avoid peak hours or consider an alternative route.
4974.0,5026.6016,High,High,Avoid peak hours or consider an alternative route.
5694.0,5627.8345,High,High,Avoid peak hours or consider an alternative route.
6470.0,6189.1636,High,High,Avoid peak hours or consider an alternative route.
5955.0,5784.701,High,High,Avoid peak hours or consider an alternative route.
4314.0,4253.243,Medium,Medium,Expect moderate delays and allow extra travel time.
3201.0,3113.8381,Medium,Medium,Expect moderate delays and allow extra travel time.
2582.0,2548.1313,Medium,Medium,Expect moderate delays and allow extra travel time.
2628.0,2263.6194,Medium,Medium,Expect moderate delays and allow extra travel time.
3231.0,1801.6328,Medium,Low,Traffic conditions are favorable.
1086.0,1154.3969,Low,Low,Traffic conditions are favorable.
556.0,667.9063,Low,Low,Traffic conditions are favorable.
337.0,444.73358,Low,Low,Traffic conditions are favorable.
353.0,378.58527,Low,Low,Traffic conditions are favorable.
885.0,845.38635,Low,Low,Traffic conditions are favorable.
2867.0,2736.6074,Medium,Medium,Expect moderate delays and allow extra travel time.
6426.0,5913.905,High,High,Avoid peak hours or consider an alternative route.
5876.0,5549.2734,High,High,Avoid peak hours or consider an alternative route.
5130.0,4937.623,High,High,Avoid peak hours or consider an alternative route.
5130.0,4942.082,High,High,Avoid peak hours or consider an alternative route.
4406.0,4469.734,Medium,Medium,Expect moderate delays and allow extra travel time.
4406.0,4463.7104,Medium,Medium,Expect moderate delays and allow extra travel time.
4406.0,4470.763,Medium,Medium,Expect moderate delays and allow extra travel time.
4427.0,4611.871,Medium,High,Avoid peak hours or consider an alternative route.
4427.0,4604.8184,Medium,High,Avoid peak hours or consider an alternative route.
4600.0,4729.3013,High,High,Avoid peak hours or consider an alternative route.
4600.0,4711.933,High,High,Avoid peak hours or consider an alternative route.
4696.0,4728.3745,High,High,Avoid peak hours or consider an alternative route.
4696.0,4727.499,High,High,Avoid peak hours or consider an alternative route.
4958.0,5024.5117,High,High,Avoid peak hours or consider an alternative route.
4958.0,5018.4883,High,High,Avoid peak hours or consider an alternative route.
4958.0,5024.5117,High,High,Avoid peak hours or consider an alternative route.
4958.0,5039.412,High,High,Avoid peak hours or consider an alternative route.
4958.0,5023.559,High,High,Avoid peak hours or consider an alternative route.
5690.0,5476.6807,High,High,Avoid peak hours or consider an alternative route.
5690.0,5549.555,High,High,Avoid peak hours or consider an alternative route.
5690.0,5478.4585,High,High,Avoid peak hours or consider an alternative route.
5690.0,5449.6885,High,High,Avoid peak hours or consider an alternative route.
6097.0,5697.354,High,High,Avoid peak hours or consider an alternative route.
6097.0,5726.124,High,High,Avoid peak hours or consider an alternative route.
4569.0,4454.4663,Medium,Medium,Expect moderate delays and allow extra travel time.
3098.0,3134.6665,Medium,Medium,Expect moderate delays and allow extra travel time.
3098.0,3118.5293,Medium,Medium,Expect moderate delays and allow extra travel time.
2741.0,2849.317,Medium,Medium,Expect moderate delays and allow extra travel time.
2741.0,2821.2314,Medium,Medium,Expect moderate delays and allow extra travel time.
2741.0,2849.317,Medium,Medium,Expect moderate delays and allow extra travel time.
2517.0,2636.8262,Medium,Medium,Expect moderate delays and allow extra travel time.
2517.0,2620.2136,Medium,Medium,Expect moderate delays and allow extra travel time.
2517.0,2636.8262,Medium,Medium,Expect moderate delays and allow extra travel time.
1621.0,2214.9849,Low,Low,Traffic conditions are favorable.
1062.0,1400.0923,Low,Low,Traffic conditions are favorable.
578.0,701.15656,Low,Low,Traffic conditions are favorable.
335.0,450.80756,Low,Low,Traffic conditions are favorable.
261.0,397.88864,Low,Low,Traffic conditions are favorable.
353.0,418.77786,Low,Low,Traffic conditions are favorable.
893.0,860.9227,Low,Low,Traffic conditions are favorable.
2950.0,2697.942,Medium,Medium,Expect moderate delays and allow extra travel time.
5538.0,5365.293,High,High,Avoid peak hours or consider an alternative route.
6840.0,6059.846,High,High,Avoid peak hours or consider an alternative route.
6218.0,5701.065,High,High,Avoid peak hours or consider an alternative route.
5356.0,4976.437,High,High,Avoid peak hours or consider an alternative route.
5356.0,4986.9023,High,High,Avoid peak hours or consider an alternative route.
4551.0,4539.5493,Medium,Medium,Expect moderate delays and allow extra travel time.
4807.0,4680.657,High,High,Avoid peak hours or consider an alternative route.
4993.0,5010.608,High,High,Avoid peak hours or consider an alternative route.
4879.0,5015.5366,High,High,Avoid peak hours or consider an alternative route.
5173.0,5399.2256,High,High,Avoid peak hours or consider an alternative route.
5863.0,5774.602,High,High,Avoid peak hours or consider an alternative route.
6790.0,6506.357,High,High,Avoid peak hours or consider an alternative route.
6310.0,6001.477,High,High,Avoid peak hours or consider an alternative route.
3493.0,3387.9602,Medium,Medium,Expect moderate delays and allow extra travel time.
2991.0,2971.14,Medium,Medium,Expect moderate delays and allow extra travel time.
2592.0,2777.5671,Medium,Medium,Expect moderate delays and allow extra travel time.
1664.0,2161.0369,Low,Low,Traffic conditions are favorable.
1093.0,1341.28,Low,Low,Traffic conditions are favorable.
609.0,764.4213,Low,Low,Traffic conditions are favorable.
346.0,472.7959,Low,Low,Traffic conditions are favorable.
228.0,418.3933,Low,Low,Traffic conditions are favorable.
330.0,426.63855,Low,Low,Traffic conditions are favorable.
868.0,902.301,Low,Low,Traffic conditions are favorable.
2903.0,2799.3484,Medium,Medium,Expect moderate delays and allow extra travel time.
5530.0,5557.472,High,High,Avoid peak hours or consider an alternative route.
6833.0,6132.3145,High,High,Avoid peak hours or consider an alternative route.
6206.0,5770.6514,High,High,Avoid peak hours or consider an alternative route.
5222.0,5059.943,High,High,Avoid peak hours or consider an alternative route.
4573.0,4657.2363,Medium,High,Avoid peak hours or consider an alternative route.
5059.0,4874.41,High,High,Avoid peak hours or consider an alternative route.
5162.0,5173.1265,High,High,Avoid peak hours or consider an alternative route.
5165.0,5137.153,High,High,Avoid peak hours or consider an alternative route.
5386.0,5444.7246,High,High,Avoid peak hours or consider an alternative route.
5963.0,5999.449,High,High,Avoid peak hours or consider an alternative route.
6918.0,6584.765,High,High,Avoid peak hours or consider an alternative route.
6374.0,6047.7075,High,High,Avoid peak hours or consider an alternative route.
4694.0,4854.7056,High,High,Avoid peak hours or consider an alternative route.
3737.0,3682.2156,Medium,Medium,Expect moderate delays and allow extra travel time.
3510.0,3256.3025,Medium,Medium,Expect moderate delays and allow extra travel time.
2896.0,3079.9624,Medium,Medium,Expect moderate delays and allow extra travel time.
2298.0,2740.1348,Medium,Medium,Expect moderate delays and allow extra travel time.
1235.0,1684.6208,Low,Low,Traffic conditions are favorable.
645.0,821.9959,Low,Low,Traffic conditions are favorable.
379.0,496.6873,Low,Low,Traffic conditions are favorable.
285.0,418.56372,Low,Low,Traffic conditions are favorable.
382.0,419.64307,Low,Low,Traffic conditions are favorable.
2744.0,2533.11,Medium,Medium,Expect moderate delays and allow extra travel time.
5245.0,5340.6216,High,High,Avoid peak hours or consider an alternative route.
6407.0,6102.893,High,High,Avoid peak hours or consider an alternative route.
5885.0,5679.6406,High,High,Avoid peak hours or consider an alternative route.
5294.0,5043.5894,High,High,Avoid peak hours or consider an alternative route.
4876.0,4899.932,High,High,Avoid peak hours or consider an alternative route.
5230.0,4964.6943,High,High,Avoid peak hours or consider an alternative route.
5405.0,5196.1245,High,High,Avoid peak hours or consider an alternative route.
5369.0,5224.73,High,High,Avoid peak hours or consider an alternative route.
5525.0,5481.9,High,High,Avoid peak hours or consider an alternative route.
6042.0,5972.5483,High,High,Avoid peak hours or consider an alternative route.
6712.0,6339.5254,High,High,Avoid peak hours or consider an alternative route.
6248.0,5993.956,High,High,Avoid peak hours or consider an alternative route.
5041.0,4833.859,High,High,Avoid peak hours or consider an alternative route.
4067.0,3721.8667,Medium,Medium,Expect moderate delays and allow extra travel time.
3229.0,3307.8425,Medium,Medium,Expect moderate delays and allow extra travel time.
2915.0,3043.5327,Medium,Medium,Expect moderate delays and allow extra travel time.
2928.0,2899.3225,Medium,Medium,Expect moderate delays and allow extra travel time.
2932.0,2311.6448,Medium,Low,Traffic conditions are favorable.
1453.0,1337.9917,Low,Low,Traffic conditions are favorable.
950.0,806.9514,Low,Low,Traffic conditions are favorable.
3912.0,3596.8264,Medium,Medium,Expect moderate delays and allow extra travel time.
4466.0,4068.9797,Medium,Medium,Expect moderate delays and allow extra travel time.
6006.0,4444.786,High,Medium,Expect moderate delays and allow extra travel time.
6470.0,4898.159,High,High,Avoid peak hours or consider an alternative route.
5148.0,4899.937,High,High,Avoid peak hours or consider an alternative route.
4994.0,4900.59,High,High,Avoid peak hours or consider an alternative route.
5019.0,4898.447,High,High,Avoid peak hours or consider an alternative route.
4874.0,4941.114,High,High,Avoid peak hours or consider an alternative route.
4787.0,4690.789,High,High,Avoid peak hours or consider an alternative route.
3788.0,3730.1025,Medium,Medium,Expect moderate delays and allow extra travel time.
3044.0,3288.525,Medium,Medium,Expect moderate delays and allow extra travel time.
3602.0,3168.978,Medium,Medium,Expect moderate delays and allow extra travel time.
4409.0,2961.9421,Medium,Medium,Expect moderate delays and allow extra travel time.
2104.0,2430.7961,Low,Medium,Expect moderate delays and allow extra travel time.
1324.0,1430.4233,Low,Low,Traffic conditions are favorable.
795.0,914.5885,Low,Low,Traffic conditions are favorable.
658.0,618.54785,Low,Low,Traffic conditions are favorable.
340.0,513.20483,Low,Low,Traffic conditions are favorable.
274.0,392.91266,Low,Low,Traffic conditions are favorable.
440.0,517.3763,Low,Low,Traffic conditions are favorable.
771.0,946.567,Low,Low,Traffic conditions are favorable.
1158.0,1419.7069,Low,Low,Traffic conditions are favorable.
1847.0,2136.5476,Low,Low,Traffic conditions are favorable.
2788.0,2982.1462,Medium,Medium,Expect moderate delays and allow extra travel time.
3617.0,3595.5403,Medium,Medium,Expect moderate delays and allow extra travel time.
3939.0,3914.008,Medium,Medium,Expect moderate delays and allow extra travel time.
4628.0,4418.1807,High,Medium,Expect moderate delays and allow extra travel time.
4615.0,4510.8647,High,Medium,Expect moderate delays and allow extra travel time.
4447.0,4500.1475,Medium,Medium,Expect moderate delays and allow extra travel time.
4447.0,4512.1865,Medium,Medium,Expect moderate delays and allow extra travel time.
4540.0,4570.6553,Medium,Medium,Expect moderate delays and allow extra travel time.
4345.0,4258.554,Medium,Medium,Expect moderate delays and allow extra travel time.
3799.0,3944.7092,Medium,Medium,Expect moderate delays and allow extra travel time.
2980.0,3432.1726,Medium,Medium,Expect moderate delays and allow extra travel time.
2784.0,2863.0032,Medium,Medium,Expect moderate delays and allow extra travel time.
3967.0,2642.2007,Medium,Medium,Expect moderate delays and allow extra travel time.
1794.0,2002.006,Low,Low,Traffic conditions are favorable.
984.0,1321.4069,Low,Low,Traffic conditions are favorable.
518.0,634.69586,Low,Low,Traffic conditions are favorable.
325.0,392.14688,Low,Low,Traffic conditions are favorable.
248.0,373.63794,Low,Low,Traffic conditions are favorable.
336.0,356.4702,Low,Low,Traffic conditions are favorable.
336.0,356.45178,Low,Low,Traffic conditions are favorable.
851.0,756.9867,Low,Low,Traffic conditions are favorable.
2625.0,2526.2163,Medium,Medium,Expect moderate delays and allow extra travel time.
2625.0,2567.835,Medium,Medium,Expect moderate delays and allow extra travel time.
5213.0,5303.9663,High,High,Avoid peak hours or consider an alternative route.
5213.0,5302.937,High,High,Avoid peak hours or consider an alternative route.
6382.0,5857.7334,High,High,Avoid peak hours or consider an alternative route.
5654.0,5372.4844,High,High,Avoid peak hours or consider an alternative route.
4843.0,4671.2373,High,High,Avoid peak hours or consider an alternative route.
4129.0,4164.159,Medium,Medium,Expect moderate delays and allow extra travel time.
4370.0,4469.382,Medium,Medium,Expect moderate delays and allow extra travel time.
4562.0,4844.741,Medium,High,Avoid peak hours or consider an alternative route.
4661.0,4719.3413,High,High,Avoid peak hours or consider an alternative route.
4992.0,4953.727,High,High,Avoid peak hours or consider an alternative route.
4992.0,4993.625,High,High,Avoid peak hours or consider an alternative route.
5494.0,5465.896,High,High,Avoid peak hours or consider an alternative route.
6402.0,6113.417,High,High,Avoid peak hours or consider an alternative route.
6402.0,6120.773,High,High,Avoid peak hours or consider an alternative route.
5956.0,5722.57,High,High,Avoid peak hours or consider an alternative route.
5956.0,5596.228,High,High,Avoid peak hours or consider an alternative route.
5956.0,5708.9546,High,High,Avoid peak hours or consider an alternative route.
4041.0,4074.9734,Medium,Medium,Expect moderate delays and allow extra travel time.
4041.0,4080.349,Medium,Medium,Expect moderate delays and allow extra travel time.
3000.0,2881.1506,Medium,Medium,Expect moderate delays and allow extra travel time.
3000.0,2888.3044,Medium,Medium,Expect moderate delays and allow extra travel time.
3000.0,2921.0488,Medium,Medium,Expect moderate delays and allow extra travel time.
2500.0,2465.7764,Medium,Medium,Expect moderate delays and allow extra travel time.
2500.0,2462.4038,Medium,Medium,Expect moderate delays and allow extra travel time.
2500.0,2564.1477,Medium,Medium,Expect moderate delays and allow extra travel time.
2012.0,2206.6924,Low,Low,Traffic conditions are favorable.
2012.0,2219.8735,Low,Medium,Expect moderate delays and allow extra travel time.
2012.0,2219.8735,Low,Medium,Expect moderate delays and allow extra travel time.
1413.0,1696.8833,Low,Low,Traffic conditions are favorable.
1413.0,1703.2407,Low,Low,Traffic conditions are favorable.
877.0,1050.5051,Low,Low,Traffic conditions are favorable.
877.0,1063.1012,Low,Low,Traffic conditions are favorable.
516.0,611.8481,Low,Low,Traffic conditions are favorable.
516.0,654.4423,Low,Low,Traffic conditions are favorable.
516.0,592.6669,Low,Low,Traffic conditions are favorable.
516.0,611.8481,Low,Low,Traffic conditions are favorable.
313.0,369.48227,Low,Low,Traffic conditions are favorable.
313.0,334.84293,Low,Low,Traffic conditions are favorable.
313.0,366.07288,Low,Low,Traffic conditions are favorable.
313.0,366.07288,Low,Low,Traffic conditions are favorable.
249.0,369.11887,Low,Low,Traffic conditions are favorable.
344.0,319.95932,Low,Low,Traffic conditions are favorable.
879.0,803.67596,Low,Low,Traffic conditions are favorable.
2781.0,2694.4785,Medium,Medium,Expect moderate delays and allow extra travel time.
5421.0,5469.762,High,High,Avoid peak hours or consider an alternative route.
6696.0,6040.394,High,High,Avoid peak hours or consider an alternative route.
6696.0,5989.5273,High,High,Avoid peak hours or consider an alternative route.
5970.0,5608.4775,High,High,Avoid peak hours or consider an alternative route.
5970.0,5606.806,High,High,Avoid peak hours or consider an alternative route.
5088.0,5001.5967,High,High,Avoid peak hours or consider an alternative route.
5088.0,5000.6646,High,High,Avoid peak hours or consider an alternative route.
4388.0,4513.3296,Medium,Medium,Expect moderate delays and allow extra travel time.
4466.0,4803.318,Medium,High,Avoid peak hours or consider an alternative route.
5025.0,4819.1445,High,High,Avoid peak hours or consider an alternative route.
4793.0,4957.1953,High,High,Avoid peak hours or consider an alternative route.
5801.0,5829.4883,High,High,Avoid peak hours or consider an alternative route.
6868.0,6559.3374,High,High,Avoid peak hours or consider an alternative route.
6139.0,6040.2993,High,High,Avoid peak hours or consider an alternative route.
4715.0,4737.042,High,High,Avoid peak hours or consider an alternative route.
2952.0,3105.986,Medium,Medium,Expect moderate delays and allow extra travel time.
2415.0,2841.3528,Medium,Medium,Expect moderate delays and allow extra travel time.
2058.0,2201.7092,Low,Low,Traffic conditions are favorable.
1060.0,1421.8125,Low,Low,Traffic conditions are favorable.
600.0,696.9752,Low,Low,Traffic conditions are favorable.
380.0,454.3062,Low,Low,Traffic conditions are favorable.
263.0,399.2062,Low,Low,Traffic conditions are favorable.
352.0,399.0433,Low,Low,Traffic conditions are favorable.
859.0,892.23584,Low,Low,Traffic conditions are favorable.
2825.0,2866.9836,Medium,Medium,Expect moderate delays and allow extra travel time.
2825.0,2794.1887,Medium,Medium,Expect moderate delays and allow extra travel time.
5355.0,5621.8687,High,High,Avoid peak hours or consider an alternative route.
6650.0,6296.5747,High,High,Avoid peak hours or consider an alternative route.
6014.0,5849.3086,High,High,Avoid peak hours or consider an alternative route.
5082.0,5253.2915,High,High,Avoid peak hours or consider an alternative route.
4655.0,4821.6025,High,High,Avoid peak hours or consider an alternative route.
4775.0,4888.5503,High,High,Avoid peak hours or consider an alternative route.
5066.0,5112.631,High,High,Avoid peak hours or consider an alternative route.
5197.0,5032.358,High,High,Avoid peak hours or consider an alternative route.
5484.0,5329.104,High,High,Avoid peak hours or consider an alternative route.
5938.0,5825.3354,High,High,Avoid peak hours or consider an alternative route.
6988.0,6572.8315,High,High,Avoid peak hours or consider an alternative route.
6540.0,5957.4746,High,High,Avoid peak hours or consider an alternative route.
6540.0,5996.8325,High,High,Avoid peak hours or consider an alternative route.
4918.0,4729.1255,High,High,Avoid peak hours or consider an alternative route.
3392.0,3512.3022,Medium,Medium,Expect moderate delays and allow extra travel time.
3105.0,3143.6443,Medium,Medium,Expect moderate delays and allow extra travel time.
2616.0,2765.0225,Medium,Medium,Expect moderate delays and allow extra travel time.
1736.0,2254.0789,Low,Low,Traffic conditions are favorable.
1132.0,1436.3401,Low,Low,Traffic conditions are favorable.
553.0,759.36646,Low,Low,Traffic conditions are favorable.
354.0,495.40656,Low,Low,Traffic conditions are favorable.
353.0,417.05072,Low,Low,Traffic conditions are favorable.
859.0,897.5947,Low,Low,Traffic conditions are favorable.
2804.0,2769.6948,Medium,Medium,Expect moderate delays and allow extra travel time.
5405.0,5538.6343,High,High,Avoid peak hours or consider an alternative route.
6460.0,6232.635,High,High,Avoid peak hours or consider an alternative route.
6002.0,5813.6035,High,High,Avoid peak hours or consider an alternative route.
4995.0,5203.7886,High,High,Avoid peak hours or consider an alternative route.
4579.0,4815.466,High,High,Avoid peak hours or consider an alternative route.
5058.0,4978.119,High,High,Avoid peak hours or consider an alternative route.
5252.0,5181.8486,High,High,Avoid peak hours or consider an alternative route.
5338.0,5220.5933,High,High,Avoid peak hours or consider an alternative route.
5562.0,5530.8335,High,High,Avoid peak hours or consider an alternative route.
6040.0,5944.3086,High,High,Avoid peak hours or consider an alternative route.
6034.0,6101.425,High,High,Avoid peak hours or consider an alternative route.
5050.0,4854.7056,High,High,Avoid peak hours or consider an alternative route.
3656.0,3717.506,Medium,Medium,Expect moderate delays and allow extra travel time.
3373.0,3228.749,Medium,Medium,Expect moderate delays and allow extra travel time.
3584.0,3079.9624,Medium,Medium,Expect moderate delays and allow extra travel time.
3691.0,2760.1343,Medium,Medium,Expect moderate delays and allow extra travel time.
1484.0,1666.3992,Low,Low,Traffic conditions are favorable.
817.0,823.56586,Low,Low,Traffic conditions are favorable.
413.0,494.38745,Low,Low,Traffic conditions are favorable.
329.0,416.9938,Low,Low,Traffic conditions are favorable.
359.0,420.69376,Low,Low,Traffic conditions are favorable.
749.0,858.8399,Low,Low,Traffic conditions are favorable.
2367.0,2531.8652,Medium,Medium,Expect moderate delays and allow extra travel time.
4463.0,5338.6396,Medium,High,Avoid peak hours or consider an alternative route.
5449.0,6046.5215,High,High,Avoid peak hours or consider an alternative route.
5227.0,5744.2476,High,High,Avoid peak hours or consider an alternative route.
4892.0,4771.366,High,High,Avoid peak hours or consider an alternative route.
5350.0,4911.8325,High,High,Avoid peak hours or consider an alternative route.
5783.0,5160.0933,High,High,Avoid peak hours or consider an alternative route.
5589.0,5160.0933,High,High,Avoid peak hours or consider an alternative route.
5713.0,5457.0093,High,High,Avoid peak hours or consider an alternative route.
5936.0,5870.188,High,High,Avoid peak hours or consider an alternative route.
5936.0,5870.188,High,High,Avoid peak hours or consider an alternative route.
6137.0,6289.312,High,High,Avoid peak hours or consider an alternative route.
5289.0,5993.956,High,High,Avoid peak hours or consider an alternative route.
4573.0,4780.5845,Medium,High,Avoid peak hours or consider an alternative route.
3604.0,3519.953,Medium,Medium,Expect moderate delays and allow extra travel time.
3233.0,3245.394,Medium,Medium,Expect moderate delays and allow extra travel time.
3024.0,3145.1997,Medium,Medium,Expect moderate delays and allow extra travel time.
2358.0,2917.5566,Medium,Medium,Expect moderate delays and allow extra travel time.
1685.0,2049.1365,Low,Low,Traffic conditions are favorable.
963.0,1137.5353,Low,Low,Traffic conditions are favorable.
963.0,1274.6499,Low,Low,Traffic conditions are favorable.
580.0,737.51135,Low,Low,Traffic conditions are favorable.
580.0,708.111,Low,Low,Traffic conditions are favorable.
580.0,673.00134,Low,Low,Traffic conditions are favorable.
485.0,241.42299,Low,Low,Traffic conditions are favorable.
386.0,500.96918,Low,Low,Traffic conditions are favorable.
386.0,504.99652,Low,Low,Traffic conditions are favorable.
352.0,417.11328,Low,Low,Traffic conditions are favorable.
352.0,134.12158,Low,Low,Traffic conditions are favorable.
588.0,687.3276,Low,Low,Traffic conditions are favorable.
588.0,698.2822,Low,Low,Traffic conditions are favorable.
588.0,645.6938,Low,Low,Traffic conditions are favorable.
588.0,658.3365,Low,Low,Traffic conditions are favorable.
1045.0,1153.4048,Low,Low,Traffic conditions are favorable.
1045.0,1472.8527,Low,Low,Traffic conditions are favorable.
1045.0,1431.3411,Low,Low,Traffic conditions are favorable.
1556.0,2091.1423,Low,Low,Traffic conditions are favorable.
1556.0,2072.743,Low,Low,Traffic conditions are favorable.
2289.0,2784.0186,Medium,Medium,Expect moderate delays and allow extra travel time.
3092.0,3446.8298,Medium,Medium,Expect moderate delays and allow extra travel time.
3092.0,3446.8298,Medium,Medium,Expect moderate delays and allow extra travel time.
3629.0,4041.0059,Medium,Medium,Expect moderate delays and allow extra travel time.
4051.0,4493.5303,Medium,Medium,Expect moderate delays and allow extra travel time.
4348.0,4864.395,Medium,High,Avoid peak hours or consider an alternative route.
4337.0,4850.32,Medium,High,Avoid peak hours or consider an alternative route.
4548.0,4874.268,Medium,High,Avoid peak hours or consider an alternative route.
4222.0,4918.054,Medium,High,Avoid peak hours or consider an alternative route.
4155.0,4649.692,Medium,High,Avoid peak hours or consider an alternative route.
3993.0,4330.3574,Medium,Medium,Expect moderate delays and allow extra travel time.
3333.0,3588.673,Medium,Medium,Expect moderate delays and allow extra travel time.
2910.0,3246.7832,Medium,Medium,Expect moderate delays and allow extra travel time.
2761.0,3157.2295,Medium,Medium,Expect moderate delays and allow extra travel time.
2695.0,2959.0872,Medium,Medium,Expect moderate delays and allow extra travel time.
1771.0,2363.737,Low,Low,Traffic conditions are favorable.
1128.0,1415.7263,Low,Low,Traffic conditions are favorable.
652.0,873.86163,Low,Low,Traffic conditions are favorable.
520.0,624.1327,Low,Low,Traffic conditions are favorable.
313.0,518.5113,Low,Low,Traffic conditions are favorable.
249.0,396.64938,Low,Low,Traffic conditions are favorable.
426.0,505.464,Low,Low,Traffic conditions are favorable.
751.0,991.89215,Low,Low,Traffic conditions are favorable.
978.0,1419.0057,Low,Low,Traffic conditions are favorable.
1718.0,2242.4446,Low,Low,Traffic conditions are favorable.
2444.0,2920.8718,Medium,Medium,Expect moderate delays and allow extra travel time.
3306.0,3593.271,Medium,Medium,Expect moderate delays and allow extra travel time.
3641.0,3900.7935,Medium,Medium,Expect moderate delays and allow extra travel time.
3964.0,4290.868,Medium,Medium,Expect moderate delays and allow extra travel time.
4043.0,4285.764,Medium,Medium,Expect moderate delays and allow extra travel time.
3996.0,4290.696,Medium,Medium,Expect moderate delays and allow extra travel time.
4102.0,4548.716,Medium,Medium,Expect moderate delays and allow extra travel time.
4679.0,4368.8853,High,Medium,Expect moderate delays and allow extra travel time.
4569.0,4053.953,Medium,Medium,Expect moderate delays and allow extra travel time.
4424.0,3648.151,Medium,Medium,Expect moderate delays and allow extra travel time.
3892.0,3020.454,Medium,Medium,Expect moderate delays and allow extra travel time.
3320.0,2691.603,Medium,Medium,Expect moderate delays and allow extra travel time.
1682.0,2072.4397,Low,Low,Traffic conditions are favorable.
952.0,1387.9244,Low,Low,Traffic conditions are favorable.
543.0,686.5757,Low,Low,Traffic conditions are favorable.
311.0,464.1283,Low,Low,Traffic conditions are favorable.
246.0,401.51913,Low,Low,Traffic conditions are favorable.
352.0,415.69073,Low,Low,Traffic conditions are favorable.
807.0,874.44653,Low,Low,Traffic conditions are favorable.
2683.0,2624.6511,Medium,Medium,Expect moderate delays and allow extra travel time.
5147.0,5341.38,High,High,Avoid peak hours or consider an alternative route.
6148.0,5891.9995,High,High,Avoid peak hours or consider an alternative route.
5557.0,5481.119,High,High,Avoid peak hours or consider an alternative route.
4776.0,4837.3804,High,High,Avoid peak hours or consider an alternative route.
4509.0,4276.9443,Medium,Medium,Expect moderate delays and allow extra travel time.
4947.0,4767.032,High,High,Avoid peak hours or consider an alternative route.
4895.0,4602.6187,High,High,Avoid peak hours or consider an alternative route.
4750.0,4686.6543,High,High,Avoid peak hours or consider an alternative route.
4750.0,4720.8193,High,Medium,Expect moderate delays and allow extra travel time.
4750.0,4781.8647,High,High,Avoid peak hours or consider an alternative route.
4949.0,4776.955,High,High,Avoid peak hours or consider an alternative route.
4949.0,5194.9194,High,High,Avoid peak hours or consider an alternative route.
6000.0,5994.332,High,High,Avoid peak hours or consider an alternative route.
6000.0,5692.8003,High,High,Avoid peak hours or consider an alternative route.
5301.0,5381.104,High,High,Avoid peak hours or consider an alternative route.
5301.0,5483.3975,High,High,Avoid peak hours or consider an alternative route.
3893.0,4170.179,Medium,Medium,Expect moderate delays and allow extra travel time.
2521.0,2896.5461,Medium,Medium,Expect moderate delays and allow extra travel time.
2159.0,2034.6129,Low,Medium,Expect moderate delays and allow extra travel time.
2159.0,2426.2703,Low,Medium,Expect moderate delays and allow extra travel time.
2702.0,1774.1014,Medium,Medium,Expect moderate delays and allow extra travel time.
2702.0,2168.781,Medium,Medium,Expect moderate delays and allow extra travel time.
2359.0,1500.5759,Medium,Low,Traffic conditions are favorable.
2359.0,1653.7345,Medium,Low,Traffic conditions are favorable.
1040.0,1015.23676,Low,Low,Traffic conditions are favorable.
552.0,582.7878,Low,Low,Traffic conditions are favorable.
346.0,345.99545,Low,Low,Traffic conditions are favorable.
329.0,295.79013,Low,Low,Traffic conditions are favorable.
836.0,777.9006,Low,Low,Traffic conditions are favorable.
836.0,843.53394,Low,Low,Traffic conditions are favorable.
2555.0,2671.4158,Medium,Medium,Expect moderate delays and allow extra travel time.
2555.0,2667.7505,Medium,Medium,Expect moderate delays and allow extra travel time.
4311.0,5382.628,Medium,High,Avoid peak hours or consider an alternative route.
4311.0,5398.713,Medium,High,Avoid peak hours or consider an alternative route.
4096.0,5905.0386,Medium,High,Avoid peak hours or consider an alternative route.
4096.0,5944.3936,Medium,High,Avoid peak hours or consider an alternative route.
4790.0,5549.2734,High,High,Avoid peak hours or consider an alternative route.
4790.0,5549.2734,High,High,Avoid peak hours or consider an alternative route.
3893.0,4945.5366,Medium,High,Avoid peak hours or consider an alternative route.
3893.0,5128.955,Medium,High,Avoid peak hours or consider an alternative route.
3403.0,4480.6997,Medium,Medium,Expect moderate delays and allow extra travel time.
3403.0,4474.6763,Medium,Medium,Expect moderate delays and allow extra travel time.
3587.0,4611.871,Medium,High,Avoid peak hours or consider an alternative route.
3587.0,4584.056,Medium,Medium,Expect moderate delays and allow extra travel time.
3822.0,4774.199,Medium,High,Avoid peak hours or consider an alternative route.
3822.0,4710.1553,Medium,High,Avoid peak hours or consider an alternative route.
3822.0,4792.006,Medium,High,Avoid peak hours or consider an alternative route.
3917.0,4629.0347,Medium,High,Avoid peak hours or consider an alternative route.
3917.0,4721.322,Medium,High,Avoid peak hours or consider an alternative route.
3917.0,4594.8984,Medium,High,Avoid peak hours or consider an alternative route.
4058.0,4872.6016,Medium,High,Avoid peak hours or consider an alternative route.
4058.0,4914.076,Medium,High,Avoid peak hours or consider an alternative route.
4058.0,5019.5947,Medium,High,Avoid peak hours or consider an alternative route.
4689.0,5647.4233,High,High,Avoid peak hours or consider an alternative route.
4689.0,5458.641,High,High,Avoid peak hours or consider an alternative route.
4689.0,5241.3984,High,High,Avoid peak hours or consider an alternative route.
4930.0,5976.4106,High,High,Avoid peak hours or consider an alternative route.
4930.0,6160.562,High,High,Avoid peak hours or consider an alternative route.
4930.0,6191.111,High,High,Avoid peak hours or consider an alternative route.
4207.0,5293.7183,Medium,High,Avoid peak hours or consider an alternative route.
4207.0,5699.0723,Medium,High,Avoid peak hours or consider an alternative route.
2887.0,3880.4148,Medium,Medium,Expect moderate delays and allow extra travel time.
2887.0,4327.605,Medium,Medium,Expect moderate delays and allow extra travel time.
2887.0,4260.879,Medium,Medium,Expect moderate delays and allow extra travel time.
1834.0,2652.4407,Low,Medium,Expect moderate delays and allow extra travel time.
1834.0,3118.5293,Low,Medium,Expect moderate delays and allow extra travel time.
1834.0,2958.1836,Low,Medium,Expect moderate delays and allow extra travel time.
1703.0,2376.3115,Low,Medium,Expect moderate delays and allow extra travel time.
1703.0,2809.562,Low,Medium,Expect moderate delays and allow extra travel time.
1450.0,2622.9377,Low,Medium,Expect moderate delays and allow extra travel time.
1511.0,2025.858,Low,Low,Traffic conditions are favorable.
1511.0,2029.9935,Low,Low,Traffic conditions are favorable.
1511.0,2029.2379,Low,Low,Traffic conditions are favorable.
1271.0,1243.3485,Low,Low,Traffic conditions are favorable.
1271.0,1227.9053,Low,Low,Traffic conditions are favorable.
1271.0,1215.232,Low,Low,Traffic conditions are favorable.
501.0,628.1107,Low,Low,Traffic conditions are favorable.
501.0,674.31085,Low,Low,Traffic conditions are favorable.
501.0,626.80786,Low,Low,Traffic conditions are favorable.
327.0,372.38974,Low,Low,Traffic conditions are favorable.
327.0,375.79913,Low,Low,Traffic conditions are favorable.
259.0,322.19006,Low,Low,Traffic conditions are favorable.
337.0,417.8736,Low,Low,Traffic conditions are favorable.
821.0,894.2146,Low,Low,Traffic conditions are favorable.
2580.0,2690.354,Medium,Medium,Expect moderate delays and allow extra travel time.
4551.0,5347.2095,Medium,High,Avoid peak hours or consider an alternative route.
4979.0,6027.3936,High,High,Avoid peak hours or consider an alternative route.
5252.0,5059.914,High,High,Avoid peak hours or consider an alternative route.
4717.0,4776.78,High,Medium,Expect moderate delays and allow extra travel time.
4749.0,5057.929,High,High,Avoid peak hours or consider an alternative route.
4793.0,5052.825,High,High,Avoid peak hours or consider an alternative route.
4903.0,5362.4697,High,High,Avoid peak hours or consider an alternative route.
5491.0,5793.6006,High,High,Avoid peak hours or consider an alternative route.
6500.0,6409.487,High,High,Avoid peak hours or consider an alternative route.
5898.0,5963.504,High,High,Avoid peak hours or consider an alternative route.
4539.0,4618.176,Medium,High,Avoid peak hours or consider an alternative route.
3400.0,3433.6624,Medium,Medium,Expect moderate delays and allow extra travel time.
3022.0,3052.3538,Medium,Medium,Expect moderate delays and allow extra travel time.
2444.0,2868.759,Medium,Medium,Expect moderate delays and allow extra travel time.
1885.0,2249.3113,Low,Low,Traffic conditions are favorable.
1097.0,1424.5914,Low,Low,Traffic conditions are favorable.
640.0,765.7143,Low,Low,Traffic conditions are favorable.
384.0,467.76117,Low,Low,Traffic conditions are favorable.
280.0,406.31973,Low,Low,Traffic conditions are favorable.
352.0,419.30637,Low,Low,Traffic conditions are favorable.
910.0,901.7553,Low,Low,Traffic conditions are favorable.
2815.0,2687.6206,Medium,Medium,Expect moderate delays and allow extra travel time.
5560.0,5395.727,High,High,Avoid peak hours or consider an alternative route.
6297.0,5985.8833,High,High,Avoid peak hours or consider an alternative route.
5887.0,5664.6577,High,High,Avoid peak hours or consider an alternative route.
5389.0,5014.92,High,High,Avoid peak hours or consider an alternative route.
5389.0,5032.747,High,High,Avoid peak hours or consider an alternative route.
4663.0,4843.598,High,High,Avoid peak hours or consider an alternative route.
5078.0,4964.248,High,High,Avoid peak hours or consider an alternative route.
5535.0,5171.2607,High,High,Avoid peak hours or consider an alternative route.
5492.0,5225.2837,High,High,Avoid peak hours or consider an alternative route.
5535.0,5516.7583,High,High,Avoid peak hours or consider an alternative route.
5705.0,5999.449,High,High,Avoid peak hours or consider an alternative route.
6642.0,6619.811,High,High,Avoid peak hours or consider an alternative route.
6476.0,6042.2417,High,High,Avoid peak hours or consider an alternative route.
4992.0,4810.883,High,High,Avoid peak hours or consider an alternative route.
3322.0,3385.3164,Medium,Medium,Expect moderate delays and allow extra travel time.
3288.0,3045.6975,Medium,Medium,Expect moderate delays and allow extra travel time.
2888.0,2964.462,Medium,Medium,Expect moderate delays and allow extra travel time.
2422.0,2684.9465,Medium,Medium,Expect moderate delays and allow extra travel time.
2390.0,1657.4285,Medium,Low,Traffic conditions are favorable.
932.0,758.9846,Low,Low,Traffic conditions are favorable.
514.0,490.28387,Low,Low,Traffic conditions are favorable.
312.0,412.1603,Low,Low,Traffic conditions are favorable.
363.0,425.79773,Low,Low,Traffic conditions are favorable.
879.0,862.4488,Low,Low,Traffic conditions are favorable.
2687.0,2530.6216,Medium,Medium,Expect moderate delays and allow extra travel time.
5211.0,5404.887,High,High,Avoid peak hours or consider an alternative route.
6253.0,6098.3213,High,High,Avoid peak hours or consider an alternative route.
5738.0,5518.945,High,High,Avoid peak hours or consider an alternative route.
5067.0,4931.4023,High,High,Avoid peak hours or consider an alternative route.
4748.0,4876.7183,High,High,Avoid peak hours or consider an alternative route.
4748.0,4782.441,High,High,Avoid peak hours or consider an alternative route.
5022.0,5006.1514,High,High,Avoid peak hours or consider an alternative route.
5022.0,4977.0283,High,High,Avoid peak hours or consider an alternative route.
5409.0,5239.539,High,High,Avoid peak hours or consider an alternative route.
5298.0,5245.474,High,High,Avoid peak hours or consider an alternative route.
5363.0,5511.489,High,High,Avoid peak hours or consider an alternative route.
5786.0,5887.5747,High,High,Avoid peak hours or consider an alternative route.
6525.0,6273.781,High,High,Avoid peak hours or consider an alternative route.
5735.0,5936.955,High,High,Avoid peak hours or consider an alternative route.
4863.0,4752.9526,High,High,Avoid peak hours or consider an alternative route.
3923.0,3473.2202,Medium,Medium,Expect moderate delays and allow extra travel time.
3193.0,3199.0813,Medium,Medium,Expect moderate delays and allow extra travel time.
3031.0,3147.6904,Medium,Medium,Expect moderate delays and allow extra travel time.
2992.0,2918.6895,Medium,Medium,Expect moderate delays and allow extra travel time.
2205.0,2183.9944,Medium,Low,Traffic conditions are favorable.
1196.0,1354.191,Low,Low,Traffic conditions are favorable.
657.0,809.47235,Low,Low,Traffic conditions are favorable.
496.0,578.1344,Low,Low,Traffic conditions are favorable.
381.0,550.852,Low,Low,Traffic conditions are favorable.
342.0,482.48404,Low,Low,Traffic conditions are favorable.
643.0,739.58997,Low,Low,Traffic conditions are favorable.
1221.0,1511.0465,Low,Low,Traffic conditions are favorable.
1995.0,2229.8396,Low,Low,Traffic conditions are favorable.
3960.0,3619.4014,Medium,Medium,Expect moderate delays and allow extra travel time.
4304.0,4164.2993,Medium,Medium,Expect moderate delays and allow extra travel time.
5298.0,4887.998,High,High,Avoid peak hours or consider an alternative route.
5126.0,4885.1895,High,High,Avoid peak hours or consider an alternative route.
5237.0,4791.9307,High,High,Avoid peak hours or consider an alternative route.
4908.0,4887.396,High,High,Avoid peak hours or consider an alternative route.
5118.0,4918.054,High,High,Avoid peak hours or consider an alternative route.
5441.0,4649.692,High,High,Avoid peak hours or consider an alternative route.
5019.0,4339.2803,High,Medium,Expect moderate delays and allow extra travel time.
3699.0,3593.7407,Medium,Medium,Expect moderate delays and allow extra travel time.
3079.0,3263.7578,Medium,Medium,Expect moderate delays and allow extra travel time.
4104.0,3198.217,Medium,Medium,Expect moderate delays and allow extra travel time.
4107.0,2995.3489,Medium,Medium,Expect moderate delays and allow extra travel time.
2740.0,2391.873,Medium,Low,Traffic conditions are favorable.
844.0,876.23175,Low,Low,Traffic conditions are favorable.
649.0,629.1493,Low,Low,Traffic conditions are favorable.
401.0,520.8814,Low,Low,Traffic conditions are favorable.
295.0,402.15933,Low,Low,Traffic conditions are favorable.
441.0,523.1394,Low,Low,Traffic conditions are favorable.
976.0,999.6664,Low,Low,Traffic conditions are favorable.
1357.0,1430.6243,Low,Low,Traffic conditions are favorable.
1910.0,2137.6875,Low,Low,Traffic conditions are favorable.
2736.0,2836.6475,Medium,Medium,Expect moderate delays and allow extra travel time.
3401.0,3467.0051,Medium,Medium,Expect moderate delays and allow extra travel time.
3961.0,3842.0002,Medium,Medium,Expect moderate delays and allow extra travel time.
4483.0,4521.27,Medium,Medium,Expect moderate delays and allow extra travel time.
4423.0,4206.388,Medium,Medium,Expect moderate delays and allow extra travel time.
4272.0,4276.8247,Medium,Medium,Expect moderate delays and allow extra travel time.
4083.0,4277.154,Medium,Medium,Expect moderate delays and allow extra travel time.
4389.0,4130.9014,Medium,Medium,Expect moderate delays and allow extra travel time.
4389.0,3877.8245,Medium,Medium,Expect moderate delays and allow extra travel time.
3687.0,3805.392,Medium,Medium,Expect moderate delays and allow extra travel time.
3224.0,3487.5762,Medium,Medium,Expect moderate delays and allow extra travel time.
3224.0,3415.917,Medium,Medium,Expect moderate delays and allow extra travel time.
3224.0,3327.4922,Medium,Medium,Expect moderate delays and allow extra travel time.
2455.0,2721.8,Medium,Medium,Expect moderate delays and allow extra travel time.
2455.0,2849.7852,Medium,Medium,Expect moderate delays and allow extra travel time.
2455.0,2864.6826,Medium,Medium,Expect moderate delays and allow extra travel time.
2145.0,2514.7864,Low,Medium,Expect moderate delays and allow extra travel time.
1799.0,2467.2805,Low,Medium,Expect moderate delays and allow extra travel time.
1425.0,1861.4946,Low,Low,Traffic conditions are favorable.
1425.0,1886.2068,Low,Low,Traffic conditions are favorable.
992.0,1191.8616,Low,Low,Traffic conditions are favorable.
992.0,1216.678,Low,Low,Traffic conditions are favorable.
427.0,558.14764,Low,Low,Traffic conditions are favorable.
427.0,570.0225,Low,Low,Traffic conditions are favorable.
315.0,412.3378,Low,Low,Traffic conditions are favorable.
315.0,333.84045,Low,Low,Traffic conditions are favorable.
251.0,272.39722,Low,Low,Traffic conditions are favorable.
251.0,275.28918,Low,Low,Traffic conditions are favorable.
339.0,284.1211,Low,Low,Traffic conditions are favorable.
339.0,282.60574,Low,Low,Traffic conditions are favorable.
869.0,746.5407,Low,Low,Traffic conditions are favorable.
2704.0,2669.9001,Medium,Medium,Expect moderate delays and allow extra travel time.
5192.0,5332.8833,High,High,Avoid peak hours or consider an alternative route.
5192.0,5307.9883,High,High,Avoid peak hours or consider an alternative route.
6110.0,5905.496,High,High,Avoid peak hours or consider an alternative route.
6110.0,5879.3643,High,High,Avoid peak hours or consider an alternative route.
5824.0,5265.5913,High,High,Avoid peak hours or consider an alternative route.
5824.0,5272.702,High,High,Avoid peak hours or consider an alternative route.
4933.0,4889.519,High,High,Avoid peak hours or consider an alternative route.
4149.0,4516.5376,Medium,Medium,Expect moderate delays and allow extra travel time.
4149.0,4454.499,Medium,Medium,Expect moderate delays and allow extra travel time.
4516.0,4771.408,Medium,High,Avoid peak hours or consider an alternative route.
4633.0,4746.1304,High,High,Avoid peak hours or consider an alternative route.
5093.0,5045.7383,High,High,Avoid peak hours or consider an alternative route.
5769.0,5494.214,High,High,Avoid peak hours or consider an alternative route.
6719.0,6186.413,High,High,Avoid peak hours or consider an alternative route.
6244.0,5818.0737,High,High,Avoid peak hours or consider an alternative route.
4640.0,4168.247,High,Medium,Expect moderate delays and allow extra travel time.
3073.0,3042.1716,Medium,Medium,Expect moderate delays and allow extra travel time.
2635.0,2564.9988,Medium,Medium,Expect moderate delays and allow extra travel time.
2048.0,2268.2522,Low,Medium,Expect moderate delays and allow extra travel time.
1521.0,1785.3569,Low,Low,Traffic conditions are favorable.
983.0,1142.8545,Low,Low,Traffic conditions are favorable.
530.0,669.4506,Low,Low,Traffic conditions are favorable.
333.0,422.53436,Low,Low,Traffic conditions are favorable.
235.0,351.1552,Low,Low,Traffic conditions are favorable.
358.0,346.74213,Low,Low,Traffic conditions are favorable.
905.0,828.85266,Low,Low,Traffic conditions are favorable.
2902.0,2671.2002,Medium,Medium,Expect moderate delays and allow extra travel time.
5806.0,5382.628,High,High,Avoid peak hours or consider an alternative route.
6708.0,5913.905,High,High,Avoid peak hours or consider an alternative route.
6190.0,5661.754,High,High,Avoid peak hours or consider an alternative route.
5221.0,5053.919,High,High,Avoid peak hours or consider an alternative route.
4436.0,4530.319,Medium,Medium,Expect moderate delays and allow extra travel time.
4714.0,4805.3,High,High,Avoid peak hours or consider an alternative route.
4850.0,4889.956,High,High,Avoid peak hours or consider an alternative route.
5099.0,4915.974,High,High,Avoid peak hours or consider an alternative route.
5315.0,5244.752,High,High,Avoid peak hours or consider an alternative route.
5784.0,5688.7207,High,High,Avoid peak hours or consider an alternative route.
7013.0,6465.9146,High,High,Avoid peak hours or consider an alternative route.
6304.0,5982.504,High,High,Avoid peak hours or consider an alternative route.
3190.0,3399.7085,Medium,Medium,Expect moderate delays and allow extra travel time.
2829.0,3065.747,Medium,Medium,Expect moderate delays and allow extra travel time.
2337.0,2841.3528,Medium,Medium,Expect moderate delays and allow extra travel time.
1738.0,2198.8435,Low,Low,Traffic conditions are favorable.
1007.0,1430.1538,Low,Low,Traffic conditions are favorable.
562.0,700.1355,Low,Low,Traffic conditions are favorable.
344.0,443.64267,Low,Low,Traffic conditions are favorable.
259.0,394.51163,Low,Low,Traffic conditions are favorable.
374.0,413.0818,Low,Low,Traffic conditions are favorable.
886.0,923.0656,Low,Low,Traffic conditions are favorable.
886.0,886.3699,Low,Low,Traffic conditions are favorable.
2843.0,2795.4336,Medium,Medium,Expect moderate delays and allow extra travel time.
5670.0,5574.003,High,High,Avoid peak hours or consider an alternative route.
6495.0,6004.3735,High,High,Avoid peak hours or consider an alternative route.
6495.0,6021.049,High,High,Avoid peak hours or consider an alternative route.
5887.0,5726.0923,High,High,Avoid peak hours or consider an alternative route.
5581.0,5224.091,High,High,Avoid peak hours or consider an alternative route.
4791.0,4823.309,High,High,Avoid peak hours or consider an alternative route.
5123.0,4886.7725,High,High,Avoid peak hours or consider an alternative route.
4964.0,5100.5376,High,High,Avoid peak hours or consider an alternative route.
4982.0,5024.6978,High,High,Avoid peak hours or consider an alternative route.
5169.0,5325.579,High,High,Avoid peak hours or consider an alternative route.
5768.0,5790.0913,High,High,Avoid peak hours or consider an alternative route.
6988.0,6551.523,High,High,Avoid peak hours or consider an alternative route.
6744.0,6045.848,High,High,Avoid peak hours or consider an alternative route.
3308.0,3534.3718,Medium,Medium,Expect moderate delays and allow extra travel time.
2804.0,3020.8987,Medium,Medium,Expect moderate delays and allow extra travel time.
2418.0,2697.8167,Medium,Medium,Expect moderate delays and allow extra travel time.
2418.0,2700.6755,Medium,Medium,Expect moderate delays and allow extra travel time.
1603.0,2041.4535,Low,Low,Traffic conditions are favorable.
1099.0,1265.6838,Low,Low,Traffic conditions are favorable.
1099.0,1257.903,Low,Low,Traffic conditions are favorable.
531.0,735.6042,Low,Low,Traffic conditions are favorable.
531.0,745.23944,Low,Low,Traffic conditions are favorable.
310.0,447.91138,Low,Low,Traffic conditions are favorable.
291.0,395.0501,Low,Low,Traffic conditions are favorable.
331.0,404.55524,Low,Low,Traffic conditions are favorable.
949.0,889.2067,Low,Low,Traffic conditions are favorable.
2857.0,2872.298,Medium,Medium,Expect moderate delays and allow extra travel time.
5772.0,5639.1694,High,High,Avoid peak hours or consider an alternative route.
6475.0,6292.543,High,High,Avoid peak hours or consider an alternative route.
6198.0,5915.4375,High,High,Avoid peak hours or consider an alternative route.
5391.0,5252.687,High,High,Avoid peak hours or consider an alternative route.
4743.0,4794.5737,High,High,Avoid peak hours or consider an alternative route.
4982.0,4944.4834,High,High,Avoid peak hours or consider an alternative route.
5317.0,5170.4023,High,High,Avoid peak hours or consider an alternative route.
5322.0,5159.6514,High,High,Avoid peak hours or consider an alternative route.
5574.0,5467.569,High,High,Avoid peak hours or consider an alternative route.
6252.0,5924.1445,High,High,Avoid peak hours or consider an alternative route.
7213.0,6554.885,High,High,Avoid peak hours or consider an alternative route.
6811.0,6042.2417,High,High,Avoid peak hours or consider an alternative route.
5064.0,4852.9277,High,High,Avoid peak hours or consider an alternative route.
3697.0,3659.9246,Medium,Medium,Expect moderate delays and allow extra travel time.
3082.0,3190.832,Medium,Medium,Expect moderate delays and allow extra travel time.
2053.0,2710.8958,Low,Medium,Expect moderate delays and allow extra travel time.
1168.0,1646.2603,Low,Low,Traffic conditions are favorable.
633.0,822.0305,Low,Low,Traffic conditions are favorable.
387.0,499.03842,Low,Low,Traffic conditions are favorable.
306.0,408.60577,Low,Low,Traffic conditions are favorable.
356.0,410.39508,Low,Low,Traffic conditions are favorable.
846.0,845.65027,Low,Low,Traffic conditions are favorable.
2721.0,2591.3032,Medium,Medium,Expect moderate delays and allow extra travel time.
6585.0,6231.8003,High,High,Avoid peak hours or consider an alternative route.
5894.0,5696.5723,High,High,Avoid peak hours or consider an alternative route.
5227.0,5168.385,High,High,Avoid peak hours or consider an alternative route.
5227.0,5077.2993,High,High,Avoid peak hours or consider an alternative route.
4853.0,4833.2227,High,High,Avoid peak hours or consider an alternative route.
5233.0,4915.9106,High,High,Avoid peak hours or consider an alternative route.
5233.0,4939.621,High,High,Avoid peak hours or consider an alternative route.
5302.0,5183.8037,High,High,Avoid peak hours or consider an alternative route.
5302.0,5160.0933,High,High,Avoid peak hours or consider an alternative route.
5174.0,5171.7104,High,High,Avoid peak hours or consider an alternative route.
5174.0,5160.0933,High,High,Avoid peak hours or consider an alternative route.
5330.0,5429.1313,High,High,Avoid peak hours or consider an alternative route.
5953.0,5856.222,High,High,Avoid peak hours or consider an alternative route.
6686.0,6239.5635,High,High,Avoid peak hours or consider an alternative route.
6686.0,6263.83,High,High,Avoid peak hours or consider an alternative route.
6686.0,6284.5625,High,High,Avoid peak hours or consider an alternative route.
5687.0,5939.9478,High,High,Avoid peak hours or consider an alternative route.
5687.0,5953.9136,High,High,Avoid peak hours or consider an alternative route.
4167.0,4664.87,Medium,High,Avoid peak hours or consider an alternative route.
4167.0,4688.862,Medium,High,Avoid peak hours or consider an alternative route.
4167.0,4679.2207,Medium,High,Avoid peak hours or consider an alternative route.
2882.0,3371.5781,Medium,Medium,Expect moderate delays and allow extra travel time.
2882.0,3403.609,Medium,Medium,Expect moderate delays and allow extra travel time.
2882.0,3510.726,Medium,Medium,Expect moderate delays and allow extra travel time.
2320.0,3088.9314,Medium,Medium,Expect moderate delays and allow extra travel time.
2320.0,3098.3748,Medium,Medium,Expect moderate delays and allow extra travel time.
2320.0,3091.1692,Medium,Medium,Expect moderate delays and allow extra travel time.
2320.0,3117.4858,Medium,Medium,Expect moderate delays and allow extra travel time.
2158.0,3063.8508,Low,Medium,Expect moderate delays and allow extra travel time.
2158.0,3045.4954,Low,Medium,Expect moderate delays and allow extra travel time.
2158.0,3020.7483,Low,Medium,Expect moderate delays and allow extra travel time.
2158.0,3020.7483,Low,Medium,Expect moderate delays and allow extra travel time.
2158.0,3044.7397,Low,Medium,Expect moderate delays and allow extra travel time.
1773.0,2780.0684,Low,Medium,Expect moderate delays and allow extra travel time.
1773.0,2842.6272,Low,Medium,Expect moderate delays and allow extra travel time.
1773.0,2815.0674,Low,Medium,Expect moderate delays and allow extra travel time.
1773.0,2828.9075,Low,Medium,Expect moderate delays and allow extra travel time.
1143.0,2121.7659,Low,Low,Traffic conditions are favorable.
1143.0,2048.7722,Low,Low,Traffic conditions are favorable.
1143.0,2108.4001,Low,Low,Traffic conditions are favorable.
625.0,1244.016,Low,Low,Traffic conditions are favorable.
625.0,1328.8821,Low,Low,Traffic conditions are favorable.
441.0,730.58856,Low,Low,Traffic conditions are favorable.
441.0,729.636,Low,Low,Traffic conditions are favorable.
441.0,730.58856,Low,Low,Traffic conditions are favorable.
397.0,579.777,Low,Low,Traffic conditions are favorable.
397.0,525.9848,Low,Low,Traffic conditions are favorable.
397.0,519.062,Low,Low,Traffic conditions are favorable.
309.0,486.04007,Low,Low,Traffic conditions are favorable.
309.0,491.39288,Low,Low,Traffic conditions are favorable.
300.0,411.34418,Low,Low,Traffic conditions are favorable.
300.0,409.36218,Low,Low,Traffic conditions are favorable.
300.0,406.13037,Low,Low,Traffic conditions are favorable.
540.0,689.6983,Low,Low,Traffic conditions are favorable.
986.0,1457.7972,Low,Low,Traffic conditions are favorable.
986.0,1446.1802,Low,Low,Traffic conditions are favorable.
1311.0,2072.743,Low,Low,Traffic conditions are favorable.
1311.0,2082.3782,Low,Low,Traffic conditions are favorable.
1489.0,2801.1125,Low,Medium,Expect moderate delays and allow extra travel time.
1489.0,2772.4014,Low,Medium,Expect moderate delays and allow extra travel time.
1489.0,2920.9343,Low,Medium,Expect moderate delays and allow extra travel time.
1755.0,3464.4697,Low,Medium,Expect moderate delays and allow extra travel time.
1755.0,3458.2517,Low,Medium,Expect moderate delays and allow extra travel time.
1755.0,3211.0608,Low,Medium,Expect moderate delays and allow extra travel time.
1755.0,3463.74,Low,Medium,Expect moderate delays and allow extra travel time.
1755.0,3445.9136,Low,Medium,Expect moderate delays and allow extra travel time.
1978.0,3640.8213,Low,Medium,Expect moderate delays and allow extra travel time.
1978.0,3948.7566,Low,Medium,Expect moderate delays and allow extra travel time.
1978.0,3940.9258,Low,Medium,Expect moderate delays and allow extra travel time.
1978.0,3947.135,Low,Medium,Expect moderate delays and allow extra travel time.
2153.0,3992.227,Low,Medium,Expect moderate delays and allow extra travel time.
2153.0,4276.2285,Low,Medium,Expect moderate delays and allow extra travel time.
2153.0,4287.1777,Low,Medium,Expect moderate delays and allow extra travel time.
2153.0,4299.271,Low,Medium,Expect moderate delays and allow extra travel time.
2147.0,4459.9834,Low,Medium,Expect moderate delays and allow extra travel time.
2147.0,4695.906,Low,High,Avoid peak hours or consider an alternative route.
2147.0,4690.156,Low,High,Avoid peak hours or consider an alternative route.
1987.0,4528.795,Low,High,Avoid peak hours or consider an alternative route.
1987.0,4687.461,Low,High,Avoid peak hours or consider an alternative route.
1987.0,4701.773,Low,High,Avoid peak hours or consider an alternative route.
1822.0,4751.505,Low,High,Avoid peak hours or consider an alternative route.
1881.0,4546.8843,Low,High,Avoid peak hours or consider an alternative route.
1881.0,4733.232,Low,High,Avoid peak hours or consider an alternative route.
1461.0,4691.6094,Low,High,Avoid peak hours or consider an alternative route.
1461.0,4579.415,Low,High,Avoid peak hours or consider an alternative route.
1461.0,4453.1143,Low,High,Avoid peak hours or consider an alternative route.
1478.0,4328.8154,Low,Medium,Expect moderate delays and allow extra travel time.
1478.0,4310.9673,Low,Medium,Expect moderate delays and allow extra travel time.
1068.0,3882.3403,Low,Medium,Expect moderate delays and allow extra travel time.
1068.0,3973.2837,Low,Medium,Expect moderate delays and allow extra travel time.
881.0,3171.4941,Low,Medium,Expect moderate delays and allow extra travel time.
881.0,3250.154,Low,Medium,Expect moderate delays and allow extra travel time.
881.0,3408.96,Low,Medium,Expect moderate delays and allow extra travel time.
618.0,2855.599,Low,Medium,Expect moderate delays and allow extra travel time.
618.0,3058.9204,Low,Medium,Expect moderate delays and allow extra travel time.
618.0,3182.0608,Low,Medium,Expect moderate delays and allow extra travel time.
618.0,3110.3916,Low,Medium,Expect moderate delays and allow extra travel time.
707.0,2816.8936,Low,Medium,Expect moderate delays and allow extra travel time.
707.0,3003.5764,Low,Medium,Expect moderate delays and allow extra travel time.
707.0,3047.3843,Low,Medium,Expect moderate delays and allow extra travel time.
594.0,2827.9092,Low,Medium,Expect moderate delays and allow extra travel time.
594.0,2816.2058,Low,Medium,Expect moderate delays and allow extra travel time.
594.0,2846.259,Low,Medium,Expect moderate delays and allow extra travel time.
526.0,2206.1655,Low,Low,Traffic conditions are favorable.
526.0,2129.6343,Low,Low,Traffic conditions are favorable.
526.0,2358.6897,Low,Low,Traffic conditions are favorable.
353.0,1342.3263,Low,Low,Traffic conditions are favorable.
353.0,1619.447,Low,Low,Traffic conditions are favorable.
353.0,1388.7856,Low,Low,Traffic conditions are favorable.
259.0,814.6359,Low,Low,Traffic conditions are favorable.
259.0,808.2711,Low,Low,Traffic conditions are favorable.
259.0,801.23834,Low,Low,Traffic conditions are favorable.
198.0,566.1715,Low,Low,Traffic conditions are favorable.
198.0,560.01337,Low,Low,Traffic conditions are favorable.
151.0,465.94614,Low,Low,Traffic conditions are favorable.
151.0,454.51123,Low,Low,Traffic conditions are favorable.
151.0,538.79785,Low,Low,Traffic conditions are favorable.
175.0,328.0518,Low,Low,Traffic conditions are favorable.
175.0,330.727,Low,Low,Traffic conditions are favorable.
175.0,328.04575,Low,Low,Traffic conditions are favorable.
301.0,470.25815,Low,Low,Traffic conditions are favorable.
301.0,472.93335,Low,Low,Traffic conditions are favorable.
301.0,479.30127,Low,Low,Traffic conditions are favorable.
490.0,616.6271,Low,Low,Traffic conditions are favorable.
490.0,864.3767,Low,Low,Traffic conditions are favorable.
490.0,865.40186,Low,Low,Traffic conditions are favorable.
634.0,1274.9946,Low,Low,Traffic conditions are favorable.
634.0,1306.6565,Low,Low,Traffic conditions are favorable.
674.0,2003.4509,Low,Low,Traffic conditions are favorable.
674.0,1965.3292,Low,Low,Traffic conditions are favorable.
674.0,1986.3573,Low,Low,Traffic conditions are favorable.
984.0,2775.019,Low,Medium,Expect moderate delays and allow extra travel time.
984.0,2755.453,Low,Medium,Expect moderate delays and allow extra travel time.
984.0,2793.5752,Low,Medium,Expect moderate delays and allow extra travel time.
1494.0,3500.3286,Low,Medium,Expect moderate delays and allow extra travel time.
1494.0,3337.3943,Low,Medium,Expect moderate delays and allow extra travel time.
1794.0,3825.7354,Low,Medium,Expect moderate delays and allow extra travel time.
1794.0,3664.0686,Low,Medium,Expect moderate delays and allow extra travel time.
2037.0,4105.216,Low,Medium,Expect moderate delays and allow extra travel time.
2205.0,4080.9695,Medium,Medium,Expect moderate delays and allow extra travel time.
2205.0,4053.0366,Medium,Medium,Expect moderate delays and allow extra travel time.
2205.0,4104.6807,Medium,Medium,Expect moderate delays and allow extra travel time.
2406.0,4084.1233,Medium,Medium,Expect moderate delays and allow extra travel time.
2406.0,4056.7827,Medium,Medium,Expect moderate delays and allow extra travel time.
2171.0,3928.0144,Low,Medium,Expect moderate delays and allow extra travel time.
2171.0,4088.398,Low,Medium,Expect moderate delays and allow extra travel time.
2109.0,3940.6558,Low,Medium,Expect moderate delays and allow extra travel time.
2109.0,3907.9033,Low,Medium,Expect moderate delays and allow extra travel time.
1849.0,3524.3096,Low,Medium,Expect moderate delays and allow extra travel time.
1849.0,3812.296,Low,Medium,Expect moderate delays and allow extra travel time.
1849.0,3711.4805,Low,Medium,Expect moderate delays and allow extra travel time.
1659.0,3327.4922,Low,Medium,Expect moderate delays and allow extra travel time.
1659.0,3226.2385,Low,Medium,Expect moderate delays and allow extra travel time.
1659.0,3417.6948,Low,Medium,Expect moderate delays and allow extra travel time.
1417.0,2698.085,Low,Medium,Expect moderate delays and allow extra travel time.
1642.0,2313.046,Low,Medium,Expect moderate delays and allow extra travel time.
1642.0,2519.979,Low,Medium,Expect moderate delays and allow extra travel time.
1642.0,2504.8948,Low,Medium,Expect moderate delays and allow extra travel time.
2809.0,2424.178,Medium,Medium,Expect moderate delays and allow extra travel time.
2809.0,2558.3315,Medium,Medium,Expect moderate delays and allow extra travel time.
1203.0,1861.4946,Low,Low,Traffic conditions are favorable.
1203.0,1886.2416,Low,Low,Traffic conditions are favorable.
706.0,1213.9868,Low,Low,Traffic conditions are favorable.
706.0,1225.6487,Low,Low,Traffic conditions are favorable.
407.0,644.26544,Low,Low,Traffic conditions are favorable.
407.0,558.14764,Low,Low,Traffic conditions are favorable.
407.0,560.1297,Low,Low,Traffic conditions are favorable.
272.0,339.99863,Low,Low,Traffic conditions are favorable.
247.0,390.863,Low,Low,Traffic conditions are favorable.
357.0,283.63513,Low,Low,Traffic conditions are favorable.
779.0,847.9111,Low,Low,Traffic conditions are favorable.
2238.0,2521.7947,Medium,Medium,Expect moderate delays and allow extra travel time.
4364.0,5347.618,Medium,High,Avoid peak hours or consider an alternative route.
4963.0,6016.231,High,High,Avoid peak hours or consider an alternative route.
4463.0,5539.5547,Medium,High,Avoid peak hours or consider an alternative route.
4463.0,5345.5522,Medium,High,Avoid peak hours or consider an alternative route.
4045.0,4839.63,Medium,High,Avoid peak hours or consider an alternative route.
3626.0,4442.5386,Medium,Medium,Expect moderate delays and allow extra travel time.
3860.0,4317.8135,Medium,Medium,Expect moderate delays and allow extra travel time.
4149.0,4651.6494,Medium,High,Avoid peak hours or consider an alternative route.
4110.0,4530.6606,Medium,High,Avoid peak hours or consider an alternative route.
4387.0,4924.9136,Medium,High,Avoid peak hours or consider an alternative route.
4942.0,5388.672,High,High,Avoid peak hours or consider an alternative route.
5788.0,6045.3394,High,High,Avoid peak hours or consider an alternative route.
5567.0,5686.6265,High,High,Avoid peak hours or consider an alternative route.
4061.0,4253.315,Medium,Medium,Expect moderate delays and allow extra travel time.
2979.0,3043.2869,Medium,Medium,Expect moderate delays and allow extra travel time.
2100.0,2289.4985,Low,Low,Traffic conditions are favorable.
978.0,1130.9468,Low,Low,Traffic conditions are favorable.
524.0,670.68756,Low,Low,Traffic conditions are favorable.
336.0,435.16415,Low,Low,Traffic conditions are favorable.
271.0,363.80978,Low,Low,Traffic conditions are favorable.
347.0,372.0322,Low,Low,Traffic conditions are favorable.
898.0,850.97656,Low,Low,Traffic conditions are favorable.
2848.0,2742.6528,Medium,Medium,Expect moderate delays and allow extra travel time.
5516.0,5563.906,High,High,Avoid peak hours or consider an alternative route.
6208.0,6098.014,High,High,Avoid peak hours or consider an alternative route.
5892.0,5731.033,High,High,Avoid peak hours or consider an alternative route.
5677.0,5160.1284,High,High,Avoid peak hours or consider an alternative route.
4456.0,4767.178,Medium,Medium,Expect moderate delays and allow extra travel time.
4715.0,4904.252,High,High,Avoid peak hours or consider an alternative route.
4962.0,5026.8984,High,High,Avoid peak hours or consider an alternative route.
4913.0,5042.7515,High,High,Avoid peak hours or consider an alternative route.
5220.0,5326.047,High,High,Avoid peak hours or consider an alternative route.
5844.0,5814.095,High,High,Avoid peak hours or consider an alternative route.
6657.0,6535.7295,High,High,Avoid peak hours or consider an alternative route.
6277.0,6061.0073,High,High,Avoid peak hours or consider an alternative route.
4827.0,4753.718,High,High,Avoid peak hours or consider an alternative route.
3481.0,3492.341,Medium,Medium,Expect moderate delays and allow extra travel time.
2877.0,2974.2554,Medium,Medium,Expect moderate delays and allow extra travel time.
3418.0,2736.6726,Medium,Medium,Expect moderate delays and allow extra travel time.
3294.0,2200.4402,Medium,Low,Traffic conditions are favorable.
1297.0,1402.7015,Low,Low,Traffic conditions are favorable.
826.0,687.9636,Low,Low,Traffic conditions are favorable.
594.0,452.32422,Low,Low,Traffic conditions are favorable.
521.0,406.41794,Low,Low,Traffic conditions are favorable.
2986.0,2795.4336,Medium,Medium,Expect moderate delays and allow extra travel time.
6871.0,5963.297,High,High,Avoid peak hours or consider an alternative route.
6614.0,5756.6587,High,High,Avoid peak hours or consider an alternative route.
4751.0,4677.87,High,High,Avoid peak hours or consider an alternative route.
4824.0,4727.6753,High,High,Avoid peak hours or consider an alternative route.
4824.0,4727.6753,High,High,Avoid peak hours or consider an alternative route.
5013.0,4896.9785,High,High,Avoid peak hours or consider an alternative route.
5013.0,4920.689,High,High,Avoid peak hours or consider an alternative route.
5017.0,4948.485,High,High,Avoid peak hours or consider an alternative route.
5437.0,5308.251,High,High,Avoid peak hours or consider an alternative route.
5835.0,5832.9956,High,High,Avoid peak hours or consider an alternative route.
7022.0,6452.9785,High,High,Avoid peak hours or consider an alternative route.
6459.0,5995.0547,High,High,Avoid peak hours or consider an alternative route.
6459.0,5943.5425,High,High,Avoid peak hours or consider an alternative route.
4663.0,4713.0264,High,High,Avoid peak hours or consider an alternative route.
3393.0,3515.8613,Medium,Medium,Expect moderate delays and allow extra travel time.
3034.0,3018.5322,Medium,Medium,Expect moderate delays and allow extra travel time.
2604.0,2745.4026,Medium,Medium,Expect moderate delays and allow extra travel time.
1726.0,2214.9683,Low,Low,Traffic conditions are favorable.
1085.0,1428.8223,Low,Low,Traffic conditions are favorable.
561.0,755.1851,Low,Low,Traffic conditions are favorable.
351.0,467.56232,Low,Low,Traffic conditions are favorable.
275.0,402.58304,Low,Low,Traffic conditions are favorable.
361.0,424.73068,Low,Low,Traffic conditions are favorable.
909.0,897.5947,Low,Low,Traffic conditions are favorable.
2885.0,2737.2495,Medium,Medium,Expect moderate delays and allow extra travel time.
5715.0,5559.1216,High,High,Avoid peak hours or consider an alternative route.
6461.0,6227.531,High,High,Avoid peak hours or consider an alternative route.
6046.0,5771.036,High,High,Avoid peak hours or consider an alternative route.
4882.0,4800.1094,High,High,Avoid peak hours or consider an alternative route.
5035.0,5011.5825,High,High,Avoid peak hours or consider an alternative route.
5027.0,5219.0728,High,High,Avoid peak hours or consider an alternative route.
5110.0,5235.668,High,High,Avoid peak hours or consider an alternative route.
5444.0,5514.2573,High,High,Avoid peak hours or consider an alternative route.
6188.0,5976.417,High,High,Avoid peak hours or consider an alternative route.
6368.0,6093.7646,High,High,Avoid peak hours or consider an alternative route.
3676.0,3728.9114,Medium,Medium,Expect moderate delays and allow extra travel time.
3471.0,3275.6526,Medium,Medium,Expect moderate delays and allow extra travel time.
3451.0,3116.5742,Medium,Medium,Expect moderate delays and allow extra travel time.
2148.0,2712.1648,Low,Medium,Expect moderate delays and allow extra travel time.
1273.0,1683.4215,Low,Low,Traffic conditions are favorable.
712.0,822.74945,Low,Low,Traffic conditions are favorable.
417.0,499.9191,Low,Low,Traffic conditions are favorable.
322.0,416.9938,Low,Low,Traffic conditions are favorable.
393.0,420.69376,Low,Low,Traffic conditions are favorable.
830.0,855.6082,Low,Low,Traffic conditions are favorable.
2691.0,2531.8652,Medium,Medium,Expect moderate delays and allow extra travel time.
5492.0,5349.3403,High,High,Avoid peak hours or consider an alternative route.
6626.0,6011.005,High,High,Avoid peak hours or consider an alternative route.
6126.0,5730.08,High,High,Avoid peak hours or consider an alternative route.
5141.0,5093.228,High,High,Avoid peak hours or consider an alternative route.
4670.0,4856.1484,High,High,Avoid peak hours or consider an alternative route.
5200.0,4978.7695,High,High,Avoid peak hours or consider an alternative route.
5433.0,5292.302,High,High,Avoid peak hours or consider an alternative route.
5370.0,5222.952,High,High,Avoid peak hours or consider an alternative route.
5803.0,5549.2466,High,High,Avoid peak hours or consider an alternative route.
6383.0,5972.5483,High,High,Avoid peak hours or consider an alternative route.
6900.0,6389.1733,High,High,Avoid peak hours or consider an alternative route.
6268.0,5982.545,High,High,Avoid peak hours or consider an alternative route.
4959.0,4805.744,High,High,Avoid peak hours or consider an alternative route.
3552.0,3290.2908,Medium,Medium,Expect moderate delays and allow extra travel time.
3538.0,3164.9827,Medium,Medium,Expect moderate delays and allow extra travel time.
2842.0,2949.549,Medium,Medium,Expect moderate delays and allow extra travel time.
1977.0,2240.3657,Low,Low,Traffic conditions are favorable.
1291.0,1367.0554,Low,Low,Traffic conditions are favorable.
732.0,826.05695,Low,Low,Traffic conditions are favorable.
526.0,594.989,Low,Low,Traffic conditions are favorable.
386.0,550.84467,Low,Low,Traffic conditions are favorable.
369.0,474.80728,Low,Low,Traffic conditions are favorable.
683.0,741.3218,Low,Low,Traffic conditions are favorable.
1418.0,1606.4613,Low,Low,Traffic conditions are favorable.
2307.0,2251.0054,Medium,Low,Traffic conditions are favorable.
3392.0,2977.14,Medium,Medium,Expect moderate delays and allow extra travel time.
4153.0,3655.0894,Medium,Medium,Expect moderate delays and allow extra travel time.
4464.0,4163.3433,Medium,Medium,Expect moderate delays and allow extra travel time.
4985.0,4497.519,High,Medium,Expect moderate delays and allow extra travel time.
5263.0,4879.6816,High,High,Avoid peak hours or consider an alternative route.
5307.0,4867.3213,High,High,Avoid peak hours or consider an alternative route.
5296.0,4882.8354,High,High,Avoid peak hours or consider an alternative route.
5340.0,4892.2036,High,High,Avoid peak hours or consider an alternative route.
5027.0,4939.62,High,High,Avoid peak hours or consider an alternative route.
5007.0,4681.351,High,High,Avoid peak hours or consider an alternative route.
4541.0,4384.256,Medium,Medium,Expect moderate delays and allow extra travel time.
3892.0,3770.717,Medium,Medium,Expect moderate delays and allow extra travel time.
3346.0,3313.1965,Medium,Medium,Expect moderate delays and allow extra travel time.
3199.0,3195.92,Medium,Medium,Expect moderate delays and allow extra travel time.
3814.0,2966.1099,Medium,Medium,Expect moderate delays and allow extra travel time.
2760.0,2429.0615,Medium,Medium,Expect moderate delays and allow extra travel time.
1447.0,1617.3927,Low,Low,Traffic conditions are favorable.
945.0,869.51886,Low,Low,Traffic conditions are favorable.
465.0,523.62537,Low,Low,Traffic conditions are favorable.
368.0,392.91266,Low,Low,Traffic conditions are favorable.
563.0,541.4486,Low,Low,Traffic conditions are favorable.
904.0,1000.8795,Low,Low,Traffic conditions are favorable.
1289.0,1435.5044,Low,Low,Traffic conditions are favorable.
2200.0,2193.7158,Medium,Low,Traffic conditions are favorable.
3219.0,3015.21,Medium,Medium,Expect moderate delays and allow extra travel time.
4088.0,3722.1252,Medium,Medium,Expect moderate delays and allow extra travel time.
4541.0,4120.936,Medium,Medium,Expect moderate delays and allow extra travel time.
4781.0,4519.492,High,Medium,Expect moderate delays and allow extra travel time.
4761.0,4518.3857,High,Medium,Expect moderate delays and allow extra travel time.
4753.0,4530.14,High,Medium,Expect moderate delays and allow extra travel time.
4866.0,4556.21,High,Medium,Expect moderate delays and allow extra travel time.
4713.0,4608.3296,High,Medium,Expect moderate delays and allow extra travel time.
4303.0,4296.495,Medium,Medium,Expect moderate delays and allow extra travel time.
3787.0,4021.287,Medium,Medium,Expect moderate delays and allow extra travel time.
3228.0,3492.673,Medium,Medium,Expect moderate delays and allow extra travel time.
3139.0,2995.1511,Medium,Medium,Expect moderate delays and allow extra travel time.
2412.0,2678.7246,Medium,Medium,Expect moderate delays and allow extra travel time.
1906.0,2065.9893,Low,Low,Traffic conditions are favorable.
1356.0,1390.5876,Low,Low,Traffic conditions are favorable.
614.0,694.2648,Low,Low,Traffic conditions are favorable.
349.0,444.13843,Low,Low,Traffic conditions are favorable.
259.0,379.67966,Low,Low,Traffic conditions are favorable.
373.0,397.094,Low,Low,Traffic conditions are favorable.
900.0,861.0698,Low,Low,Traffic conditions are favorable.
2864.0,2695.6465,Medium,Medium,Expect moderate delays and allow extra travel time.
6574.0,6326.0234,High,High,Avoid peak hours or consider an alternative route.
5970.0,5800.3125,High,High,Avoid peak hours or consider an alternative route.
5325.0,5043.8296,High,High,Avoid peak hours or consider an alternative route.
4547.0,4519.9233,Medium,Medium,Expect moderate delays and allow extra travel time.
4577.0,4522.2754,High,High,Avoid peak hours or consider an alternative route.
4739.0,4820.3477,High,High,Avoid peak hours or consider an alternative route.
4803.0,4840.4717,High,High,Avoid peak hours or consider an alternative route.
5243.0,5161.05,High,High,Avoid peak hours or consider an alternative route.
5852.0,5607.4883,High,High,Avoid peak hours or consider an alternative route.
6883.0,6245.2334,High,High,Avoid peak hours or consider an alternative route.
4660.0,4353.408,High,Medium,Expect moderate delays and allow extra travel time.
3243.0,3189.724,Medium,Medium,Expect moderate delays and allow extra travel time.
2759.0,2747.073,Medium,Medium,Expect moderate delays and allow extra travel time.
2183.0,2455.3367,Low,Medium,Expect moderate delays and allow extra travel time.
1537.0,1909.9027,Low,Low,Traffic conditions are favorable.
963.0,1219.1797,Low,Low,Traffic conditions are favorable.
530.0,672.2327,Low,Low,Traffic conditions are favorable.
330.0,427.20013,Low,Low,Traffic conditions are favorable.
248.0,362.4362,Low,Low,Traffic conditions are favorable.
346.0,378.33856,Low,Low,Traffic conditions are favorable.
911.0,864.04895,Low,Low,Traffic conditions are favorable.
2936.0,2834.5193,Medium,Medium,Expect moderate delays and allow extra travel time.
5886.0,5670.5225,High,High,Avoid peak hours or consider an alternative route.
6535.0,6356.0283,High,High,Avoid peak hours or consider an alternative route.
5905.0,5897.7393,High,High,Avoid peak hours or consider an alternative route.
5509.0,5206.296,High,High,Avoid peak hours or consider an alternative route.
4540.0,4697.335,Medium,Medium,Expect moderate delays and allow extra travel time.
4957.0,4850.7886,High,High,Avoid peak hours or consider an alternative route.
4881.0,4913.606,High,High,Avoid peak hours or consider an alternative route.
4960.0,5022.0435,High,High,Avoid peak hours or consider an alternative route.
5353.0,5308.8315,High,High,Avoid peak hours or consider an alternative route.
6010.0,5807.2583,High,High,Avoid peak hours or consider an alternative route.
7149.0,6505.4946,High,High,Avoid peak hours or consider an alternative route.
6253.0,5961.796,High,High,Avoid peak hours or consider an alternative route.
3325.0,3435.1343,Medium,Medium,Expect moderate delays and allow extra travel time.
3115.0,2955.462,Medium,Medium,Expect moderate delays and allow extra travel time.
2497.0,2851.2917,Medium,Medium,Expect moderate delays and allow extra travel time.
1589.0,2206.5034,Low,Low,Traffic conditions are favorable.
988.0,1419.6694,Low,Low,Traffic conditions are favorable.
532.0,700.9241,Low,Low,Traffic conditions are favorable.
237.0,383.1382,Low,Low,Traffic conditions are favorable.
341.0,405.28586,Low,Low,Traffic conditions are favorable.
904.0,885.8299,Low,Low,Traffic conditions are favorable.
2917.0,2856.4272,Medium,Medium,Expect moderate delays and allow extra travel time.
5866.0,5640.374,High,High,Avoid peak hours or consider an alternative route.
6303.0,6243.994,High,High,Avoid peak hours or consider an alternative route.
5850.0,5834.2866,High,High,Avoid peak hours or consider an alternative route.
5455.0,5250.4326,High,High,Avoid peak hours or consider an alternative route.
4524.0,4819.9233,Medium,High,Avoid peak hours or consider an alternative route.
4891.0,4946.5117,High,High,Avoid peak hours or consider an alternative route.
5067.0,5112.631,High,High,Avoid peak hours or consider an alternative route.
5020.0,5096.37,High,High,Avoid peak hours or consider an alternative route.
5276.0,5380.967,High,High,Avoid peak hours or consider an alternative route.
6002.0,5890.1865,High,High,Avoid peak hours or consider an alternative route.
6816.0,6564.231,High,High,Avoid peak hours or consider an alternative route.
6420.0,6075.077,High,High,Avoid peak hours or consider an alternative route.
4695.0,4772.3096,High,High,Avoid peak hours or consider an alternative route.
3543.0,3634.3613,Medium,Medium,Expect moderate delays and allow extra travel time.
2560.0,2768.6792,Medium,Medium,Expect moderate delays and allow extra travel time.
1618.0,2220.1638,Low,Low,Traffic conditions are favorable.
1023.0,1430.0912,Low,Low,Traffic conditions are favorable.
551.0,759.134,Low,Low,Traffic conditions are favorable.
358.0,461.15628,Low,Low,Traffic conditions are favorable.
255.0,394.195,Low,Low,Traffic conditions are favorable.
350.0,414.01993,Low,Low,Traffic conditions are favorable.
899.0,889.63074,Low,Low,Traffic conditions are favorable.
2953.0,2857.5774,Medium,Medium,Expect moderate delays and allow extra travel time.
5813.0,5668.6733,High,High,Avoid peak hours or consider an alternative route.
6493.0,6388.651,High,High,Avoid peak hours or consider an alternative route.
5890.0,5912.5786,High,High,Avoid peak hours or consider an alternative route.
5495.0,5248.5195,High,High,Avoid peak hours or consider an alternative route.
4675.0,4792.449,High,High,Avoid peak hours or consider an alternative route.
5110.0,4995.322,High,High,Avoid peak hours or consider an alternative route.
5078.0,5143.573,High,High,Avoid peak hours or consider an alternative route.
5281.0,5225.2837,High,High,Avoid peak hours or consider an alternative route.
5661.0,5512.072,High,High,Avoid peak hours or consider an alternative route.
6257.0,5986.859,High,High,Avoid peak hours or consider an alternative route.
7139.0,6598.62,High,High,Avoid peak hours or consider an alternative route.
6372.0,6080.234,High,High,Avoid peak hours or consider an alternative route.
5068.0,4840.3374,High,High,Avoid peak hours or consider an alternative route.
3813.0,3747.8218,Medium,Medium,Expect moderate delays and allow extra travel time.
3338.0,3287.2742,Medium,Medium,Expect moderate delays and allow extra travel time.
3058.0,3125.9375,Medium,Medium,Expect moderate delays and allow extra travel time.
2171.0,2701.7415,Low,Medium,Expect moderate delays and allow extra travel time.
1253.0,1678.4557,Low,Low,Traffic conditions are favorable.
683.0,832.90765,Low,Low,Traffic conditions are favorable.
422.0,486.72934,Low,Low,Traffic conditions are favorable.
380.0,424.5089,Low,Low,Traffic conditions are favorable.
849.0,857.9132,Low,Low,Traffic conditions are favorable.
2744.0,2552.0515,Medium,Medium,Expect moderate delays and allow extra travel time.
5573.0,5405.4673,High,High,Avoid peak hours or consider an alternative route.
6712.0,6289.635,High,High,Avoid peak hours or consider an alternative route.
6109.0,5816.975,High,High,Avoid peak hours or consider an alternative route.
5414.0,5149.5034,High,High,Avoid peak hours or consider an alternative route.
4946.0,4915.5874,High,High,Avoid peak hours or consider an alternative route.
5365.0,5038.2085,High,High,Avoid peak hours or consider an alternative route.
5622.0,5284.6416,High,High,Avoid peak hours or consider an alternative route.
5487.0,5286.4194,High,High,Avoid peak hours or consider an alternative route.
6005.0,5547.2646,High,High,Avoid peak hours or consider an alternative route.
6471.0,6380.5728,High,High,Avoid peak hours or consider an alternative route.
6459.0,6008.7056,High,High,Avoid peak hours or consider an alternative route.
5355.0,4870.0215,High,High,Avoid peak hours or consider an alternative route.
4083.0,3577.9863,Medium,Medium,Expect moderate delays and allow extra travel time.
3319.0,3352.825,Medium,Medium,Expect moderate delays and allow extra travel time.
3384.0,3166.7605,Medium,Medium,Expect moderate delays and allow extra travel time.
1942.0,2195.1953,Low,Low,Traffic conditions are favorable.
1097.0,1334.5605,Low,Low,Traffic conditions are favorable.
725.0,791.91144,Low,Low,Traffic conditions are favorable.
531.0,571.1675,Low,Low,Traffic conditions are favorable.
382.0,545.5018,Low,Low,Traffic conditions are favorable.
365.0,465.95312,Low,Low,Traffic conditions are favorable.
744.0,761.3884,Low,Low,Traffic conditions are favorable.
1366.0,1615.629,Low,Low,Traffic conditions are favorable.
2330.0,2279.9392,Medium,Low,Traffic conditions are favorable.
3737.0,2991.7322,Medium,Medium,Expect moderate delays and allow extra travel time.
4509.0,3655.0894,Medium,Medium,Expect moderate delays and allow extra travel time.
4752.0,4163.1367,High,Medium,Expect moderate delays and allow extra travel time.
5130.0,4499.501,High,Medium,Expect moderate delays and allow extra travel time.
5453.0,4867.3213,High,High,Avoid peak hours or consider an alternative route.
5529.0,4869.303,High,High,Avoid peak hours or consider an alternative route.
5191.0,4892.9297,High,High,Avoid peak hours or consider an alternative route.
4925.0,4838.8486,High,High,Avoid peak hours or consider an alternative route.
5034.0,4949.7144,High,High,Avoid peak hours or consider an alternative route.
4991.0,4681.351,High,High,Avoid peak hours or consider an alternative route.
3764.0,3779.0334,Medium,Medium,Expect moderate delays and allow extra travel time.
3189.0,3321.513,Medium,Medium,Expect moderate delays and allow extra travel time.
3076.0,3216.731,Medium,Medium,Expect moderate delays and allow extra travel time.
2900.0,2985.221,Medium,Medium,Expect moderate delays and allow extra travel time.
3360.0,2429.0615,Medium,Medium,Expect moderate delays and allow extra travel time.
1532.0,1513.7441,Low,Low,Traffic conditions are favorable.
821.0,868.0827,Low,Low,Traffic conditions are favorable.
601.0,629.4721,Low,Low,Traffic conditions are favorable.
347.0,519.01733,Low,Low,Traffic conditions are favorable.
280.0,388.0921,Low,Low,Traffic conditions are favorable.
427.0,515.9427,Low,Low,Traffic conditions are favorable.
839.0,966.4456,Low,Low,Traffic conditions are favorable.
1397.0,1488.0383,Low,Low,Traffic conditions are favorable.
2153.0,2212.9497,Low,Low,Traffic conditions are favorable.
3258.0,3023.3354,Medium,Medium,Expect moderate delays and allow extra travel time.
3848.0,3683.2754,Medium,Medium,Expect moderate delays and allow extra travel time.
4381.0,4076.5042,Medium,Medium,Expect moderate delays and allow extra travel time.
4886.0,4518.3857,High,Medium,Expect moderate delays and allow extra travel time.
4828.0,4526.9863,High,Medium,Expect moderate delays and allow extra travel time.
4715.0,4506.6123,High,Medium,Expect moderate delays and allow extra travel time.
4570.0,4548.716,Medium,Medium,Expect moderate delays and allow extra travel time.
4886.0,4502.0815,High,Medium,Expect moderate delays and allow extra travel time.
4390.0,4279.598,Medium,Medium,Expect moderate delays and allow extra travel time.
3903.0,4012.7302,Medium,Medium,Expect moderate delays and allow extra travel time.
3351.0,3475.3105,Medium,Medium,Expect moderate delays and allow extra travel time.
3026.0,3044.0417,Medium,Medium,Expect moderate delays and allow extra travel time.
1703.0,2147.4,Low,Low,Traffic conditions are favorable.
1035.0,1476.3898,Low,Low,Traffic conditions are favorable.
541.0,580.7259,Low,Low,Traffic conditions are favorable.
327.0,353.1385,Low,Low,Traffic conditions are favorable.
275.0,312.37762,Low,Low,Traffic conditions are favorable.
355.0,279.68896,Low,Low,Traffic conditions are favorable.
891.0,776.59863,Low,Low,Traffic conditions are favorable.
891.0,776.59863,Low,Low,Traffic conditions are favorable.
2871.0,2567.561,Medium,Medium,Expect moderate delays and allow extra travel time.
2871.0,2567.561,Medium,Medium,Expect moderate delays and allow extra travel time.
6633.0,5930.5156,High,High,Avoid peak hours or consider an alternative route.
5724.0,5465.8257,High,High,Avoid peak hours or consider an alternative route.
5171.0,4933.0513,High,High,Avoid peak hours or consider an alternative route.
5171.0,4829.9487,High,High,Avoid peak hours or consider an alternative route.
4523.0,4227.7056,Medium,Medium,Expect moderate delays and allow extra travel time.
4523.0,4207.535,Medium,Medium,Expect moderate delays and allow extra travel time.
4619.0,4376.1743,High,High,Avoid peak hours or consider an alternative route.
4825.0,4811.01,High,High,Avoid peak hours or consider an alternative route.
4837.0,4840.4717,High,High,Avoid peak hours or consider an alternative route.
5147.0,5126.401,High,High,Avoid peak hours or consider an alternative route.
5792.0,5585.4116,High,High,Avoid peak hours or consider an alternative route.
6901.0,6247.6826,High,High,Avoid peak hours or consider an alternative route.
6184.0,5838.068,High,High,Avoid peak hours or consider an alternative route.
4568.0,4341.2295,Medium,Medium,Expect moderate delays and allow extra travel time.
3259.0,3275.207,Medium,Medium,Expect moderate delays and allow extra travel time.
2329.0,2495.3447,Medium,Medium,Expect moderate delays and allow extra travel time.
1594.0,1936.6797,Low,Low,Traffic conditions are favorable.
1061.0,1259.0559,Low,Low,Traffic conditions are favorable.
576.0,689.91864,Low,Low,Traffic conditions are favorable.
395.0,460.9558,Low,Low,Traffic conditions are favorable.
275.0,369.54044,Low,Low,Traffic conditions are favorable.
370.0,384.5877,Low,Low,Traffic conditions are favorable.
916.0,864.561,Low,Low,Traffic conditions are favorable.
2893.0,2890.0085,Medium,Medium,Expect moderate delays and allow extra travel time.
5653.0,5621.6987,High,High,Avoid peak hours or consider an alternative route.
6046.0,6107.224,High,High,Avoid peak hours or consider an alternative route.
6140.0,5743.9644,High,High,Avoid peak hours or consider an alternative route.
5420.0,5120.571,High,High,Avoid peak hours or consider an alternative route.
4468.0,4693.4473,Medium,Medium,Expect moderate delays and allow extra travel time.
4473.0,4718.6104,Medium,High,Avoid peak hours or consider an alternative route.
5111.0,4908.079,High,High,Avoid peak hours or consider an alternative route.
4988.0,4900.0293,High,High,Avoid peak hours or consider an alternative route.
4926.0,5197.196,High,High,Avoid peak hours or consider an alternative route.
5802.0,5686.5557,High,High,Avoid peak hours or consider an alternative route.
6900.0,6407.904,High,High,Avoid peak hours or consider an alternative route.
6410.0,5918.2534,High,High,Avoid peak hours or consider an alternative route.
3411.0,3408.7483,Medium,Medium,Expect moderate delays and allow extra travel time.
2907.0,2963.6814,Medium,Medium,Expect moderate delays and allow extra travel time.
2287.0,2734.775,Medium,Medium,Expect moderate delays and allow extra travel time.
1438.0,2055.4355,Low,Low,Traffic conditions are favorable.
1093.0,1203.0869,Low,Low,Traffic conditions are favorable.
1093.0,1212.2285,Low,Low,Traffic conditions are favorable.
517.0,674.4085,Low,Low,Traffic conditions are favorable.
517.0,701.38904,Low,Low,Traffic conditions are favorable.
517.0,683.1826,Low,Low,Traffic conditions are favorable.
517.0,698.4036,Low,Low,Traffic conditions are favorable.
324.0,475.55936,Low,Low,Traffic conditions are favorable.
324.0,497.58112,Low,Low,Traffic conditions are favorable.
324.0,491.44754,Low,Low,Traffic conditions are favorable.
253.0,398.2035,Low,Low,Traffic conditions are favorable.
253.0,413.4244,Low,Low,Traffic conditions are favorable.
351.0,385.6327,Low,Low,Traffic conditions are favorable.
351.0,427.4503,Low,Low,Traffic conditions are favorable.
915.0,862.0856,Low,Low,Traffic conditions are favorable.
915.0,880.00665,Low,Low,Traffic conditions are favorable.
5910.0,5603.8774,High,High,Avoid peak hours or consider an alternative route.
6606.0,6275.54,High,High,Avoid peak hours or consider an alternative route.
5676.0,5792.7153,High,High,Avoid peak hours or consider an alternative route.
5638.0,5164.3843,High,High,Avoid peak hours or consider an alternative route.
4815.0,4726.538,High,High,Avoid peak hours or consider an alternative route.
4999.0,4865.2197,High,High,Avoid peak hours or consider an alternative route.
5088.0,5007.2256,High,High,Avoid peak hours or consider an alternative route.
5034.0,4952.83,High,High,Avoid peak hours or consider an alternative route.
5179.0,5259.357,High,High,Avoid peak hours or consider an alternative route.
5913.0,5736.246,High,High,Avoid peak hours or consider an alternative route.
6935.0,6410.1255,High,High,Avoid peak hours or consider an alternative route.
6291.0,5934.178,High,High,Avoid peak hours or consider an alternative route.
4763.0,4668.204,High,High,Avoid peak hours or consider an alternative route.
3518.0,3522.4504,Medium,Medium,Expect moderate delays and allow extra travel time.
3114.0,3118.4768,Medium,Medium,Expect moderate delays and allow extra travel time.
2634.0,2868.3408,Medium,Medium,Expect moderate delays and allow extra travel time.
1721.0,2107.851,Low,Low,Traffic conditions are favorable.
1074.0,1336.8608,Low,Low,Traffic conditions are favorable.
591.0,763.0202,Low,Low,Traffic conditions are favorable.
373.0,489.81622,Low,Low,Traffic conditions are favorable.
259.0,434.15857,Low,Low,Traffic conditions are favorable.
345.0,441.50302,Low,Low,Traffic conditions are favorable.
937.0,922.047,Low,Low,Traffic conditions are favorable.
3025.0,2900.3093,Medium,Medium,Expect moderate delays and allow extra travel time.
5893.0,5670.4854,High,High,Avoid peak hours or consider an alternative route.
6457.0,6265.0464,High,High,Avoid peak hours or consider an alternative route.
6084.0,5805.169,High,High,Avoid peak hours or consider an alternative route.
5289.0,5165.7075,High,High,Avoid peak hours or consider an alternative route.
4763.0,4779.7837,High,High,Avoid peak hours or consider an alternative route.
4987.0,4892.86,High,High,Avoid peak hours or consider an alternative route.
5210.0,5083.867,High,High,Avoid peak hours or consider an alternative route.
5332.0,5087.5493,High,High,Avoid peak hours or consider an alternative route.
5462.0,5381.0337,High,High,Avoid peak hours or consider an alternative route.
6103.0,5840.8237,High,High,Avoid peak hours or consider an alternative route.
6977.0,6448.829,High,High,Avoid peak hours or consider an alternative route.
6630.0,6009.8174,High,High,Avoid peak hours or consider an alternative route.
5019.0,4748.231,High,High,Avoid peak hours or consider an alternative route.
3325.0,3202.6785,Medium,Medium,Expect moderate delays and allow extra travel time.
2716.0,3114.1707,Medium,Medium,Expect moderate delays and allow extra travel time.
1918.0,2581.55,Low,Medium,Expect moderate delays and allow extra travel time.
1308.0,1529.062,Low,Low,Traffic conditions are favorable.
1308.0,1575.1655,Low,Low,Traffic conditions are favorable.
655.0,851.0684,Low,Low,Traffic conditions are favorable.
393.0,531.3009,Low,Low,Traffic conditions are favorable.
338.0,445.35547,Low,Low,Traffic conditions are favorable.
409.0,451.1899,Low,Low,Traffic conditions are favorable.
882.0,880.475,Low,Low,Traffic conditions are favorable.
2841.0,2639.521,Medium,Medium,Expect moderate delays and allow extra travel time.
5503.0,5449.603,High,High,Avoid peak hours or consider an alternative route.
6587.0,6173.8047,High,High,Avoid peak hours or consider an alternative route.
5156.0,5067.225,High,High,Avoid peak hours or consider an alternative route.
4982.0,4813.361,High,High,Avoid peak hours or consider an alternative route.
5275.0,4930.828,High,High,Avoid peak hours or consider an alternative route.
5528.0,5145.003,High,High,Avoid peak hours or consider an alternative route.
5557.0,5127.918,High,High,Avoid peak hours or consider an alternative route.
5869.0,5440.6997,High,High,Avoid peak hours or consider an alternative route.
6262.0,5817.6055,High,High,Avoid peak hours or consider an alternative route.
6662.0,6098.779,High,High,Avoid peak hours or consider an alternative route.
5024.0,4771.449,High,High,Avoid peak hours or consider an alternative route.
4000.0,3699.5027,Medium,Medium,Expect moderate delays and allow extra travel time.
3541.0,3273.371,Medium,Medium,Expect moderate delays and allow extra travel time.
3323.0,3183.288,Medium,Medium,Expect moderate delays and allow extra travel time.
2718.0,2904.6797,Medium,Medium,Expect moderate delays and allow extra travel time.
2103.0,2204.0342,Low,Low,Traffic conditions are favorable.
1446.0,1472.7043,Low,Low,Traffic conditions are favorable.
691.0,850.7284,Low,Low,Traffic conditions are favorable.
345.0,578.3512,Low,Low,Traffic conditions are favorable.
399.0,491.47076,Low,Low,Traffic conditions are favorable.
1382.0,1582.6305,Low,Low,Traffic conditions are favorable.
2248.0,2175.9143,Medium,Low,Traffic conditions are favorable.
3095.0,2901.683,Medium,Medium,Expect moderate delays and allow extra travel time.
3848.0,3555.5347,Medium,Medium,Expect moderate delays and allow extra travel time.
3915.0,4051.5598,Medium,Medium,Expect moderate delays and allow extra travel time.
4280.0,4348.863,Medium,Medium,Expect moderate delays and allow extra travel time.
4775.0,4684.4355,High,High,Avoid peak hours or consider an alternative route.
4730.0,4687.1597,High,High,Avoid peak hours or consider an alternative route.
4394.0,4765.688,Medium,High,Avoid peak hours or consider an alternative route.
4699.0,4659.0117,High,High,Avoid peak hours or consider an alternative route.
4580.0,4597.838,High,High,Avoid peak hours or consider an alternative route.
4539.0,4489.714,Medium,Medium,Expect moderate delays and allow extra travel time.
4156.0,4203.928,Medium,Medium,Expect moderate delays and allow extra travel time.
4156.0,4203.928,Medium,Medium,Expect moderate delays and allow extra travel time.
3146.0,3640.561,Medium,Medium,Expect moderate delays and allow extra travel time.
3146.0,3614.871,Medium,Medium,Expect moderate delays and allow extra travel time.
3146.0,3694.694,Medium,Medium,Expect moderate delays and allow extra travel time.
2767.0,3248.9795,Medium,Medium,Expect moderate delays and allow extra travel time.
2767.0,3254.4167,Medium,Medium,Expect moderate delays and allow extra travel time.
2922.0,3193.4978,Medium,Medium,Expect moderate delays and allow extra travel time.
3145.0,2892.125,Medium,Medium,Expect moderate delays and allow extra travel time.
2432.0,2461.991,Medium,Medium,Expect moderate delays and allow extra travel time.
1674.0,1613.1312,Low,Low,Traffic conditions are favorable.
784.0,921.14777,Low,Low,Traffic conditions are favorable.
784.0,941.8245,Low,Low,Traffic conditions are favorable.
509.0,665.2475,Low,Low,Traffic conditions are favorable.
346.0,547.0232,Low,Low,Traffic conditions are favorable.
269.0,414.3279,Low,Low,Traffic conditions are favorable.
459.0,582.50214,Low,Low,Traffic conditions are favorable.
998.0,1013.7361,Low,Low,Traffic conditions are favorable.
1332.0,1495.2047,Low,Low,Traffic conditions are favorable.
2390.0,2193.2952,Medium,Low,Traffic conditions are favorable.
3000.0,3000.0322,Medium,Medium,Expect moderate delays and allow extra travel time.
3568.0,3693.0447,Medium,Medium,Expect moderate delays and allow extra travel time.
3914.0,4058.0105,Medium,Medium,Expect moderate delays and allow extra travel time.
4053.0,4430.6445,Medium,Medium,Expect moderate delays and allow extra travel time.
4237.0,4425.733,Medium,Medium,Expect moderate delays and allow extra travel time.
4295.0,4425.2095,Medium,Medium,Expect moderate delays and allow extra travel time.
4181.0,4315.6504,Medium,Medium,Expect moderate delays and allow extra travel time.
3739.0,4218.0557,Medium,Medium,Expect moderate delays and allow extra travel time.
3778.0,3929.4414,Medium,Medium,Expect moderate delays and allow extra travel time.
3041.0,3417.8408,Medium,Medium,Expect moderate delays and allow extra travel time.
2658.0,3023.75,Medium,Medium,Expect moderate delays and allow extra travel time.
2350.0,2709.2258,Medium,Medium,Expect moderate delays and allow extra travel time.
1717.0,2137.943,Low,Low,Traffic conditions are favorable.
1248.0,1616.5814,Low,Low,Traffic conditions are favorable.
597.0,622.36816,Low,Low,Traffic conditions are favorable.
353.0,395.28455,Low,Low,Traffic conditions are favorable.
244.0,315.23193,Low,Low,Traffic conditions are favorable.
326.0,331.1343,Low,Low,Traffic conditions are favorable.
875.0,757.703,Low,Low,Traffic conditions are favorable.
2729.0,2602.8328,Medium,Medium,Expect moderate delays and allow extra travel time.
5780.0,5461.268,High,High,Avoid peak hours or consider an alternative route.
6339.0,5717.1777,High,High,Avoid peak hours or consider an alternative route.
5793.0,5263.09,High,High,Avoid peak hours or consider an alternative route.
4932.0,4859.5396,High,High,Avoid peak hours or consider an alternative route.
4369.0,4185.83,Medium,Medium,Expect moderate delays and allow extra travel time.
4608.0,4285.097,High,High,Avoid peak hours or consider an alternative route.
4792.0,4627.775,High,High,Avoid peak hours or consider an alternative route.
4815.0,4652.912,High,High,Avoid peak hours or consider an alternative route.
4969.0,4983.975,High,High,Avoid peak hours or consider an alternative route.
5799.0,5435.0776,High,High,Avoid peak hours or consider an alternative route.
6663.0,6097.152,High,High,Avoid peak hours or consider an alternative route.
6197.0,5620.8228,High,High,Avoid peak hours or consider an alternative route.
4502.0,4256.089,Medium,Medium,Expect moderate delays and allow extra travel time.
3292.0,3182.8901,Medium,Medium,Expect moderate delays and allow extra travel time.
2791.0,2694.283,Medium,Medium,Expect moderate delays and allow extra travel time.
2494.0,2325.8215,Medium,Medium,Expect moderate delays and allow extra travel time.
1591.0,1841.392,Low,Low,Traffic conditions are favorable.
1010.0,1167.3373,Low,Low,Traffic conditions are favorable.
585.0,690.27985,Low,Low,Traffic conditions are favorable.
356.0,454.1937,Low,Low,Traffic conditions are favorable.
264.0,374.14108,Low,Low,Traffic conditions are favorable.
331.0,381.26935,Low,Low,Traffic conditions are favorable.
868.0,864.985,Low,Low,Traffic conditions are favorable.
2849.0,2887.3835,Medium,Medium,Expect moderate delays and allow extra travel time.
5958.0,5587.6816,High,High,Avoid peak hours or consider an alternative route.
6651.0,6161.1133,High,High,Avoid peak hours or consider an alternative route.
6203.0,5705.434,High,High,Avoid peak hours or consider an alternative route.
5428.0,5081.583,High,High,Avoid peak hours or consider an alternative route.
4500.0,4571.531,Medium,Medium,Expect moderate delays and allow extra travel time.
4614.0,4691.0913,High,High,Avoid peak hours or consider an alternative route.
4601.0,4896.834,High,High,Avoid peak hours or consider an alternative route.
4583.0,4839.0293,High,High,Avoid peak hours or consider an alternative route.
4583.0,4821.9414,High,High,Avoid peak hours or consider an alternative route.
5196.0,5114.0635,High,High,Avoid peak hours or consider an alternative route.
5196.0,5127.0234,High,High,Avoid peak hours or consider an alternative route.
5855.0,5586.411,High,High,Avoid peak hours or consider an alternative route.
6578.0,6358.078,High,High,Avoid peak hours or consider an alternative route.
6279.0,5818.619,High,High,Avoid peak hours or consider an alternative route.
4545.0,4615.1387,Medium,High,Avoid peak hours or consider an alternative route.
4545.0,4653.6934,Medium,High,Avoid peak hours or consider an alternative route.
3274.0,3437.3213,Medium,Medium,Expect moderate delays and allow extra travel time.
3274.0,3443.2864,Medium,Medium,Expect moderate delays and allow extra travel time.
2334.0,2800.7725,Medium,Medium,Expect moderate delays and allow extra travel time.
2334.0,2800.7725,Medium,Medium,Expect moderate delays and allow extra travel time.
1513.0,2147.8933,Low,Low,Traffic conditions are favorable.
1513.0,2128.8447,Low,Low,Traffic conditions are favorable.
1027.0,1416.6055,Low,Low,Traffic conditions are favorable.
1027.0,1395.7217,Low,Low,Traffic conditions are favorable.
516.0,674.4085,Low,Low,Traffic conditions are favorable.
516.0,703.8594,Low,Low,Traffic conditions are favorable.
516.0,660.56335,Low,Low,Traffic conditions are favorable.
319.0,463.55078,Low,Low,Traffic conditions are favorable.
261.0,382.8579,Low,Low,Traffic conditions are favorable.
340.0,393.80786,Low,Low,Traffic conditions are favorable.
340.0,406.32407,Low,Low,Traffic conditions are favorable.
885.0,889.75977,Low,Low,Traffic conditions are favorable.
2881.0,2856.5134,Medium,Medium,Expect moderate delays and allow extra travel time.
6008.0,5644.6743,High,High,Avoid peak hours or consider an alternative route.
6523.0,6154.1094,High,High,Avoid peak hours or consider an alternative route.
6523.0,6154.1094,High,High,Avoid peak hours or consider an alternative route.
5210.0,5118.1606,High,High,Avoid peak hours or consider an alternative route.
5210.0,5101.476,High,High,Avoid peak hours or consider an alternative route.
5210.0,5101.476,High,High,Avoid peak hours or consider an alternative route.
4720.0,4623.5605,High,High,Avoid peak hours or consider an alternative route.
4693.0,4745.523,High,High,Avoid peak hours or consider an alternative route.
4693.0,4769.207,High,High,Avoid peak hours or consider an alternative route.
4840.0,4901.5117,High,High,Avoid peak hours or consider an alternative route.
4933.0,4974.774,High,High,Avoid peak hours or consider an alternative route.
4933.0,5007.2256,High,High,Avoid peak hours or consider an alternative route.
5109.0,5294.6274,High,High,Avoid peak hours or consider an alternative route.
5109.0,5305.6216,High,High,Avoid peak hours or consider an alternative route.
6159.0,5675.158,High,High,Avoid peak hours or consider an alternative route.
6844.0,6321.582,High,High,Avoid peak hours or consider an alternative route.
6844.0,6408.715,High,High,Avoid peak hours or consider an alternative route.
6436.0,5967.6606,High,High,Avoid peak hours or consider an alternative route.
4768.0,4624.0005,High,High,Avoid peak hours or consider an alternative route.
3511.0,3524.7688,Medium,Medium,Expect moderate delays and allow extra travel time.
3287.0,3040.3447,Medium,Medium,Expect moderate delays and allow extra travel time.
1736.0,2175.4692,Low,Low,Traffic conditions are favorable.
1466.0,1414.8513,Low,Low,Traffic conditions are favorable.
633.0,759.29724,Low,Low,Traffic conditions are favorable.
364.0,512.48315,Low,Low,Traffic conditions are favorable.
270.0,442.97827,Low,Low,Traffic conditions are favorable.
374.0,438.00867,Low,Low,Traffic conditions are favorable.
928.0,912.4604,Low,Low,Traffic conditions are favorable.
2881.0,2882.2185,Medium,Medium,Expect moderate delays and allow extra travel time.
5840.0,5651.451,High,High,Avoid peak hours or consider an alternative route.
6197.0,6234.163,High,High,Avoid peak hours or consider an alternative route.
5690.0,5757.7993,High,High,Avoid peak hours or consider an alternative route.
5568.0,5179.1035,High,High,Avoid peak hours or consider an alternative route.
4691.0,4749.0703,High,High,Avoid peak hours or consider an alternative route.
5120.0,4918.1973,High,High,Avoid peak hours or consider an alternative route.
5268.0,5105.129,High,High,Avoid peak hours or consider an alternative route.
5140.0,5105.129,High,High,Avoid peak hours or consider an alternative route.
5599.0,5357.045,High,High,Avoid peak hours or consider an alternative route.
6364.0,5833.071,High,High,Avoid peak hours or consider an alternative route.
7074.0,6435.8037,High,High,Avoid peak hours or consider an alternative route.
6722.0,5995.871,High,High,Avoid peak hours or consider an alternative route.
5110.0,4744.435,High,High,Avoid peak hours or consider an alternative route.
3824.0,3685.5938,Medium,Medium,Expect moderate delays and allow extra travel time.
3310.0,3164.966,Medium,Medium,Expect moderate delays and allow extra travel time.
2906.0,3021.258,Medium,Medium,Expect moderate delays and allow extra travel time.
1287.0,1639.9338,Low,Low,Traffic conditions are favorable.
660.0,833.7104,Low,Low,Traffic conditions are favorable.
379.0,522.2653,Low,Low,Traffic conditions are favorable.
302.0,454.16583,Low,Low,Traffic conditions are favorable.
342.0,438.8352,Low,Low,Traffic conditions are favorable.
814.0,873.7497,Low,Low,Traffic conditions are favorable.
2640.0,2647.8855,Medium,Medium,Expect moderate delays and allow extra travel time.
5561.0,5438.337,High,High,Avoid peak hours or consider an alternative route.
6472.0,6182.305,High,High,Avoid peak hours or consider an alternative route.
6472.0,6108.665,High,High,Avoid peak hours or consider an alternative route.
5594.0,5717.42,High,High,Avoid peak hours or consider an alternative route.
5189.0,5034.6646,High,High,Avoid peak hours or consider an alternative route.
4978.0,4778.3315,High,High,Avoid peak hours or consider an alternative route.
5292.0,4918.1587,High,High,Avoid peak hours or consider an alternative route.
5530.0,5127.078,High,High,Avoid peak hours or consider an alternative route.
5648.0,5362.7075,High,High,Avoid peak hours or consider an alternative route.
6354.0,5789.3643,High,High,Avoid peak hours or consider an alternative route.
6858.0,6118.483,High,High,Avoid peak hours or consider an alternative route.
5773.0,5943.762,High,High,Avoid peak hours or consider an alternative route.
5138.0,4705.8403,High,High,Avoid peak hours or consider an alternative route.
5138.0,4649.043,High,High,Avoid peak hours or consider an alternative route.
3863.0,3589.1277,Medium,Medium,Expect moderate delays and allow extra travel time.
3863.0,3571.81,Medium,Medium,Expect moderate delays and allow extra travel time.
3108.0,3140.5242,Medium,Medium,Expect moderate delays and allow extra travel time.
3108.0,3179.0193,Medium,Medium,Expect moderate delays and allow extra travel time.
3134.0,3033.9644,Medium,Medium,Expect moderate delays and allow extra travel time.
2436.0,2858.5,Medium,Medium,Expect moderate delays and allow extra travel time.
1740.0,2156.6802,Low,Low,Traffic conditions are favorable.
1107.0,1477.5317,Low,Low,Traffic conditions are favorable.
642.0,832.844,Low,Low,Traffic conditions are favorable.
427.0,618.03076,Low,Low,Traffic conditions are favorable.
482.0,570.5561,Low,Low,Traffic conditions are favorable.
440.0,491.06525,Low,Low,Traffic conditions are favorable.
809.0,777.9194,Low,Low,Traffic conditions are favorable.
1428.0,1606.6793,Low,Low,Traffic conditions are favorable.
2113.0,2173.7917,Low,Low,Traffic conditions are favorable.
3110.0,2889.7905,Medium,Medium,Expect moderate delays and allow extra travel time.
3792.0,3559.859,Medium,Medium,Expect moderate delays and allow extra travel time.
4818.0,4427.0737,High,Medium,Expect moderate delays and allow extra travel time.
5167.0,4716.027,High,High,Avoid peak hours or consider an alternative route.
4631.0,4719.1807,High,High,Avoid peak hours or consider an alternative route.
4283.0,4728.388,Medium,High,Avoid peak hours or consider an alternative route.
4148.0,4743.932,Medium,High,Avoid peak hours or consider an alternative route.
4148.0,4745.1616,Medium,High,Avoid peak hours or consider an alternative route.
3972.0,4559.596,Medium,Medium,Expect moderate delays and allow extra travel time.
3972.0,4557.2974,Medium,Medium,Expect moderate delays and allow extra travel time.
3736.0,4252.693,Medium,Medium,Expect moderate delays and allow extra travel time.
3060.0,3661.8853,Medium,Medium,Expect moderate delays and allow extra travel time.
2718.0,3263.2646,Medium,Medium,Expect moderate delays and allow extra travel time.
2727.0,3158.6973,Medium,Medium,Expect moderate delays and allow extra travel time.
2527.0,2878.803,Medium,Medium,Expect moderate delays and allow extra travel time.
2033.0,2370.6353,Low,Medium,Expect moderate delays and allow extra travel time.
1191.0,1575.4098,Low,Low,Traffic conditions are favorable.
756.0,910.0021,Low,Low,Traffic conditions are favorable.
622.0,625.83984,Low,Low,Traffic conditions are favorable.
353.0,543.6634,Low,Low,Traffic conditions are favorable.
342.0,412.7381,Low,Low,Traffic conditions are favorable.
460.0,562.00616,Low,Low,Traffic conditions are favorable.
868.0,1013.2593,Low,Low,Traffic conditions are favorable.
1304.0,1482.4131,Low,Low,Traffic conditions are favorable.
1965.0,2195.7578,Low,Low,Traffic conditions are favorable.
3117.0,2973.362,Medium,Medium,Expect moderate delays and allow extra travel time.
3725.0,3651.5444,Medium,Medium,Expect moderate delays and allow extra travel time.
3983.0,4035.481,Medium,Medium,Expect moderate delays and allow extra travel time.
4088.0,4407.339,Medium,Medium,Expect moderate delays and allow extra travel time.
4184.0,4396.2476,Medium,Medium,Expect moderate delays and allow extra travel time.
4091.0,4418.7925,Medium,Medium,Expect moderate delays and allow extra travel time.
4072.0,4383.497,Medium,Medium,Expect moderate delays and allow extra travel time.
4169.0,4403.9663,Medium,Medium,Expect moderate delays and allow extra travel time.
3827.0,4236.2617,Medium,Medium,Expect moderate delays and allow extra travel time.
3555.0,3964.2932,Medium,Medium,Expect moderate delays and allow extra travel time.
3256.0,3438.863,Medium,Medium,Expect moderate delays and allow extra travel time.
3049.0,3045.423,Medium,Medium,Expect moderate delays and allow extra travel time.
2586.0,2710.4583,Medium,Medium,Expect moderate delays and allow extra travel time.
1759.0,2139.7893,Low,Low,Traffic conditions are favorable.
1077.0,1507.3867,Low,Low,Traffic conditions are favorable.
598.0,587.38055,Low,Low,Traffic conditions are favorable.
366.0,350.8705,Low,Low,Traffic conditions are favorable.
243.0,277.83826,Low,Low,Traffic conditions are favorable.
308.0,286.70184,Low,Low,Traffic conditions are favorable.
875.0,748.1089,Low,Low,Traffic conditions are favorable.
2816.0,2533.4648,Medium,Medium,Expect moderate delays and allow extra travel time.
5792.0,5153.851,High,High,Avoid peak hours or consider an alternative route.
6559.0,5785.308,High,High,Avoid peak hours or consider an alternative route.
5870.0,5318.4653,High,High,Avoid peak hours or consider an alternative route.
5052.0,4576.718,High,High,Avoid peak hours or consider an alternative route.
4392.0,3887.0461,Medium,Medium,Expect moderate delays and allow extra travel time.
4794.0,4651.002,High,High,Avoid peak hours or consider an alternative route.
4831.0,4529.211,High,High,Avoid peak hours or consider an alternative route.
5025.0,4879.925,High,High,Avoid peak hours or consider an alternative route.
5598.0,5324.8643,High,High,Avoid peak hours or consider an alternative route.
5598.0,5337.884,High,High,Avoid peak hours or consider an alternative route.
6463.0,5968.9595,High,High,Avoid peak hours or consider an alternative route.
5971.0,5638.735,High,High,Avoid peak hours or consider an alternative route.
4545.0,4150.9673,Medium,Medium,Expect moderate delays and allow extra travel time.
3113.0,3037.0056,Medium,Medium,Expect moderate delays and allow extra travel time.
3113.0,3006.8613,Medium,Medium,Expect moderate delays and allow extra travel time.
3113.0,3066.5232,Medium,Medium,Expect moderate delays and allow extra travel time.
2681.0,2489.1963,Medium,Medium,Expect moderate delays and allow extra travel time.
2681.0,2520.238,Medium,Medium,Expect moderate delays and allow extra travel time.
2681.0,2502.7283,Medium,Medium,Expect moderate delays and allow extra travel time.
2293.0,2242.586,Medium,Medium,Expect moderate delays and allow extra travel time.
2293.0,2244.1067,Medium,Medium,Expect moderate delays and allow extra travel time.
2107.0,1657.7904,Low,Low,Traffic conditions are favorable.
2107.0,1636.5653,Low,Low,Traffic conditions are favorable.
2107.0,1662.2599,Low,Low,Traffic conditions are favorable.
1022.0,1187.0581,Low,Low,Traffic conditions are favorable.
555.0,683.7188,Low,Low,Traffic conditions are favorable.
555.0,682.35486,Low,Low,Traffic conditions are favorable.
555.0,653.1465,Low,Low,Traffic conditions are favorable.
309.0,467.3568,Low,Low,Traffic conditions are favorable.
309.0,463.00745,Low,Low,Traffic conditions are favorable.
248.0,385.94022,Low,Low,Traffic conditions are favorable.
248.0,382.95483,Low,Low,Traffic conditions are favorable.
349.0,398.8572,Low,Low,Traffic conditions are favorable.
349.0,401.16022,Low,Low,Traffic conditions are favorable.
349.0,398.17484,Low,Low,Traffic conditions are favorable.
934.0,880.70953,Low,Low,Traffic conditions are favorable.
934.0,877.7241,Low,Low,Traffic conditions are favorable.
934.0,751.10425,Low,Low,Traffic conditions are favorable.
3020.0,2726.4355,Medium,Medium,Expect moderate delays and allow extra travel time.
3020.0,2872.994,Medium,Medium,Expect moderate delays and allow extra travel time.
5914.0,5641.006,High,High,Avoid peak hours or consider an alternative route.
6264.0,6195.608,High,High,Avoid peak hours or consider an alternative route.
5433.0,5752.0713,High,High,Avoid peak hours or consider an alternative route.
5399.0,5120.571,High,High,Avoid peak hours or consider an alternative route.
4528.0,4693.4473,Medium,Medium,Expect moderate delays and allow extra travel time.
4808.0,4792.347,High,High,Avoid peak hours or consider an alternative route.
4967.0,4904.941,High,High,Avoid peak hours or consider an alternative route.
5017.0,4900.0293,High,High,Avoid peak hours or consider an alternative route.
5380.0,5200.203,High,High,Avoid peak hours or consider an alternative route.
6033.0,5612.542,High,High,Avoid peak hours or consider an alternative route.
6888.0,6379.8765,High,High,Avoid peak hours or consider an alternative route.
6548.0,5900.183,High,High,Avoid peak hours or consider an alternative route.
4953.0,4642.8086,High,High,Avoid peak hours or consider an alternative route.
3602.0,3454.2153,Medium,Medium,Expect moderate delays and allow extra travel time.
3050.0,3087.853,Medium,Medium,Expect moderate delays and allow extra travel time.
2773.0,2839.5505,Medium,Medium,Expect moderate delays and allow extra travel time.
3335.0,2166.4258,Medium,Low,Traffic conditions are favorable.
720.0,727.1026,Low,Low,Traffic conditions are favorable.
442.0,475.9529,Low,Low,Traffic conditions are favorable.
352.0,418.02505,Low,Low,Traffic conditions are favorable.
367.0,432.19135,Low,Low,Traffic conditions are favorable.
895.0,904.67944,Low,Low,Traffic conditions are favorable.
3014.0,2893.811,Medium,Medium,Expect moderate delays and allow extra travel time.
5988.0,6234.0664,High,High,Avoid peak hours or consider an alternative route.
5293.0,5790.53,High,High,Avoid peak hours or consider an alternative route.
5122.0,5135.9385,High,High,Avoid peak hours or consider an alternative route.
4941.0,4696.294,High,High,Avoid peak hours or consider an alternative route.
5110.0,4823.751,High,High,Avoid peak hours or consider an alternative route.
5042.0,4962.738,High,High,Avoid peak hours or consider an alternative route.
4952.0,4962.738,High,High,Avoid peak hours or consider an alternative route.
5286.0,5246.683,High,High,Avoid peak hours or consider an alternative route.
5871.0,5761.4136,High,High,Avoid peak hours or consider an alternative route.
6775.0,6432.285,High,High,Avoid peak hours or consider an alternative route.
6123.0,5947.933,High,High,Avoid peak hours or consider an alternative route.
4717.0,4700.1294,High,High,Avoid peak hours or consider an alternative route.
3697.0,3557.5469,Medium,Medium,Expect moderate delays and allow extra travel time.
3387.0,3136.4692,Medium,Medium,Expect moderate delays and allow extra travel time.
3187.0,2900.1404,Medium,Medium,Expect moderate delays and allow extra travel time.
2443.0,2186.3494,Medium,Low,Traffic conditions are favorable.
2291.0,1433.0757,Medium,Low,Traffic conditions are favorable.
684.0,765.03094,Low,Low,Traffic conditions are favorable.
495.0,498.85342,Low,Low,Traffic conditions are favorable.
294.0,414.77124,Low,Low,Traffic conditions are favorable.
364.0,441.54694,Low,Low,Traffic conditions are favorable.
929.0,917.01526,Low,Low,Traffic conditions are favorable.
2935.0,2948.4104,Medium,Medium,Expect moderate delays and allow extra travel time.
5846.0,5663.8047,High,High,Avoid peak hours or consider an alternative route.
6323.0,6241.2407,High,High,Avoid peak hours or consider an alternative route.
5494.0,5792.3867,High,High,Avoid peak hours or consider an alternative route.
5299.0,5140.056,High,High,Avoid peak hours or consider an alternative route.
4444.0,4748.486,Medium,High,Avoid peak hours or consider an alternative route.
4913.0,4847.4014,High,High,Avoid peak hours or consider an alternative route.
5120.0,5080.7383,High,High,Avoid peak hours or consider an alternative route.
5096.0,5072.4585,High,High,Avoid peak hours or consider an alternative route.
5480.0,5376.127,High,High,Avoid peak hours or consider an alternative route.
6289.0,5823.1655,High,High,Avoid peak hours or consider an alternative route.
6594.0,6400.208,High,High,Avoid peak hours or consider an alternative route.
6171.0,5960.1187,High,High,Avoid peak hours or consider an alternative route.
4989.0,4737.927,High,High,Avoid peak hours or consider an alternative route.
3647.0,3678.6511,Medium,Medium,Expect moderate delays and allow extra travel time.
3238.0,3140.5828,Medium,Medium,Expect moderate delays and allow extra travel time.
2677.0,2641.7512,Medium,Medium,Expect moderate delays and allow extra travel time.
1852.0,1676.6278,Low,Low,Traffic conditions are favorable.
736.0,837.9053,Low,Low,Traffic conditions are favorable.
453.0,522.0927,Low,Low,Traffic conditions are favorable.
365.0,440.80835,Low,Low,Traffic conditions are favorable.
351.0,440.07962,Low,Low,Traffic conditions are favorable.
846.0,877.4854,Low,Low,Traffic conditions are favorable.
2786.0,2715.719,Medium,Medium,Expect moderate delays and allow extra travel time.
5552.0,5438.5234,High,High,Avoid peak hours or consider an alternative route.
6583.0,6140.8315,High,High,Avoid peak hours or consider an alternative route.
5321.0,5655.2627,High,High,Avoid peak hours or consider an alternative route.
4984.0,5071.1494,High,High,Avoid peak hours or consider an alternative route.
5133.0,4881.6875,High,High,Avoid peak hours or consider an alternative route.
5337.0,5093.6167,High,High,Avoid peak hours or consider an alternative route.
5316.0,5087.1147,High,High,Avoid peak hours or consider an alternative route.
5810.0,5406.8,High,High,Avoid peak hours or consider an alternative route.
6400.0,5818.8447,High,High,Avoid peak hours or consider an alternative route.
6496.0,6098.5615,High,High,Avoid peak hours or consider an alternative route.
6197.0,5910.05,High,High,Avoid peak hours or consider an alternative route.
5241.0,4775.1816,High,High,Avoid peak hours or consider an alternative route.
3850.0,3697.7249,Medium,Medium,Expect moderate delays and allow extra travel time.
3441.0,3305.6814,Medium,Medium,Expect moderate delays and allow extra travel time.
3196.0,3168.1655,Medium,Medium,Expect moderate delays and allow extra travel time.
2728.0,2905.1606,Medium,Medium,Expect moderate delays and allow extra travel time.
2728.0,2844.0288,Medium,Medium,Expect moderate delays and allow extra travel time.
1797.0,2220.3955,Low,Medium,Expect moderate delays and allow extra travel time.
1420.0,1438.454,Low,Low,Traffic conditions are favorable.
855.0,798.1426,Low,Low,Traffic conditions are favorable.
639.0,597.4082,Low,Low,Traffic conditions are favorable.
477.0,457.7035,Low,Low,Traffic conditions are favorable.
806.0,856.0845,Low,Low,Traffic conditions are favorable.
1430.0,1589.1716,Low,Low,Traffic conditions are favorable.
2062.0,2183.731,Low,Low,Traffic conditions are favorable.
3277.0,2860.442,Medium,Medium,Expect moderate delays and allow extra travel time.
3569.0,3518.1436,Medium,Medium,Expect moderate delays and allow extra travel time.
3569.0,3528.856,Medium,Medium,Expect moderate delays and allow extra travel time.
3857.0,4068.7454,Medium,Medium,Expect moderate delays and allow extra travel time.
3857.0,4070.7273,Medium,Medium,Expect moderate delays and allow extra travel time.
4112.0,4372.9707,Medium,Medium,Expect moderate delays and allow extra travel time.
4259.0,4714.0527,Medium,High,Avoid peak hours or consider an alternative route.
4542.0,4716.027,Medium,High,Avoid peak hours or consider an alternative route.
4802.0,4715.969,High,High,Avoid peak hours or consider an alternative route.
4598.0,4738.459,High,High,Avoid peak hours or consider an alternative route.
4398.0,4789.731,Medium,High,Avoid peak hours or consider an alternative route.
4133.0,4558.599,Medium,Medium,Expect moderate delays and allow extra travel time.
3640.0,4276.5645,Medium,Medium,Expect moderate delays and allow extra travel time.
2979.0,3677.4119,Medium,Medium,Expect moderate delays and allow extra travel time.
2706.0,3246.1172,Medium,Medium,Expect moderate delays and allow extra travel time.
2705.0,3099.4236,Medium,Medium,Expect moderate delays and allow extra travel time.
2714.0,2885.9055,Medium,Medium,Expect moderate delays and allow extra travel time.
1216.0,1613.1312,Low,Low,Traffic conditions are favorable.
761.0,920.628,Low,Low,Traffic conditions are favorable.
525.0,656.01953,Low,Low,Traffic conditions are favorable.
324.0,553.93164,Low,Low,Traffic conditions are favorable.
273.0,410.39758,Low,Low,Traffic conditions are favorable.
433.0,594.1152,Low,Low,Traffic conditions are favorable.
850.0,1009.8803,Low,Low,Traffic conditions are favorable.
1242.0,1478.0884,Low,Low,Traffic conditions are favorable.
3501.0,3655.6177,Medium,Medium,Expect moderate delays and allow extra travel time.
4300.0,4086.622,Medium,Medium,Expect moderate delays and allow extra travel time.
4661.0,4444.209,High,Medium,Expect moderate delays and allow extra travel time.
3956.0,4440.011,Medium,Medium,Expect moderate delays and allow extra travel time.
3920.0,4416.6885,Medium,Medium,Expect moderate delays and allow extra travel time.
3938.0,4402.1885,Medium,Medium,Expect moderate delays and allow extra travel time.
3768.0,4230.9893,Medium,Medium,Expect moderate delays and allow extra travel time.
3378.0,3950.4636,Medium,Medium,Expect moderate delays and allow extra travel time.
2842.0,3438.863,Medium,Medium,Expect moderate delays and allow extra travel time.
2692.0,2995.8323,Medium,Medium,Expect moderate delays and allow extra travel time.
2194.0,2664.2817,Low,Medium,Expect moderate delays and allow extra travel time.
1696.0,2070.9104,Low,Low,Traffic conditions are favorable.
1107.0,1452.4109,Low,Low,Traffic conditions are favorable.
652.0,593.9768,Low,Low,Traffic conditions are favorable.
350.0,326.16956,Low,Low,Traffic conditions are favorable.
321.0,279.82025,Low,Low,Traffic conditions are favorable.
333.0,254.22533,Low,Low,Traffic conditions are favorable.
860.0,817.8486,Low,Low,Traffic conditions are favorable.
2796.0,2556.9224,Medium,Medium,Expect moderate delays and allow extra travel time.
5721.0,5143.762,High,High,Avoid peak hours or consider an alternative route.
6799.0,5749.119,High,High,Avoid peak hours or consider an alternative route.
6799.0,5766.244,High,High,Avoid peak hours or consider an alternative route.
5726.0,5186.164,High,High,Avoid peak hours or consider an alternative route.
5726.0,5210.32,High,High,Avoid peak hours or consider an alternative route.
4254.0,4253.332,Medium,Medium,Expect moderate delays and allow extra travel time.
4454.0,4440.2886,Medium,Medium,Expect moderate delays and allow extra travel time.
2040.0,4551.5967,Low,High,Avoid peak hours or consider an alternative route.
4224.0,4895.4116,Medium,High,Avoid peak hours or consider an alternative route.
5895.0,5309.359,High,High,Avoid peak hours or consider an alternative route.
6968.0,6058.1733,High,High,Avoid peak hours or consider an alternative route.
6134.0,5681.7783,High,High,Avoid peak hours or consider an alternative route.
4586.0,4177.8857,High,Medium,Expect moderate delays and allow extra travel time.
3249.0,3114.7986,Medium,Medium,Expect moderate delays and allow extra travel time.
2699.0,2542.777,Medium,Medium,Expect moderate delays and allow extra travel time.
2318.0,2249.6934,Medium,Medium,Expect moderate delays and allow extra travel time.
1060.0,1023.3354,Low,Low,Traffic conditions are favorable.
554.0,682.1921,Low,Low,Traffic conditions are favorable.
333.0,457.01425,Low,Low,Traffic conditions are favorable.
249.0,379.85837,Low,Low,Traffic conditions are favorable.
337.0,382.55954,Low,Low,Traffic conditions are favorable.
886.0,865.5837,Low,Low,Traffic conditions are favorable.
3026.0,2886.8687,Medium,Medium,Expect moderate delays and allow extra travel time.
3026.0,2886.4873,Medium,Medium,Expect moderate delays and allow extra travel time.
5875.0,5620.5713,High,High,Avoid peak hours or consider an alternative route.
5875.0,5608.2466,High,High,Avoid peak hours or consider an alternative route.
6019.0,6150.5103,High,High,Avoid peak hours or consider an alternative route.
4450.0,4602.3184,Medium,Medium,Expect moderate delays and allow extra travel time.
4631.0,4801.7764,High,High,Avoid peak hours or consider an alternative route.
4760.0,4818.6904,High,High,Avoid peak hours or consider an alternative route.
4840.0,4832.8643,High,High,Avoid peak hours or consider an alternative route.
5197.0,5136.1807,High,High,Avoid peak hours or consider an alternative route.
5901.0,5622.17,High,High,Avoid peak hours or consider an alternative route.
6907.0,6386.7856,High,High,Avoid peak hours or consider an alternative route.
6371.0,5917.624,High,High,Avoid peak hours or consider an alternative route.
4649.0,4608.1265,High,High,Avoid peak hours or consider an alternative route.
3367.0,3465.3003,Medium,Medium,Expect moderate delays and allow extra travel time.
3028.0,3078.4028,Medium,Medium,Expect moderate delays and allow extra travel time.
3047.0,2831.9702,Medium,Medium,Expect moderate delays and allow extra travel time.
1953.0,2149.6125,Low,Low,Traffic conditions are favorable.
1084.0,1316.8755,Low,Low,Traffic conditions are favorable.
599.0,718.9819,Low,Low,Traffic conditions are favorable.
363.0,491.01645,Low,Low,Traffic conditions are favorable.
303.0,418.7466,Low,Low,Traffic conditions are favorable.
349.0,435.52185,Low,Low,Traffic conditions are favorable.
919.0,907.9662,Low,Low,Traffic conditions are favorable.
2989.0,2940.1592,Medium,Medium,Expect moderate delays and allow extra travel time.
5979.0,5648.13,High,High,Avoid peak hours or consider an alternative route.
6641.0,6184.8,High,High,Avoid peak hours or consider an alternative route.
6641.0,6133.4326,High,High,Avoid peak hours or consider an alternative route.
5557.0,5737.2744,High,High,Avoid peak hours or consider an alternative route.
5217.0,5135.9385,High,High,Avoid peak hours or consider an alternative route.
4728.0,4664.46,High,High,Avoid peak hours or consider an alternative route.
4956.0,4833.3804,High,High,Avoid peak hours or consider an alternative route.
4760.0,4974.555,High,High,Avoid peak hours or consider an alternative route.
4912.0,4956.236,High,High,Avoid peak hours or consider an alternative route.
5221.0,5259.9043,High,High,Avoid peak hours or consider an alternative route.
5959.0,5766.355,High,High,Avoid peak hours or consider an alternative route.
6897.0,6370.299,High,High,Avoid peak hours or consider an alternative route.
6228.0,5905.1655,High,High,Avoid peak hours or consider an alternative route.
4632.0,4664.345,High,High,Avoid peak hours or consider an alternative route.
3359.0,3521.413,Medium,Medium,Expect moderate delays and allow extra travel time.
2993.0,3075.1553,Medium,Medium,Expect moderate delays and allow extra travel time.
2888.0,2825.1738,Medium,Medium,Expect moderate delays and allow extra travel time.
2028.0,2132.1528,Low,Medium,Expect moderate delays and allow extra travel time.
1215.0,1437.0182,Low,Low,Traffic conditions are favorable.
628.0,771.0632,Low,Low,Traffic conditions are favorable.
356.0,486.7625,Low,Low,Traffic conditions are favorable.
261.0,399.89206,Low,Low,Traffic conditions are favorable.
363.0,431.1427,Low,Low,Traffic conditions are favorable.
883.0,906.48126,Low,Low,Traffic conditions are favorable.
3012.0,2935.917,Medium,Medium,Expect moderate delays and allow extra travel time.
5763.0,5647.566,High,High,Avoid peak hours or consider an alternative route.
6298.0,6211.402,High,High,Avoid peak hours or consider an alternative route.
5695.0,5725.833,High,High,Avoid peak hours or consider an alternative route.
5232.0,5125.8643,High,High,Avoid peak hours or consider an alternative route.
4532.0,4743.579,Medium,High,Avoid peak hours or consider an alternative route.
4923.0,4873.85,High,High,Avoid peak hours or consider an alternative route.
4969.0,5032.4805,High,High,Avoid peak hours or consider an alternative route.
5036.0,5061.6562,High,High,Avoid peak hours or consider an alternative route.
5414.0,5371.1855,High,High,Avoid peak hours or consider an alternative route.
6184.0,5823.1655,High,High,Avoid peak hours or consider an alternative route.
6193.0,6433.83,High,High,Avoid peak hours or consider an alternative route.
6107.0,5875.806,High,High,Avoid peak hours or consider an alternative route.
4787.0,4732.061,High,High,Avoid peak hours or consider an alternative route.
3746.0,3601.9565,Medium,Medium,Expect moderate delays and allow extra travel time.
2938.0,3163.9133,Medium,Medium,Expect moderate delays and allow extra travel time.
2938.0,3147.11,Medium,Medium,Expect moderate delays and allow extra travel time.
2938.0,3163.9133,Medium,Medium,Expect moderate delays and allow extra travel time.
2626.0,3010.0212,Medium,Medium,Expect moderate delays and allow extra travel time.
2626.0,3034.163,Medium,Medium,Expect moderate delays and allow extra travel time.
2626.0,3050.9194,Medium,Medium,Expect moderate delays and allow extra travel time.
1938.0,2596.702,Low,Medium,Expect moderate delays and allow extra travel time.
1938.0,2586.9375,Low,Medium,Expect moderate delays and allow extra travel time.
1261.0,1776.2277,Low,Low,Traffic conditions are favorable.
1261.0,1768.1697,Low,Low,Traffic conditions are favorable.
648.0,833.82227,Low,Low,Traffic conditions are favorable.
648.0,824.9772,Low,Low,Traffic conditions are favorable.
430.0,511.29907,Low,Low,Traffic conditions are favorable.
430.0,525.0823,Low,Low,Traffic conditions are favorable.
430.0,529.99384,Low,Low,Traffic conditions are favorable.
300.0,423.8144,Low,Low,Traffic conditions are favorable.
329.0,420.09088,Low,Low,Traffic conditions are favorable.
788.0,844.1694,Low,Low,Traffic conditions are favorable.
788.0,855.4822,Low,Low,Traffic conditions are favorable.
2645.0,2695.102,Medium,Medium,Expect moderate delays and allow extra travel time.
2645.0,2686.3281,Medium,Medium,Expect moderate delays and allow extra travel time.
5111.0,5415.994,High,High,Avoid peak hours or consider an alternative route.
5111.0,5415.994,High,High,Avoid peak hours or consider an alternative route.
6075.0,6086.8276,High,High,Avoid peak hours or consider an alternative route.
5206.0,5621.914,High,High,Avoid peak hours or consider an alternative route.
4859.0,5004.5957,High,High,Avoid peak hours or consider an alternative route.
4534.0,4752.0034,Medium,High,Avoid peak hours or consider an alternative route.
4928.0,4912.605,High,High,Avoid peak hours or consider an alternative route.
5139.0,5093.6167,High,High,Avoid peak hours or consider an alternative route.
5148.0,5140.096,High,High,Avoid peak hours or consider an alternative route.
5403.0,5400.0806,High,High,Avoid peak hours or consider an alternative route.
6083.0,5809.1084,High,High,Avoid peak hours or consider an alternative route.
5753.0,5984.0674,High,High,Avoid peak hours or consider an alternative route.
4904.0,5828.9785,High,High,Avoid peak hours or consider an alternative route.
4904.0,5841.346,High,High,Avoid peak hours or consider an alternative route.
4023.0,4702.231,Medium,High,Avoid peak hours or consider an alternative route.
3334.0,3624.2446,Medium,Medium,Expect moderate delays and allow extra travel time.
3026.0,3293.6357,Medium,Medium,Expect moderate delays and allow extra travel time.
2953.0,3136.97,Medium,Medium,Expect moderate delays and allow extra travel time.
2863.0,2910.0671,Medium,Medium,Expect moderate delays and allow extra travel time.
1828.0,2220.9968,Low,Medium,Expect moderate delays and allow extra travel time.
1300.0,1490.983,Low,Low,Traffic conditions are favorable.
719.0,845.686,Low,Low,Traffic conditions are favorable.
579.0,605.4059,Low,Low,Traffic conditions are favorable.
363.0,563.6686,Low,Low,Traffic conditions are favorable.
376.0,470.65875,Low,Low,Traffic conditions are favorable.
649.0,838.4123,Low,Low,Traffic conditions are favorable.
1263.0,1579.4384,Low,Low,Traffic conditions are favorable.
1690.0,2147.4688,Low,Low,Traffic conditions are favorable.
2392.0,2895.3574,Medium,Medium,Expect moderate delays and allow extra travel time.
3360.0,3521.018,Medium,Medium,Expect moderate delays and allow extra travel time.
3540.0,3997.5398,Medium,Medium,Expect moderate delays and allow extra travel time.
3937.0,4332.8096,Medium,Medium,Expect moderate delays and allow extra travel time.
4176.0,4702.836,Medium,Medium,Expect moderate delays and allow extra travel time.
4130.0,4694.556,Medium,Medium,Expect moderate delays and allow extra travel time.
3887.0,4692.2197,Medium,Medium,Expect moderate delays and allow extra travel time.
3761.0,4648.118,Medium,High,Avoid peak hours or consider an alternative route.
3970.0,4570.0156,Medium,Medium,Expect moderate delays and allow extra travel time.
3858.0,4495.9214,Medium,Medium,Expect moderate delays and allow extra travel time.
3714.0,4255.5186,Medium,Medium,Expect moderate delays and allow extra travel time.
2965.0,3665.8164,Medium,Medium,Expect moderate delays and allow extra travel time.
2855.0,3306.5532,Medium,Medium,Expect moderate delays and allow extra travel time.
2956.0,3181.083,Medium,Medium,Expect moderate delays and allow extra travel time.
3036.0,2888.4631,Medium,Medium,Expect moderate delays and allow extra travel time.
2141.0,2425.3083,Low,Medium,Expect moderate delays and allow extra travel time.
1633.0,1595.1406,Low,Low,Traffic conditions are favorable.
829.0,926.24274,Low,Low,Traffic conditions are favorable.
712.0,645.3741,Low,Low,Traffic conditions are favorable.
486.0,552.9137,Low,Low,Traffic conditions are favorable.
401.0,415.6923,Low,Low,Traffic conditions are favorable.
844.0,603.07947,Low,Low,Traffic conditions are favorable.
1192.0,1015.1157,Low,Low,Traffic conditions are favorable.
1205.0,1499.8934,Low,Low,Traffic conditions are favorable.
1819.0,2191.0427,Low,Low,Traffic conditions are favorable.
2660.0,2959.3455,Medium,Medium,Expect moderate delays and allow extra travel time.
3431.0,3652.1555,Medium,Medium,Expect moderate delays and allow extra travel time.
3782.0,4017.998,Medium,Medium,Expect moderate delays and allow extra travel time.
4190.0,4415.5513,Medium,Medium,Expect moderate delays and allow extra travel time.
4139.0,4401.768,Medium,Medium,Expect moderate delays and allow extra travel time.
3963.0,4364.0693,Medium,Medium,Expect moderate delays and allow extra travel time.
3821.0,4417.448,Medium,Medium,Expect moderate delays and allow extra travel time.
3739.0,4324.072,Medium,Medium,Expect moderate delays and allow extra travel time.
3266.0,4210.22,Medium,Medium,Expect moderate delays and allow extra travel time.
3127.0,3950.262,Medium,Medium,Expect moderate delays and allow extra travel time.
2830.0,3447.5786,Medium,Medium,Expect moderate delays and allow extra travel time.
2825.0,3073.9595,Medium,Medium,Expect moderate delays and allow extra travel time.
2656.0,2741.1765,Medium,Medium,Expect moderate delays and allow extra travel time.
2565.0,2128.2039,Medium,Medium,Expect moderate delays and allow extra travel time.
1660.0,1604.8226,Low,Low,Traffic conditions are favorable.
1088.0,742.66327,Low,Low,Traffic conditions are favorable.
559.0,344.97757,Low,Low,Traffic conditions are favorable.
440.0,256.7451,Low,Low,Traffic conditions are favorable.
332.0,272.3803,Low,Low,Traffic conditions are favorable.
314.0,735.1585,Low,Low,Traffic conditions are favorable.
488.0,2567.9517,Low,Medium,Expect moderate delays and allow extra travel time.
882.0,5136.316,Low,High,Avoid peak hours or consider an alternative route.
989.0,5681.597,Low,High,Avoid peak hours or consider an alternative route.
1294.0,5211.8584,Low,High,Avoid peak hours or consider an alternative route.
1873.0,4553.7217,Low,High,Avoid peak hours or consider an alternative route.
2576.0,4216.329,Medium,Medium,Expect moderate delays and allow extra travel time.
3037.0,4323.9976,Medium,Medium,Expect moderate delays and allow extra travel time.
3375.0,4494.7676,Medium,High,Avoid peak hours or consider an alternative route.
3611.0,4590.2256,Medium,High,Avoid peak hours or consider an alternative route.
4032.0,4856.788,Medium,High,Avoid peak hours or consider an alternative route.
3812.0,5485.5874,Medium,High,Avoid peak hours or consider an alternative route.
3810.0,6013.2183,Medium,High,Avoid peak hours or consider an alternative route.
3822.0,5598.8687,Medium,High,Avoid peak hours or consider an alternative route.
3749.0,4147.812,Medium,Medium,Expect moderate delays and allow extra travel time.
3749.0,4180.4443,Medium,Medium,Expect moderate delays and allow extra travel time.
3145.0,3156.2664,Medium,Medium,Expect moderate delays and allow extra travel time.
3145.0,3156.2664,Medium,Medium,Expect moderate delays and allow extra travel time.
2611.0,2617.5393,Medium,Medium,Expect moderate delays and allow extra travel time.
2611.0,2500.589,Medium,Medium,Expect moderate delays and allow extra travel time.
2338.0,2404.6562,Medium,Medium,Expect moderate delays and allow extra travel time.
2338.0,2404.6562,Medium,Medium,Expect moderate delays and allow extra travel time.
1936.0,1753.8905,Low,Low,Traffic conditions are favorable.
1141.0,1044.2931,Low,Low,Traffic conditions are favorable.
565.0,685.01215,Low,Low,Traffic conditions are favorable.
347.0,464.6081,Low,Low,Traffic conditions are favorable.
239.0,372.29224,Low,Low,Traffic conditions are favorable.
340.0,384.77072,Low,Low,Traffic conditions are favorable.
828.0,864.74396,Low,Low,Traffic conditions are favorable.
2911.0,2889.255,Medium,Medium,Expect moderate delays and allow extra travel time.
5723.0,5614.4995,High,High,Avoid peak hours or consider an alternative route.
6106.0,6115.2812,High,High,Avoid peak hours or consider an alternative route.
5530.0,5708.479,High,High,Avoid peak hours or consider an alternative route.
5117.0,5049.011,High,High,Avoid peak hours or consider an alternative route.
4530.0,4645.324,Medium,Medium,Expect moderate delays and allow extra travel time.
4866.0,4870.1104,High,High,Avoid peak hours or consider an alternative route.
4973.0,4869.722,High,High,Avoid peak hours or consider an alternative route.
5159.0,5166.8887,High,High,Avoid peak hours or consider an alternative route.
6018.0,5587.155,High,High,Avoid peak hours or consider an alternative route.
6820.0,6309.7324,High,High,Avoid peak hours or consider an alternative route.
6820.0,6340.193,High,High,Avoid peak hours or consider an alternative route.
5990.0,5905.2764,High,High,Avoid peak hours or consider an alternative route.
5990.0,5887.1636,High,High,Avoid peak hours or consider an alternative route.
4267.0,4529.7676,Medium,Medium,Expect moderate delays and allow extra travel time.
4267.0,4509.112,Medium,Medium,Expect moderate delays and allow extra travel time.
3036.0,3386.1003,Medium,Medium,Expect moderate delays and allow extra travel time.
3036.0,3322.6057,Medium,Medium,Expect moderate delays and allow extra travel time.
3036.0,3320.6306,Medium,Medium,Expect moderate delays and allow extra travel time.
2466.0,2952.9355,Medium,Medium,Expect moderate delays and allow extra travel time.
2466.0,2962.7,Medium,Medium,Expect moderate delays and allow extra travel time.
2466.0,2966.5044,Medium,Medium,Expect moderate delays and allow extra travel time.
2154.0,2647.0637,Low,Medium,Expect moderate delays and allow extra travel time.
2154.0,2660.8389,Low,Medium,Expect moderate delays and allow extra travel time.
1595.0,1976.3826,Low,Low,Traffic conditions are favorable.
1595.0,1940.6727,Low,Low,Traffic conditions are favorable.
1595.0,2003.4285,Low,Low,Traffic conditions are favorable.
969.0,1232.1208,Low,Low,Traffic conditions are favorable.
969.0,1287.3735,Low,Low,Traffic conditions are favorable.
969.0,1218.5461,Low,Low,Traffic conditions are favorable.
527.0,672.36334,Low,Low,Traffic conditions are favorable.
527.0,693.2683,Low,Low,Traffic conditions are favorable.
527.0,681.9555,Low,Low,Traffic conditions are favorable.
351.0,457.05316,Low,Low,Traffic conditions are favorable.
351.0,465.19717,Low,Low,Traffic conditions are favorable.
306.0,405.4207,Low,Low,Traffic conditions are favorable.
306.0,402.8593,Low,Low,Traffic conditions are favorable.
306.0,414.40665,Low,Low,Traffic conditions are favorable.
329.0,422.35873,Low,Low,Traffic conditions are favorable.
893.0,907.66486,Low,Low,Traffic conditions are favorable.
3023.0,2906.8337,Medium,Medium,Expect moderate delays and allow extra travel time.
6046.0,5619.4785,High,High,Avoid peak hours or consider an alternative route.
6326.0,6142.5503,High,High,Avoid peak hours or consider an alternative route.
5716.0,5708.192,High,High,Avoid peak hours or consider an alternative route.
5283.0,5064.2896,High,High,Avoid peak hours or consider an alternative route.
4554.0,4601.9795,Medium,High,Avoid peak hours or consider an alternative route.
4554.0,4615.7627,Medium,High,Avoid peak hours or consider an alternative route.
4744.0,4754.5825,High,High,Avoid peak hours or consider an alternative route.
4923.0,4890.9653,High,High,Avoid peak hours or consider an alternative route.
4823.0,4919.5806,High,High,Avoid peak hours or consider an alternative route.
4823.0,4902.132,High,High,Avoid peak hours or consider an alternative route.
5343.0,5174.521,High,High,Avoid peak hours or consider an alternative route.
5343.0,5198.8613,High,High,Avoid peak hours or consider an alternative route.
6062.0,5695.345,High,High,Avoid peak hours or consider an alternative route.
6062.0,5639.885,High,High,Avoid peak hours or consider an alternative route.
6062.0,5691.3525,High,High,Avoid peak hours or consider an alternative route.
7042.0,6393.126,High,High,Avoid peak hours or consider an alternative route.
7042.0,6340.535,High,High,Avoid peak hours or consider an alternative route.
6429.0,5890.736,High,High,Avoid peak hours or consider an alternative route.
4621.0,4586.402,High,High,Avoid peak hours or consider an alternative route.
4621.0,4532.012,High,High,Avoid peak hours or consider an alternative route.
3555.0,3521.413,Medium,Medium,Expect moderate delays and allow extra travel time.
2788.0,3089.9011,Medium,Medium,Expect moderate delays and allow extra travel time.
2612.0,2772.8032,Medium,Medium,Expect moderate delays and allow extra travel time.
1932.0,2186.3494,Low,Low,Traffic conditions are favorable.
1233.0,1382.4386,Low,Low,Traffic conditions are favorable.
695.0,771.69745,Low,Low,Traffic conditions are favorable.
382.0,498.26132,Low,Low,Traffic conditions are favorable.
382.0,366.09128,Low,Low,Traffic conditions are favorable.
382.0,508.8353,Low,Low,Traffic conditions are favorable.
307.0,421.94394,Low,Low,Traffic conditions are favorable.
307.0,417.94244,Low,Low,Traffic conditions are favorable.
307.0,418.53455,Low,Low,Traffic conditions are favorable.
343.0,435.9876,Low,Low,Traffic conditions are favorable.
343.0,432.41013,Low,Low,Traffic conditions are favorable.
343.0,433.00223,Low,Low,Traffic conditions are favorable.
922.0,893.5151,Low,Low,Traffic conditions are favorable.
922.0,898.9708,Low,Low,Traffic conditions are favorable.
922.0,893.347,Low,Low,Traffic conditions are favorable.
3013.0,2927.7144,Medium,Medium,Expect moderate delays and allow extra travel time.
3013.0,2805.4453,Medium,Medium,Expect moderate delays and allow extra travel time.
3013.0,2927.8403,Medium,Medium,Expect moderate delays and allow extra travel time.
6007.0,5649.302,High,High,Avoid peak hours or consider an alternative route.
6007.0,5642.9443,High,High,Avoid peak hours or consider an alternative route.
6007.0,5639.489,High,High,Avoid peak hours or consider an alternative route.
6420.0,6180.492,High,High,Avoid peak hours or consider an alternative route.
6420.0,6163.435,High,High,Avoid peak hours or consider an alternative route.
5912.0,5706.207,High,High,Avoid peak hours or consider an alternative route.
5912.0,5722.3286,High,High,Avoid peak hours or consider an alternative route.
5912.0,5713.544,High,High,Avoid peak hours or consider an alternative route.
5313.0,5140.7344,High,High,Avoid peak hours or consider an alternative route.
5313.0,5141.7197,High,High,Avoid peak hours or consider an alternative route.
4734.0,4751.425,High,High,Avoid peak hours or consider an alternative route.
5008.0,4878.319,High,High,Avoid peak hours or consider an alternative route.
5031.0,5078.9604,High,High,Avoid peak hours or consider an alternative route.
5199.0,5078.9604,High,High,Avoid peak hours or consider an alternative route.
5407.0,5329.647,High,High,Avoid peak hours or consider an alternative route.
5950.0,5800.4824,High,High,Avoid peak hours or consider an alternative route.
6860.0,6434.026,High,High,Avoid peak hours or consider an alternative route.
6358.0,5932.9985,High,High,Avoid peak hours or consider an alternative route.
5042.0,4761.682,High,High,Avoid peak hours or consider an alternative route.
3671.0,3677.5452,Medium,Medium,Expect moderate delays and allow extra travel time.
3037.0,3272.3452,Medium,Medium,Expect moderate delays and allow extra travel time.
3102.0,3120.0144,Medium,Medium,Expect moderate delays and allow extra travel time.
2222.0,2687.0105,Medium,Medium,Expect moderate delays and allow extra travel time.
1446.0,1676.6278,Low,Low,Traffic conditions are favorable.
786.0,838.5067,Low,Low,Traffic conditions are favorable.
497.0,517.3105,Low,Low,Traffic conditions are favorable.
346.0,425.13544,Low,Low,Traffic conditions are favorable.
395.0,432.3079,Low,Low,Traffic conditions are favorable.
872.0,861.59296,Low,Low,Traffic conditions are favorable.
2965.0,2733.3057,Medium,Medium,Expect moderate delays and allow extra travel time.
5345.0,5400.3945,High,High,Avoid peak hours or consider an alternative route.
6658.0,6057.132,High,High,Avoid peak hours or consider an alternative route.
5639.0,5613.5425,High,High,Avoid peak hours or consider an alternative route.
5132.0,5003.543,High,High,Avoid peak hours or consider an alternative route.
4739.0,4796.753,High,High,Avoid peak hours or consider an alternative route.
5043.0,4918.1445,High,High,Avoid peak hours or consider an alternative route.
5387.0,5137.231,High,High,Avoid peak hours or consider an alternative route.
5381.0,5081.4385,High,High,Avoid peak hours or consider an alternative route.
5742.0,5365.232,High,High,Avoid peak hours or consider an alternative route.
6352.0,5819.492,High,High,Avoid peak hours or consider an alternative route.
6860.0,6099.2866,High,High,Avoid peak hours or consider an alternative route.
5983.0,5874.65,High,High,Avoid peak hours or consider an alternative route.
4926.0,4751.4263,High,High,Avoid peak hours or consider an alternative route.
3804.0,3689.9531,Medium,Medium,Expect moderate delays and allow extra travel time.
3446.0,3310.1216,Medium,Medium,Expect moderate delays and allow extra travel time.
3519.0,3174.0242,Medium,Medium,Expect moderate delays and allow extra travel time.
2865.0,2902.8967,Medium,Medium,Expect moderate delays and allow extra travel time.
2218.0,2227.0427,Medium,Low,Traffic conditions are favorable.
1601.0,1462.2084,Low,Low,Traffic conditions are favorable.
830.0,845.9462,Low,Low,Traffic conditions are favorable.
446.0,572.1494,Low,Low,Traffic conditions are favorable.
424.0,466.01196,Low,Low,Traffic conditions are favorable.
1385.0,1598.1604,Low,Low,Traffic conditions are favorable.
1928.0,2151.4373,Low,Low,Traffic conditions are favorable.
2730.0,2871.1543,Medium,Medium,Expect moderate delays and allow extra travel time.
3707.0,3501.391,Medium,Medium,Expect moderate delays and allow extra travel time.
3707.0,3525.9177,Medium,Medium,Expect moderate delays and allow extra travel time.
3864.0,3985.4102,Medium,Medium,Expect moderate delays and allow extra travel time.
4260.0,4274.537,Medium,Medium,Expect moderate delays and allow extra travel time.
4260.0,4343.28,Medium,Medium,Expect moderate delays and allow extra travel time.
4671.0,4642.3486,High,High,Avoid peak hours or consider an alternative route.
4671.0,4686.007,High,High,Avoid peak hours or consider an alternative route.
4671.0,4628.306,High,High,Avoid peak hours or consider an alternative route.
4741.0,4616.4717,High,High,Avoid peak hours or consider an alternative route.
4741.0,4682.64,High,High,Avoid peak hours or consider an alternative route.
4741.0,4685.2144,High,High,Avoid peak hours or consider an alternative route.
4896.0,4646.959,High,High,Avoid peak hours or consider an alternative route.
4896.0,4688.368,High,High,Avoid peak hours or consider an alternative route.
4896.0,4691.3755,High,High,Avoid peak hours or consider an alternative route.
4509.0,4625.663,Medium,High,Avoid peak hours or consider an alternative route.
4509.0,4705.6523,Medium,High,Avoid peak hours or consider an alternative route.
4560.0,4637.274,Medium,High,Avoid peak hours or consider an alternative route.
4560.0,4702.0664,Medium,High,Avoid peak hours or consider an alternative route.
4221.0,4461.5664,Medium,Medium,Expect moderate delays and allow extra travel time.
4221.0,4420.195,Medium,Medium,Expect moderate delays and allow extra travel time.
4013.0,4273.6953,Medium,Medium,Expect moderate delays and allow extra travel time.
3480.0,3614.8284,Medium,Medium,Expect moderate delays and allow extra travel time.
3074.0,3263.2979,Medium,Medium,Expect moderate delays and allow extra travel time.
2905.0,3077.47,Medium,Medium,Expect moderate delays and allow extra travel time.
2808.0,2791.786,Medium,Medium,Expect moderate delays and allow extra travel time.
2808.0,2916.595,Medium,Medium,Expect moderate delays and allow extra travel time.
2103.0,2393.0063,Low,Medium,Expect moderate delays and allow extra travel time.
1516.0,1590.4641,Low,Low,Traffic conditions are favorable.
905.0,937.71313,Low,Low,Traffic conditions are favorable.
647.0,652.8165,Low,Low,Traffic conditions are favorable.
477.0,547.1142,Low,Low,Traffic conditions are favorable.
419.0,386.85312,Low,Low,Traffic conditions are favorable.
643.0,576.7488,Low,Low,Traffic conditions are favorable.
1103.0,1024.7783,Low,Low,Traffic conditions are favorable.
1519.0,1457.1384,Low,Low,Traffic conditions are favorable.
2380.0,2177.5403,Medium,Low,Traffic conditions are favorable.
3350.0,2969.7822,Medium,Medium,Expect moderate delays and allow extra travel time.
3820.0,3622.6272,Medium,Medium,Expect moderate delays and allow extra travel time.
4453.0,4022.7275,Medium,Medium,Expect moderate delays and allow extra travel time.
4858.0,4407.766,High,Medium,Expect moderate delays and allow extra travel time.
4563.0,4407.766,Medium,Medium,Expect moderate delays and allow extra travel time.
4458.0,4411.028,Medium,Medium,Expect moderate delays and allow extra travel time.
4554.0,4389.0747,Medium,Medium,Expect moderate delays and allow extra travel time.
4547.0,4384.994,Medium,Medium,Expect moderate delays and allow extra travel time.
4262.0,4240.3486,Medium,Medium,Expect moderate delays and allow extra travel time.
3972.0,3972.565,Medium,Medium,Expect moderate delays and allow extra travel time.
3527.0,3464.9988,Medium,Medium,Expect moderate delays and allow extra travel time.
3043.0,3061.0068,Medium,Medium,Expect moderate delays and allow extra travel time.
2490.0,2718.9705,Medium,Medium,Expect moderate delays and allow extra travel time.
2051.0,2143.1094,Low,Low,Traffic conditions are favorable.
1166.0,1488.683,Low,Low,Traffic conditions are favorable.
667.0,679.7527,Low,Low,Traffic conditions are favorable.
377.0,423.50015,Low,Low,Traffic conditions are favorable.
285.0,351.58252,Low,Low,Traffic conditions are favorable.
375.0,379.03348,Low,Low,Traffic conditions are favorable.
928.0,837.41656,Low,Low,Traffic conditions are favorable.
3021.0,2682.4302,Medium,Medium,Expect moderate delays and allow extra travel time.
5765.0,5504.53,High,High,Avoid peak hours or consider an alternative route.
6081.0,5965.8057,High,High,Avoid peak hours or consider an alternative route.
5546.0,5467.4224,High,High,Avoid peak hours or consider an alternative route.
5108.0,4749.095,High,High,Avoid peak hours or consider an alternative route.
4334.0,4308.7744,Medium,Medium,Expect moderate delays and allow extra travel time.
4489.0,4447.119,Medium,High,Avoid peak hours or consider an alternative route.
4741.0,4664.644,High,High,Avoid peak hours or consider an alternative route.
5170.0,5003.7544,High,High,Avoid peak hours or consider an alternative route.
5797.0,5478.4062,High,High,Avoid peak hours or consider an alternative route.
7024.0,6130.6816,High,High,Avoid peak hours or consider an alternative route.
6234.0,5743.1787,High,High,Avoid peak hours or consider an alternative route.
4374.0,4296.3413,Medium,Medium,Expect moderate delays and allow extra travel time.
3279.0,3229.3018,Medium,Medium,Expect moderate delays and allow extra travel time.
2941.0,2734.733,Medium,Medium,Expect moderate delays and allow extra travel time.
2776.0,2366.8625,Medium,Medium,Expect moderate delays and allow extra travel time.
1115.0,1241.427,Low,Low,Traffic conditions are favorable.
635.0,675.75275,Low,Low,Traffic conditions are favorable.
399.0,452.32898,Low,Low,Traffic conditions are favorable.
297.0,360.9136,Low,Low,Traffic conditions are favorable.
355.0,389.50412,Low,Low,Traffic conditions are favorable.
952.0,862.2557,Low,Low,Traffic conditions are favorable.
5970.0,5635.704,High,High,Avoid peak hours or consider an alternative route.
5972.0,6194.6235,High,High,Avoid peak hours or consider an alternative route.
5645.0,5744.2993,High,High,Avoid peak hours or consider an alternative route.
5046.0,5094.2593,High,High,Avoid peak hours or consider an alternative route.
4592.0,4613.841,High,Medium,Expect moderate delays and allow extra travel time.
4778.0,4752.5225,High,High,Avoid peak hours or consider an alternative route.
5256.0,4892.2847,High,High,Avoid peak hours or consider an alternative route.
5340.0,5167.4263,High,High,Avoid peak hours or consider an alternative route.
6102.0,5675.655,High,High,Avoid peak hours or consider an alternative route.
7037.0,6396.4546,High,High,Avoid peak hours or consider an alternative route.
6431.0,5909.852,High,High,Avoid peak hours or consider an alternative route.
4582.0,4644.3433,High,High,Avoid peak hours or consider an alternative route.
3510.0,3457.5286,Medium,Medium,Expect moderate delays and allow extra travel time.
3012.0,3103.0288,Medium,Medium,Expect moderate delays and allow extra travel time.
2754.0,2790.0303,Medium,Medium,Expect moderate delays and allow extra travel time.
2212.0,2136.662,Medium,Low,Traffic conditions are favorable.
1227.0,1327.1594,Low,Low,Traffic conditions are favorable.
663.0,705.7437,Low,Low,Traffic conditions are favorable.
415.0,475.11334,Low,Low,Traffic conditions are favorable.
318.0,400.11932,Low,Low,Traffic conditions are favorable.
362.0,416.36365,Low,Low,Traffic conditions are favorable.
934.0,875.7185,Low,Low,Traffic conditions are favorable.
2980.0,2941.3909,Medium,Medium,Expect moderate delays and allow extra travel time.
5195.0,5590.7446,High,High,Avoid peak hours or consider an alternative route.
5195.0,5573.9917,High,High,Avoid peak hours or consider an alternative route.
6083.0,6077.059,High,High,Avoid peak hours or consider an alternative route.
6083.0,6158.958,High,High,Avoid peak hours or consider an alternative route.
6083.0,6133.4326,High,High,Avoid peak hours or consider an alternative route.
5301.0,5741.5317,High,High,Avoid peak hours or consider an alternative route.
5301.0,5778.36,High,High,Avoid peak hours or consider an alternative route.
5324.0,5093.613,High,High,Avoid peak hours or consider an alternative route.
4621.0,4619.763,High,High,Avoid peak hours or consider an alternative route.
4915.0,4765.317,High,High,Avoid peak hours or consider an alternative route.
5098.0,4920.5483,High,High,Avoid peak hours or consider an alternative route.
4799.0,4928.561,High,High,Avoid peak hours or consider an alternative route.
5226.0,5220.821,High,High,Avoid peak hours or consider an alternative route.
6264.0,5730.2373,High,High,Avoid peak hours or consider an alternative route.
6925.0,6403.2036,High,High,Avoid peak hours or consider an alternative route.
6637.0,5903.3877,High,High,Avoid peak hours or consider an alternative route.
5055.0,4696.826,High,High,Avoid peak hours or consider an alternative route.
3648.0,3559.0042,Medium,Medium,Expect moderate delays and allow extra travel time.
3157.0,3132.5652,Medium,Medium,Expect moderate delays and allow extra travel time.
2723.0,2869.4211,Medium,Medium,Expect moderate delays and allow extra travel time.
2224.0,2187.427,Medium,Medium,Expect moderate delays and allow extra travel time.
1303.0,1439.8507,Low,Low,Traffic conditions are favorable.
685.0,756.8352,Low,Low,Traffic conditions are favorable.
439.0,485.75677,Low,Low,Traffic conditions are favorable.
328.0,418.8835,Low,Low,Traffic conditions are favorable.
380.0,430.56863,Low,Low,Traffic conditions are favorable.
977.0,908.3885,Low,Low,Traffic conditions are favorable.
3018.0,2974.118,Medium,Medium,Expect moderate delays and allow extra travel time.
5885.0,5652.62,High,High,Avoid peak hours or consider an alternative route.
6097.0,6189.4966,High,High,Avoid peak hours or consider an alternative route.
5871.0,5760.817,High,High,Avoid peak hours or consider an alternative route.
5136.0,5124.7207,High,High,Avoid peak hours or consider an alternative route.
4691.0,4721.521,High,High,Avoid peak hours or consider an alternative route.
5168.0,4847.4014,High,High,Avoid peak hours or consider an alternative route.
5220.0,5039.165,High,High,Avoid peak hours or consider an alternative route.
5094.0,5032.4805,High,High,Avoid peak hours or consider an alternative route.
5399.0,5331.425,High,High,Avoid peak hours or consider an alternative route.
6202.0,5839.5537,High,High,Avoid peak hours or consider an alternative route.
6858.0,6441.057,High,High,Avoid peak hours or consider an alternative route.
4858.0,4729.77,High,High,Avoid peak hours or consider an alternative route.
4858.0,4758.379,High,High,Avoid peak hours or consider an alternative route.
3715.0,3677.1262,Medium,Medium,Expect moderate delays and allow extra travel time.
3222.0,3132.7178,Medium,Medium,Expect moderate delays and allow extra travel time.
2912.0,3063.92,Medium,Medium,Expect moderate delays and allow extra travel time.
2215.0,2634.3625,Medium,Medium,Expect moderate delays and allow extra travel time.
1398.0,1651.4866,Low,Low,Traffic conditions are favorable.
800.0,816.3504,Low,Low,Traffic conditions are favorable.
480.0,515.17596,Low,Low,Traffic conditions are favorable.
480.0,504.3824,Low,Low,Traffic conditions are favorable.
354.0,414.34195,Low,Low,Traffic conditions are favorable.
364.0,416.472,Low,Low,Traffic conditions are favorable.
884.0,851.6544,Low,Low,Traffic conditions are favorable.
2793.0,2713.2617,Medium,Medium,Expect moderate delays and allow extra travel time.
5554.0,5403.3877,High,High,Avoid peak hours or consider an alternative route.
5554.0,5433.399,High,High,Avoid peak hours or consider an alternative route.
6584.0,6032.344,High,High,Avoid peak hours or consider an alternative route.
6584.0,6032.344,High,High,Avoid peak hours or consider an alternative route.
6584.0,6062.498,High,High,Avoid peak hours or consider an alternative route.
5442.0,5608.8516,High,High,Avoid peak hours or consider an alternative route.
5011.0,4974.599,High,High,Avoid peak hours or consider an alternative route.
5011.0,4988.3823,High,High,Avoid peak hours or consider an alternative route.
4681.0,4735.6475,High,High,Avoid peak hours or consider an alternative route.
4996.0,4876.451,High,High,Avoid peak hours or consider an alternative route.
5415.0,5058.8623,High,High,Avoid peak hours or consider an alternative route.
5936.0,5376.6636,High,High,Avoid peak hours or consider an alternative route.
6290.0,5798.5566,High,High,Avoid peak hours or consider an alternative route.
6727.0,6035.0396,High,High,Avoid peak hours or consider an alternative route.
5865.0,5820.6323,High,High,Avoid peak hours or consider an alternative route.
4959.0,4743.225,High,High,Avoid peak hours or consider an alternative route.
3792.0,3652.872,Medium,Medium,Expect moderate delays and allow extra travel time.
3251.0,3240.5908,Medium,Medium,Expect moderate delays and allow extra travel time.
3050.0,3164.5493,Medium,Medium,Expect moderate delays and allow extra travel time.
3360.0,2902.8967,Medium,Medium,Expect moderate delays and allow extra travel time.
2903.0,2213.499,Medium,Low,Traffic conditions are favorable.
1511.0,1480.2216,Low,Low,Traffic conditions are favorable.
1110.0,840.9038,Low,Low,Traffic conditions are favorable.
866.0,602.09406,Low,Low,Traffic conditions are favorable.
614.0,569.4288,Low,Low,Traffic conditions are favorable.
517.0,469.49936,Low,Low,Traffic conditions are favorable.
795.0,835.683,Low,Low,Traffic conditions are favorable.
1398.0,1556.8395,Low,Low,Traffic conditions are favorable.
2172.0,2069.3762,Low,Low,Traffic conditions are favorable.
2686.0,2827.1797,Medium,Medium,Expect moderate delays and allow extra travel time.
3367.0,3484.8813,Medium,Medium,Expect moderate delays and allow extra travel time.
3684.0,3975.7463,Medium,Medium,Expect moderate delays and allow extra travel time.
3684.0,3790.4895,Medium,Medium,Expect moderate delays and allow extra travel time.
3684.0,3962.9492,Medium,Medium,Expect moderate delays and allow extra travel time.
4085.0,4327.8965,Medium,Medium,Expect moderate delays and allow extra travel time.
4085.0,4250.93,Medium,Medium,Expect moderate delays and allow extra travel time.
4085.0,4347.86,Medium,Medium,Expect moderate delays and allow extra travel time.
4085.0,4322.985,Medium,Medium,Expect moderate delays and allow extra travel time.
4257.0,4656.4077,Medium,High,Avoid peak hours or consider an alternative route.
4257.0,4626.1206,Medium,High,Avoid peak hours or consider an alternative route.
4257.0,4681.966,Medium,High,Avoid peak hours or consider an alternative route.
4257.0,4681.966,Medium,High,Avoid peak hours or consider an alternative route.
4186.0,4647.9033,Medium,High,Avoid peak hours or consider an alternative route.
4186.0,4660.701,Medium,High,Avoid peak hours or consider an alternative route.
4186.0,4647.9033,Medium,High,Avoid peak hours or consider an alternative route.
4196.0,4651.057,Medium,High,Avoid peak hours or consider an alternative route.
4196.0,4669.752,Medium,High,Avoid peak hours or consider an alternative route.
4196.0,4614.8257,Medium,High,Avoid peak hours or consider an alternative route.
3957.0,4604.247,Medium,High,Avoid peak hours or consider an alternative route.
3957.0,4623.994,Medium,High,Avoid peak hours or consider an alternative route.
3957.0,4565.7227,Medium,High,Avoid peak hours or consider an alternative route.
3940.0,4630.832,Medium,High,Avoid peak hours or consider an alternative route.
3940.0,4586.4883,Medium,High,Avoid peak hours or consider an alternative route.
3940.0,4630.832,Medium,High,Avoid peak hours or consider an alternative route.
3589.0,4496.5513,Medium,Medium,Expect moderate delays and allow extra travel time.
3589.0,4518.753,Medium,Medium,Expect moderate delays and allow extra travel time.
3571.0,4202.6074,Medium,Medium,Expect moderate delays and allow extra travel time.
3571.0,4189.5986,Medium,Medium,Expect moderate delays and allow extra travel time.
3571.0,4198.573,Medium,Medium,Expect moderate delays and allow extra travel time.
3128.0,3602.5044,Medium,Medium,Expect moderate delays and allow extra travel time.
2782.0,3224.1182,Medium,Medium,Expect moderate delays and allow extra travel time.
2835.0,3156.6926,Medium,Medium,Expect moderate delays and allow extra travel time.
2863.0,2878.5356,Medium,Medium,Expect moderate delays and allow extra travel time.
1928.0,2405.3296,Low,Medium,Expect moderate delays and allow extra travel time.
1226.0,1586.1174,Low,Low,Traffic conditions are favorable.
777.0,914.81067,Low,Low,Traffic conditions are favorable.
570.0,639.69275,Low,Low,Traffic conditions are favorable.
350.0,531.76025,Low,Low,Traffic conditions are favorable.
293.0,377.93842,Low,Low,Traffic conditions are favorable.
427.0,580.26324,Low,Low,Traffic conditions are favorable.
808.0,1004.6865,Low,Low,Traffic conditions are favorable.
1012.0,1464.8346,Low,Low,Traffic conditions are favorable.
1617.0,2154.225,Low,Low,Traffic conditions are favorable.
2417.0,2947.433,Medium,Medium,Expect moderate delays and allow extra travel time.
3075.0,3607.7258,Medium,Medium,Expect moderate delays and allow extra travel time.
3656.0,4007.6707,Medium,Medium,Expect moderate delays and allow extra travel time.
3993.0,4384.2383,Medium,Medium,Expect moderate delays and allow extra travel time.
3888.0,4385.2603,Medium,Medium,Expect moderate delays and allow extra travel time.
4125.0,4387.392,Medium,Medium,Expect moderate delays and allow extra travel time.
4062.0,4378.76,Medium,Medium,Expect moderate delays and allow extra travel time.
3901.0,4316.1855,Medium,Medium,Expect moderate delays and allow extra travel time.
3584.0,4195.5522,Medium,Medium,Expect moderate delays and allow extra travel time.
3477.0,3969.363,Medium,Medium,Expect moderate delays and allow extra travel time.
3010.0,3430.6045,Medium,Medium,Expect moderate delays and allow extra travel time.
2979.0,3008.8462,Medium,Medium,Expect moderate delays and allow extra travel time.
2353.0,2686.6904,Medium,Medium,Expect moderate delays and allow extra travel time.
1834.0,2121.7544,Low,Low,Traffic conditions are favorable.
642.0,635.3194,Low,Low,Traffic conditions are favorable.
396.0,392.441,Low,Low,Traffic conditions are favorable.
291.0,350.45087,Low,Low,Traffic conditions are favorable.
310.0,357.3509,Low,Low,Traffic conditions are favorable.
873.0,822.6756,Low,Low,Traffic conditions are favorable.
2947.0,2681.1008,Medium,Medium,Expect moderate delays and allow extra travel time.
5476.0,5301.79,High,High,Avoid peak hours or consider an alternative route.
6336.0,5714.078,High,High,Avoid peak hours or consider an alternative route.
5676.0,5261.3877,High,High,Avoid peak hours or consider an alternative route.
4588.0,4700.33,High,High,Avoid peak hours or consider an alternative route.
4270.0,4247.822,Medium,Medium,Expect moderate delays and allow extra travel time.
4435.0,4470.8496,Medium,Medium,Expect moderate delays and allow extra travel time.
4763.0,4575.5244,High,High,Avoid peak hours or consider an alternative route.
4763.0,4588.544,High,High,Avoid peak hours or consider an alternative route.
4658.0,4607.249,High,High,Avoid peak hours or consider an alternative route.
5691.0,5380.413,High,High,Avoid peak hours or consider an alternative route.
6556.0,6056.691,High,High,Avoid peak hours or consider an alternative route.
5922.0,5683.3447,High,High,Avoid peak hours or consider an alternative route.
4512.0,4109.832,Medium,Medium,Expect moderate delays and allow extra travel time.
4512.0,4141.8745,Medium,Medium,Expect moderate delays and allow extra travel time.
3078.0,3068.5952,Medium,Medium,Expect moderate delays and allow extra travel time.
2611.0,2603.916,Medium,Medium,Expect moderate delays and allow extra travel time.
2240.0,2259.5698,Medium,Medium,Expect moderate delays and allow extra travel time.
1861.0,1858.1993,Low,Low,Traffic conditions are favorable.
1109.0,1100.7031,Low,Low,Traffic conditions are favorable.
621.0,678.3314,Low,Low,Traffic conditions are favorable.
396.0,443.86182,Low,Low,Traffic conditions are favorable.
314.0,367.22446,Low,Low,Traffic conditions are favorable.
362.0,383.12683,Low,Low,Traffic conditions are favorable.
912.0,863.10004,Low,Low,Traffic conditions are favorable.
3013.0,2913.9226,Medium,Medium,Expect moderate delays and allow extra travel time.
5905.0,5568.458,High,High,Avoid peak hours or consider an alternative route.
6283.0,6143.493,High,High,Avoid peak hours or consider an alternative route.
5656.0,5699.9565,High,High,Avoid peak hours or consider an alternative route.
4948.0,5034.2754,High,High,Avoid peak hours or consider an alternative route.
4574.0,4559.7734,High,Medium,Expect moderate delays and allow extra travel time.
4531.0,4706.316,Medium,High,Avoid peak hours or consider an alternative route.
4911.0,4838.58,High,High,Avoid peak hours or consider an alternative route.
4777.0,4849.7466,High,High,Avoid peak hours or consider an alternative route.
5185.0,5129.615,High,High,Avoid peak hours or consider an alternative route.
6092.0,5673.877,High,High,Avoid peak hours or consider an alternative route.
6777.0,6398.2324,High,High,Avoid peak hours or consider an alternative route.
6366.0,5861.9907,High,High,Avoid peak hours or consider an alternative route.
4701.0,4606.3486,High,High,Avoid peak hours or consider an alternative route.
3235.0,3318.7537,Medium,Medium,Expect moderate delays and allow extra travel time.
2975.0,3001.6545,Medium,Medium,Expect moderate delays and allow extra travel time.
2990.0,2751.3115,Medium,Medium,Expect moderate delays and allow extra travel time.
2332.0,2088.6826,Medium,Low,Traffic conditions are favorable.
1250.0,1318.2617,Low,Low,Traffic conditions are favorable.
684.0,711.19946,Low,Low,Traffic conditions are favorable.
439.0,480.15576,Low,Low,Traffic conditions are favorable.
328.0,407.8267,Low,Low,Traffic conditions are favorable.
387.0,422.71838,Low,Low,Traffic conditions are favorable.
922.0,897.20905,Low,Low,Traffic conditions are favorable.
3022.0,2965.8242,Medium,Medium,Expect moderate delays and allow extra travel time.
5767.0,5659.833,High,High,Avoid peak hours or consider an alternative route.
6127.0,6231.1,High,High,Avoid peak hours or consider an alternative route.
5664.0,5778.8335,High,High,Avoid peak hours or consider an alternative route.
5157.0,5124.242,High,High,Avoid peak hours or consider an alternative route.
4579.0,4696.8145,High,High,Avoid peak hours or consider an alternative route.
4687.0,4811.0674,High,High,Avoid peak hours or consider an alternative route.
5110.0,4954.966,High,High,Avoid peak hours or consider an alternative route.
4998.0,4948.464,High,High,Avoid peak hours or consider an alternative route.
5227.0,5245.6304,High,High,Avoid peak hours or consider an alternative route.
6188.0,5696.0947,High,High,Avoid peak hours or consider an alternative route.
6781.0,6431.2324,High,High,Avoid peak hours or consider an alternative route.
5644.0,5946.4077,High,High,Avoid peak hours or consider an alternative route.
4617.0,4698.604,High,High,Avoid peak hours or consider an alternative route.
3560.0,3560.11,Medium,Medium,Expect moderate delays and allow extra travel time.
3277.0,3137.6685,Medium,Medium,Expect moderate delays and allow extra travel time.
2777.0,2798.8848,Medium,Medium,Expect moderate delays and allow extra travel time.
2123.0,2186.8257,Low,Medium,Expect moderate delays and allow extra travel time.
1283.0,1471.7538,Low,Low,Traffic conditions are favorable.
724.0,767.3334,Low,Low,Traffic conditions are favorable.
424.0,478.28455,Low,Low,Traffic conditions are favorable.
308.0,427.58722,Low,Low,Traffic conditions are favorable.
368.0,431.41052,Low,Low,Traffic conditions are favorable.
928.0,895.9577,Low,Low,Traffic conditions are favorable.
3013.0,2952.214,Medium,Medium,Expect moderate delays and allow extra travel time.
6438.0,6230.0938,High,High,Avoid peak hours or consider an alternative route.
5778.0,5729.7573,High,High,Avoid peak hours or consider an alternative route.
4983.0,5103.612,High,High,Avoid peak hours or consider an alternative route.
4510.0,4707.6426,Medium,High,Avoid peak hours or consider an alternative route.
4810.0,4827.588,High,High,Avoid peak hours or consider an alternative route.
5062.0,5032.4805,High,High,Avoid peak hours or consider an alternative route.
5018.0,5071.1885,High,High,Avoid peak hours or consider an alternative route.
6192.0,5822.113,High,High,Avoid peak hours or consider an alternative route.
6890.0,6365.6616,High,High,Avoid peak hours or consider an alternative route.
6049.0,5934.7764,High,High,Avoid peak hours or consider an alternative route.
4819.0,4758.379,High,High,Avoid peak hours or consider an alternative route.
3709.0,3634.0999,Medium,Medium,Expect moderate delays and allow extra travel time.
3274.0,3220.9558,Medium,Medium,Expect moderate delays and allow extra travel time.
2922.0,3061.473,Medium,Medium,Expect moderate delays and allow extra travel time.
2284.0,2635.549,Medium,Medium,Expect moderate delays and allow extra travel time.
1388.0,1620.838,Low,Low,Traffic conditions are favorable.
830.0,824.8608,Low,Low,Traffic conditions are favorable.
500.0,525.6837,Low,Low,Traffic conditions are favorable.
358.0,425.13544,Low,Low,Traffic conditions are favorable.
384.0,425.69556,Low,Low,Traffic conditions are favorable.
866.0,856.55054,Low,Low,Traffic conditions are favorable.
2843.0,2730.7761,Medium,Medium,Expect moderate delays and allow extra travel time.
5432.0,5422.0054,High,High,Avoid peak hours or consider an alternative route.
6361.0,6109.5254,High,High,Avoid peak hours or consider an alternative route.
5671.0,5634.5913,High,High,Avoid peak hours or consider an alternative route.
4977.0,5026.1006,High,High,Avoid peak hours or consider an alternative route.
4801.0,4755.389,High,High,Avoid peak hours or consider an alternative route.
5025.0,4868.376,High,High,Avoid peak hours or consider an alternative route.
5396.0,5127.383,High,High,Avoid peak hours or consider an alternative route.
5168.0,5057.1875,High,High,Avoid peak hours or consider an alternative route.
5614.0,5366.7505,High,High,Avoid peak hours or consider an alternative route.
5993.0,5760.034,High,High,Avoid peak hours or consider an alternative route.
6333.0,5986.8193,High,High,Avoid peak hours or consider an alternative route.
6333.0,5986.8193,High,High,Avoid peak hours or consider an alternative route.
5165.0,5828.9785,High,High,Avoid peak hours or consider an alternative route.
4369.0,4702.231,Medium,High,Avoid peak hours or consider an alternative route.
3688.0,3611.878,Medium,Medium,Expect moderate delays and allow extra travel time.
3688.0,3616.473,Medium,Medium,Expect moderate delays and allow extra travel time.
3123.0,3256.486,Medium,Medium,Expect moderate delays and allow extra travel time.
3118.0,3201.8054,Medium,Medium,Expect moderate delays and allow extra travel time.
2778.0,2891.3704,Medium,Medium,Expect moderate delays and allow extra travel time.
2666.0,2268.613,Medium,Medium,Expect moderate delays and allow extra travel time.
1386.0,1458.9664,Low,Low,Traffic conditions are favorable.
825.0,803.0131,Low,Low,Traffic conditions are favorable.
587.0,567.0621,Low,Low,Traffic conditions are favorable.
391.0,533.0248,Low,Low,Traffic conditions are favorable.
402.0,418.1211,Low,Low,Traffic conditions are favorable.
772.0,802.3535,Low,Low,Traffic conditions are favorable.
1196.0,1559.3203,Low,Low,Traffic conditions are favorable.
1651.0,2108.4546,Low,Low,Traffic conditions are favorable.
1651.0,2136.962,Low,Low,Traffic conditions are favorable.
2329.0,2821.907,Medium,Medium,Expect moderate delays and allow extra travel time.
2329.0,2813.133,Medium,Medium,Expect moderate delays and allow extra travel time.
2329.0,2835.69,Medium,Medium,Expect moderate delays and allow extra travel time.
3017.0,3479.6086,Medium,Medium,Expect moderate delays and allow extra travel time.
3017.0,3478.9414,Medium,Medium,Expect moderate delays and allow extra travel time.
3017.0,3507.4912,Medium,Medium,Expect moderate delays and allow extra travel time.
3514.0,3849.6943,Medium,Medium,Expect moderate delays and allow extra travel time.
3514.0,4046.7263,Medium,Medium,Expect moderate delays and allow extra travel time.
3514.0,3994.7788,Medium,Medium,Expect moderate delays and allow extra travel time.
3907.0,4300.4272,Medium,Medium,Expect moderate delays and allow extra travel time.
3907.0,4303.015,Medium,Medium,Expect moderate delays and allow extra travel time.
3907.0,4264.0303,Medium,Medium,Expect moderate delays and allow extra travel time.
4494.0,4642.631,Medium,High,Avoid peak hours or consider an alternative route.
4494.0,4660.701,Medium,High,Avoid peak hours or consider an alternative route.
4834.0,4668.8604,High,High,Avoid peak hours or consider an alternative route.
4834.0,4646.389,High,High,Avoid peak hours or consider an alternative route.
4900.0,4664.4795,High,High,Avoid peak hours or consider an alternative route.
4900.0,4667.8477,High,High,Avoid peak hours or consider an alternative route.
4363.0,4615.8574,Medium,High,Avoid peak hours or consider an alternative route.
4495.0,4577.0786,Medium,High,Avoid peak hours or consider an alternative route.
4053.0,4495.847,Medium,Medium,Expect moderate delays and allow extra travel time.
3987.0,4299.8413,Medium,Medium,Expect moderate delays and allow extra travel time.
3223.0,3658.0447,Medium,Medium,Expect moderate delays and allow extra travel time.
2928.0,3296.1882,Medium,Medium,Expect moderate delays and allow extra travel time.
2887.0,3128.4854,Medium,Medium,Expect moderate delays and allow extra travel time.
2606.0,2885.8928,Medium,Medium,Expect moderate delays and allow extra travel time.
2047.0,2358.2302,Low,Medium,Expect moderate delays and allow extra travel time.
1332.0,1526.8328,Low,Low,Traffic conditions are favorable.
866.0,845.4035,Low,Low,Traffic conditions are favorable.
659.0,586.8899,Low,Low,Traffic conditions are favorable.
413.0,515.57935,Low,Low,Traffic conditions are favorable.
393.0,399.50293,Low,Low,Traffic conditions are favorable.
393.0,379.02475,Low,Low,Traffic conditions are favorable.
552.0,533.73035,Low,Low,Traffic conditions are favorable.
885.0,980.9776,Low,Low,Traffic conditions are favorable.
1185.0,1414.1555,Low,Low,Traffic conditions are favorable.
1724.0,2142.0828,Low,Medium,Expect moderate delays and allow extra travel time.
1724.0,2142.0828,Low,Low,Traffic conditions are favorable.
2723.0,2916.4563,Medium,Medium,Expect moderate delays and allow extra travel time.
3488.0,3637.7727,Medium,Medium,Expect moderate delays and allow extra travel time.
3790.0,3987.4856,Medium,Medium,Expect moderate delays and allow extra travel time.
4260.0,4402.4756,Medium,Medium,Expect moderate delays and allow extra travel time.
4365.0,4408.743,Medium,Medium,Expect moderate delays and allow extra travel time.
4192.0,4394.5317,Medium,Medium,Expect moderate delays and allow extra travel time.
4234.0,4369.9414,Medium,Medium,Expect moderate delays and allow extra travel time.
4404.0,4288.9326,Medium,Medium,Expect moderate delays and allow extra travel time.
4175.0,4176.659,Medium,Medium,Expect moderate delays and allow extra travel time.
4175.0,4176.659,Medium,Medium,Expect moderate delays and allow extra travel time.
3843.0,3922.7085,Medium,Medium,Expect moderate delays and allow extra travel time.
3843.0,3805.9924,Medium,Medium,Expect moderate delays and allow extra travel time.
3613.0,3383.0542,Medium,Medium,Expect moderate delays and allow extra travel time.
3185.0,2995.4414,Medium,Medium,Expect moderate delays and allow extra travel time.
3185.0,3035.6724,Medium,Medium,Expect moderate delays and allow extra travel time.
2568.0,2658.0635,Medium,Medium,Expect moderate delays and allow extra travel time.
2568.0,2658.0635,Medium,Medium,Expect moderate delays and allow extra travel time.
2045.0,2003.1941,Low,Low,Traffic conditions are favorable.
1218.0,1572.141,Low,Low,Traffic conditions are favorable.
627.0,589.38947,Low,Low,Traffic conditions are favorable.
627.0,664.98596,Low,Low,Traffic conditions are favorable.
367.0,415.67847,Low,Low,Traffic conditions are favorable.
367.0,406.55243,Low,Low,Traffic conditions are favorable.
367.0,424.91595,Low,Low,Traffic conditions are favorable.
367.0,421.77533,Low,Low,Traffic conditions are favorable.
272.0,345.3258,Low,Low,Traffic conditions are favorable.
272.0,340.3764,Low,Low,Traffic conditions are favorable.
272.0,349.62744,Low,Low,Traffic conditions are favorable.
365.0,383.80194,Low,Low,Traffic conditions are favorable.
365.0,368.85846,Low,Low,Traffic conditions are favorable.
365.0,354.58173,Low,Low,Traffic conditions are favorable.
2891.0,2646.822,Medium,Medium,Expect moderate delays and allow extra travel time.
5541.0,5343.7036,High,High,Avoid peak hours or consider an alternative route.
6386.0,5855.852,High,High,Avoid peak hours or consider an alternative route.
6386.0,5865.658,High,High,Avoid peak hours or consider an alternative route.
5765.0,5377.4297,High,High,Avoid peak hours or consider an alternative route.
4767.0,4713.0044,High,High,Avoid peak hours or consider an alternative route.
4767.0,4714.7036,High,High,Avoid peak hours or consider an alternative route.
4161.0,4255.662,Medium,Medium,Expect moderate delays and allow extra travel time.
4161.0,4257.3613,Medium,Medium,Expect moderate delays and allow extra travel time.
4161.0,4257.3613,Medium,Medium,Expect moderate delays and allow extra travel time.
4435.0,4405.0933,Medium,Medium,Expect moderate delays and allow extra travel time.
4435.0,4401.898,Medium,Medium,Expect moderate delays and allow extra travel time.
4829.0,4574.141,High,High,Avoid peak hours or consider an alternative route.
4829.0,4571.8496,High,High,Avoid peak hours or consider an alternative route.
4743.0,4611.8276,High,High,Avoid peak hours or consider an alternative route.
4743.0,4612.7314,High,High,Avoid peak hours or consider an alternative route.
4743.0,4615.008,High,High,Avoid peak hours or consider an alternative route.
4935.0,4907.1626,High,High,Avoid peak hours or consider an alternative route.
4935.0,4933.9604,High,High,Avoid peak hours or consider an alternative route.
5558.0,5380.3813,High,High,Avoid peak hours or consider an alternative route.
6757.0,6055.214,High,High,Avoid peak hours or consider an alternative route.
6306.0,5668.1626,High,High,Avoid peak hours or consider an alternative route.
4352.0,4289.409,Medium,Medium,Expect moderate delays and allow extra travel time.
3248.0,3122.2754,Medium,Medium,Expect moderate delays and allow extra travel time.
2762.0,2645.5547,Medium,Medium,Expect moderate delays and allow extra travel time.
2460.0,2348.7705,Medium,Medium,Expect moderate delays and allow extra travel time.
1710.0,1802.4194,Low,Low,Traffic conditions are favorable.
1012.0,1094.9938,Low,Low,Traffic conditions are favorable.
592.0,663.9509,Low,Low,Traffic conditions are favorable.
373.0,447.7884,Low,Low,Traffic conditions are favorable.
269.0,364.0292,Low,Low,Traffic conditions are favorable.
369.0,390.35922,Low,Low,Traffic conditions are favorable.
893.0,860.8633,Low,Low,Traffic conditions are favorable.
893.0,847.1776,Low,Low,Traffic conditions are favorable.
3038.0,2911.4097,Medium,Medium,Expect moderate delays and allow extra travel time.
3038.0,2863.2534,Medium,Medium,Expect moderate delays and allow extra travel time.
3038.0,2913.9226,Medium,Medium,Expect moderate delays and allow extra travel time.
5483.0,5568.415,High,High,Avoid peak hours or consider an alternative route.
5483.0,5562.371,High,High,Avoid peak hours or consider an alternative route.
5483.0,5571.8706,High,High,Avoid peak hours or consider an alternative route.
5506.0,6084.6987,High,High,Avoid peak hours or consider an alternative route.
5506.0,6104.8257,High,High,Avoid peak hours or consider an alternative route.
4851.0,5665.0684,High,High,Avoid peak hours or consider an alternative route.
4851.0,5669.445,High,High,Avoid peak hours or consider an alternative route.
4792.0,5034.2754,High,High,Avoid peak hours or consider an alternative route.
4792.0,5035.2607,High,High,Avoid peak hours or consider an alternative route.
4792.0,5044.1914,High,High,Avoid peak hours or consider an alternative route.
4244.0,4560.949,Medium,Medium,Expect moderate delays and allow extra travel time.
4244.0,4563.159,Medium,Medium,Expect moderate delays and allow extra travel time.
4244.0,4560.22,Medium,Medium,Expect moderate delays and allow extra travel time.
4346.0,4695.516,Medium,High,Avoid peak hours or consider an alternative route.
4346.0,4699.198,Medium,High,Avoid peak hours or consider an alternative route.
4346.0,4697.294,Medium,High,Avoid peak hours or consider an alternative route.
4585.0,4817.009,High,High,Avoid peak hours or consider an alternative route.
4585.0,4820.325,High,High,Avoid peak hours or consider an alternative route.
4585.0,4820.204,High,High,Avoid peak hours or consider an alternative route.
4728.0,4795.3984,High,High,Avoid peak hours or consider an alternative route.
4728.0,4830.3853,High,High,Avoid peak hours or consider an alternative route.
5109.0,5112.9053,High,High,Avoid peak hours or consider an alternative route.
5109.0,5115.115,High,High,Avoid peak hours or consider an alternative route.
5109.0,5117.33,High,High,Avoid peak hours or consider an alternative route.
5852.0,5616.101,High,High,Avoid peak hours or consider an alternative route.
5852.0,5610.3696,High,High,Avoid peak hours or consider an alternative route.
5852.0,5619.9917,High,High,Avoid peak hours or consider an alternative route.
5852.0,5576.6465,High,High,Avoid peak hours or consider an alternative route.
6821.0,6359.3076,High,High,Avoid peak hours or consider an alternative route.
6821.0,6290.2456,High,High,Avoid peak hours or consider an alternative route.
6085.0,5889.092,High,High,Avoid peak hours or consider an alternative route.
4546.0,4506.013,Medium,Medium,Expect moderate delays and allow extra travel time.
4546.0,4524.583,Medium,High,Avoid peak hours or consider an alternative route.
4546.0,4528.7974,Medium,High,Avoid peak hours or consider an alternative route.
3263.0,3396.786,Medium,Medium,Expect moderate delays and allow extra travel time.
3263.0,3387.8115,Medium,Medium,Expect moderate delays and allow extra travel time.
2804.0,2930.1858,Medium,Medium,Expect moderate delays and allow extra travel time.
2454.0,2654.4133,Medium,Medium,Expect moderate delays and allow extra travel time.
2454.0,2664.4392,Medium,Medium,Expect moderate delays and allow extra travel time.
1796.0,1993.8569,Low,Low,Traffic conditions are favorable.
1796.0,1985.6091,Low,Low,Traffic conditions are favorable.
1190.0,1212.3405,Low,Low,Traffic conditions are favorable.
1190.0,1211.8633,Low,Low,Traffic conditions are favorable.
663.0,695.73865,Low,Low,Traffic conditions are favorable.
406.0,460.07343,Low,Low,Traffic conditions are favorable.
406.0,451.7461,Low,Low,Traffic conditions are favorable.
301.0,395.41388,Low,Low,Traffic conditions are favorable.
385.0,396.2088,Low,Low,Traffic conditions are favorable.
935.0,872.18726,Low,Low,Traffic conditions are favorable.
5769.0,5590.7446,High,High,Avoid peak hours or consider an alternative route.
6295.0,6162.2544,High,High,Avoid peak hours or consider an alternative route.
6295.0,6122.0347,High,High,Avoid peak hours or consider an alternative route.
5540.0,5721.4775,High,High,Avoid peak hours or consider an alternative route.
4890.0,5120.1875,High,High,Avoid peak hours or consider an alternative route.
4675.0,4769.877,High,High,Avoid peak hours or consider an alternative route.
4824.0,4892.5776,High,High,Avoid peak hours or consider an alternative route.
4941.0,4953.3755,High,High,Avoid peak hours or consider an alternative route.
5161.0,5189.849,High,High,Avoid peak hours or consider an alternative route.
5864.0,5715.09,High,High,Avoid peak hours or consider an alternative route.
6811.0,6427.6587,High,High,Avoid peak hours or consider an alternative route.
6439.0,5939.6377,High,High,Avoid peak hours or consider an alternative route.
4622.0,4666.4736,High,High,Avoid peak hours or consider an alternative route.
3418.0,3523.4565,Medium,Medium,Expect moderate delays and allow extra travel time.
3024.0,3062.9468,Medium,Medium,Expect moderate delays and allow extra travel time.
2758.0,2800.9573,Medium,Medium,Expect moderate delays and allow extra travel time.
1956.0,2132.7542,Low,Medium,Expect moderate delays and allow extra travel time.
1209.0,1464.5248,Low,Low,Traffic conditions are favorable.
634.0,745.43805,Low,Low,Traffic conditions are favorable.
462.0,477.74164,Low,Low,Traffic conditions are favorable.
348.0,388.61896,Low,Low,Traffic conditions are favorable.
426.0,403.08664,Low,Low,Traffic conditions are favorable.
938.0,878.00116,Low,Low,Traffic conditions are favorable.
3112.0,2957.0923,Medium,Medium,Expect moderate delays and allow extra travel time.
5778.0,5625.0215,High,High,Avoid peak hours or consider an alternative route.
6557.0,6183.1143,High,High,Avoid peak hours or consider an alternative route.
6557.0,6208.6724,High,High,Avoid peak hours or consider an alternative route.
5490.0,5730.8755,High,High,Avoid peak hours or consider an alternative route.
4982.0,5099.2427,High,High,Avoid peak hours or consider an alternative route.
4951.0,4740.714,High,High,Avoid peak hours or consider an alternative route.
5167.0,4847.4014,High,High,Avoid peak hours or consider an alternative route.
5083.0,5076.095,High,High,Avoid peak hours or consider an alternative route.
5025.0,5366.7646,High,High,Avoid peak hours or consider an alternative route.
5768.0,5839.5537,High,High,Avoid peak hours or consider an alternative route.
6511.0,6439.2793,High,High,Avoid peak hours or consider an alternative route.
5997.0,5945.746,High,High,Avoid peak hours or consider an alternative route.
4592.0,4728.62,High,High,Avoid peak hours or consider an alternative route.
3823.0,3643.205,Medium,Medium,Expect moderate delays and allow extra travel time.
3385.0,3256.3254,Medium,Medium,Expect moderate delays and allow extra travel time.
3446.0,3068.625,Medium,Medium,Expect moderate delays and allow extra travel time.
2583.0,2650.0632,Medium,Medium,Expect moderate delays and allow extra travel time.
1455.0,1672.8181,Low,Low,Traffic conditions are favorable.
805.0,827.144,Low,Low,Traffic conditions are favorable.
471.0,522.2221,Low,Low,Traffic conditions are favorable.
364.0,438.07904,Low,Low,Traffic conditions are favorable.
384.0,448.42307,Low,Low,Traffic conditions are favorable.
876.0,869.7137,Low,Low,Traffic conditions are favorable.
3056.0,2741.4265,Medium,Medium,Expect moderate delays and allow extra travel time.
5460.0,5435.5015,High,High,Avoid peak hours or consider an alternative route.
6222.0,6145.6396,High,High,Avoid peak hours or consider an alternative route.
5604.0,5685.5986,High,High,Avoid peak hours or consider an alternative route.
5053.0,5059.453,High,High,Avoid peak hours or consider an alternative route.
4765.0,4760.296,High,High,Avoid peak hours or consider an alternative route.
5128.0,4912.872,High,High,Avoid peak hours or consider an alternative route.
5225.0,5159.722,High,High,Avoid peak hours or consider an alternative route.
5104.0,5132.324,High,High,Avoid peak hours or consider an alternative route.
5843.0,5809.8335,High,High,Avoid peak hours or consider an alternative route.
6010.0,6097.509,High,High,Avoid peak hours or consider an alternative route.
5120.0,5868.148,High,High,Avoid peak hours or consider an alternative route.
4676.0,4754.3096,High,High,Avoid peak hours or consider an alternative route.
3976.0,3663.957,Medium,Medium,Expect moderate delays and allow extra travel time.
3535.0,3296.238,Medium,Medium,Expect moderate delays and allow extra travel time.
3529.0,2902.8967,Medium,Medium,Expect moderate delays and allow extra travel time.
3654.0,2226.3542,Medium,Low,Traffic conditions are favorable.
1540.0,1480.2216,Low,Low,Traffic conditions are favorable.
872.0,845.9462,Low,Low,Traffic conditions are favorable.
629.0,608.9148,Low,Low,Traffic conditions are favorable.
407.0,575.139,Low,Low,Traffic conditions are favorable.
513.0,483.62616,Low,Low,Traffic conditions are favorable.
966.0,845.7897,Low,Low,Traffic conditions are favorable.
966.0,849.8827,Low,Low,Traffic conditions are favorable.
966.0,847.7717,Low,Low,Traffic conditions are favorable.
1495.0,1581.5889,Low,Low,Traffic conditions are favorable.
1495.0,1581.5889,Low,Low,Traffic conditions are favorable.
1495.0,1467.086,Low,Low,Traffic conditions are favorable.
2474.0,2056.1526,Medium,Low,Traffic conditions are favorable.
3353.0,2883.5405,Medium,Medium,Expect moderate delays and allow extra travel time.
4065.0,3561.7073,Medium,Medium,Expect moderate delays and allow extra travel time.
4318.0,4019.8884,Medium,Medium,Expect moderate delays and allow extra travel time.
4621.0,4331.5396,High,Medium,Expect moderate delays and allow extra travel time.
5018.0,4688.321,High,High,Avoid peak hours or consider an alternative route.
4560.0,4700.0054,Medium,High,Avoid peak hours or consider an alternative route.
4620.0,4696.657,High,High,Avoid peak hours or consider an alternative route.
4417.0,4650.6577,Medium,High,Avoid peak hours or consider an alternative route.
4372.0,4808.079,Medium,High,Avoid peak hours or consider an alternative route.
4510.0,4490.2217,Medium,Medium,Expect moderate delays and allow extra travel time.
3945.0,4254.229,Medium,Medium,Expect moderate delays and allow extra travel time.
3362.0,3274.329,Medium,Medium,Expect moderate delays and allow extra travel time.
3504.0,3151.1848,Medium,Medium,Expect moderate delays and allow extra travel time.
3572.0,2925.8215,Medium,Medium,Expect moderate delays and allow extra travel time.
2484.0,2395.2354,Medium,Medium,Expect moderate delays and allow extra travel time.
1515.0,1571.2222,Low,Low,Traffic conditions are favorable.
1016.0,916.90106,Low,Low,Traffic conditions are favorable.
684.0,642.5139,Low,Low,Traffic conditions are favorable.
409.0,536.4662,Low,Low,Traffic conditions are favorable.
373.0,403.44598,Low,Low,Traffic conditions are favorable.
1091.0,995.5326,Low,Low,Traffic conditions are favorable.
1499.0,1487.7449,Low,Low,Traffic conditions are favorable.
1499.0,1492.6565,Low,Low,Traffic conditions are favorable.
1499.0,1475.9553,Low,Low,Traffic conditions are favorable.
2362.0,2183.806,Medium,Low,Traffic conditions are favorable.
3560.0,2954.2554,Medium,Medium,Expect moderate delays and allow extra travel time.
4187.0,3621.6946,Medium,Medium,Expect moderate delays and allow extra travel time.
4186.0,3974.7139,Medium,Medium,Expect moderate delays and allow extra travel time.
4302.0,4343.912,Medium,Medium,Expect moderate delays and allow extra travel time.
4235.0,4337.968,Medium,Medium,Expect moderate delays and allow extra travel time.
4235.0,4363.526,Medium,Medium,Expect moderate delays and allow extra travel time.
4317.0,4341.1216,Medium,Medium,Expect moderate delays and allow extra travel time.
4313.0,4356.5703,Medium,Medium,Expect moderate delays and allow extra travel time.
4118.0,4171.586,Medium,Medium,Expect moderate delays and allow extra travel time.
4022.0,3974.7876,Medium,Medium,Expect moderate delays and allow extra travel time.
3438.0,3430.6045,Medium,Medium,Expect moderate delays and allow extra travel time.
3187.0,2922.8022,Medium,Medium,Expect moderate delays and allow extra travel time.
2556.0,2673.136,Medium,Medium,Expect moderate delays and allow extra travel time.
1962.0,2119.227,Low,Medium,Expect moderate delays and allow extra travel time.
1209.0,1530.1062,Low,Low,Traffic conditions are favorable.
652.0,663.4253,Low,Low,Traffic conditions are favorable.
422.0,421.92514,Low,Low,Traffic conditions are favorable.
331.0,350.45087,Low,Low,Traffic conditions are favorable.
406.0,357.7749,Low,Low,Traffic conditions are favorable.
902.0,803.4626,Low,Low,Traffic conditions are favorable.
2982.0,2689.3462,Medium,Medium,Expect moderate delays and allow extra travel time.
5588.0,5311.477,High,High,Avoid peak hours or consider an alternative route.
6146.0,5791.884,High,High,Avoid peak hours or consider an alternative route.
5383.0,5455.5596,High,High,Avoid peak hours or consider an alternative route.
5383.0,5457.259,High,High,Avoid peak hours or consider an alternative route.
4654.0,4654.5044,High,High,Avoid peak hours or consider an alternative route.
4654.0,4705.164,High,High,Avoid peak hours or consider an alternative route.
4310.0,4243.439,Medium,Medium,Expect moderate delays and allow extra travel time.
4530.0,4469.4414,Medium,Medium,Expect moderate delays and allow extra travel time.
4748.0,4629.0254,High,High,Avoid peak hours or consider an alternative route.
4673.0,4591.82,High,High,Avoid peak hours or consider an alternative route.
4877.0,4891.7485,High,High,Avoid peak hours or consider an alternative route.
5605.0,5450.9683,High,High,Avoid peak hours or consider an alternative route.
6232.0,6053.436,High,High,Avoid peak hours or consider an alternative route.
5772.0,5666.385,High,High,Avoid peak hours or consider an alternative route.
4086.0,4224.0176,Medium,Medium,Expect moderate delays and allow extra travel time.
3288.0,3148.2947,Medium,Medium,Expect moderate delays and allow extra travel time.
2944.0,2657.083,Medium,Medium,Expect moderate delays and allow extra travel time.
2559.0,2354.0127,Medium,Medium,Expect moderate delays and allow extra travel time.
1136.0,1293.8195,Low,Low,Traffic conditions are favorable.
624.0,674.04004,Low,Low,Traffic conditions are favorable.
624.0,680.2352,Low,Low,Traffic conditions are favorable.
417.0,453.1413,Low,Low,Traffic conditions are favorable.
297.0,363.11917,Low,Low,Traffic conditions are favorable.
297.0,384.70203,Low,Low,Traffic conditions are favorable.
353.0,376.22104,Low,Low,Traffic conditions are favorable.
353.0,378.1066,Low,Low,Traffic conditions are favorable.
353.0,375.60806,Low,Low,Traffic conditions are favorable.
353.0,374.01483,Low,Low,Traffic conditions are favorable.
887.0,852.7564,Low,Low,Traffic conditions are favorable.
887.0,843.16425,Low,Low,Traffic conditions are favorable.
887.0,861.96967,Low,Low,Traffic conditions are favorable.
2973.0,2901.862,Medium,Medium,Expect moderate delays and allow extra travel time.
5381.0,5552.284,High,High,Avoid peak hours or consider an alternative route.
5381.0,5583.3823,High,High,Avoid peak hours or consider an alternative route.
6350.0,6075.9243,High,High,Avoid peak hours or consider an alternative route.
6350.0,6089.33,High,High,Avoid peak hours or consider an alternative route.
5756.0,5658.211,High,High,Avoid peak hours or consider an alternative route.
4872.0,5075.5137,High,High,Avoid peak hours or consider an alternative route.
4452.0,4552.175,Medium,Medium,Expect moderate delays and allow extra travel time.
4713.0,4682.317,High,High,Avoid peak hours or consider an alternative route.
5083.0,4837.3506,High,High,Avoid peak hours or consider an alternative route.
4849.0,4832.606,High,High,Avoid peak hours or consider an alternative route.
4905.0,5117.33,High,High,Avoid peak hours or consider an alternative route.
4905.0,5117.33,High,High,Avoid peak hours or consider an alternative route.
5875.0,5576.6465,High,High,Avoid peak hours or consider an alternative route.
6765.0,6334.1196,High,High,Avoid peak hours or consider an alternative route.
6765.0,6347.139,High,High,Avoid peak hours or consider an alternative route.
6054.0,5843.3516,High,High,Avoid peak hours or consider an alternative route.
3316.0,3310.0989,Medium,Medium,Expect moderate delays and allow extra travel time.
2910.0,2924.4556,Medium,Medium,Expect moderate delays and allow extra travel time.
2910.0,2941.678,Medium,Medium,Expect moderate delays and allow extra travel time.
2674.0,2730.6262,Medium,Medium,Expect moderate delays and allow extra travel time.
2083.0,2159.2498,Low,Low,Traffic conditions are favorable.
1161.0,1359.2478,Low,Low,Traffic conditions are favorable.
411.0,463.0588,Low,Low,Traffic conditions are favorable.
313.0,393.46313,Low,Low,Traffic conditions are favorable.
414.0,400.76474,Low,Low,Traffic conditions are favorable.
898.0,880.96704,Low,Low,Traffic conditions are favorable.
3151.0,2924.8835,Medium,Medium,Expect moderate delays and allow extra travel time.
5883.0,5602.0576,High,High,Avoid peak hours or consider an alternative route.
6414.0,6161.9404,High,High,Avoid peak hours or consider an alternative route.
5717.0,5709.13,High,High,Avoid peak hours or consider an alternative route.
5134.0,5086.9004,High,High,Avoid peak hours or consider an alternative route.
4614.0,4635.0566,High,High,Avoid peak hours or consider an alternative route.
5102.0,4917.3945,High,High,Avoid peak hours or consider an alternative route.
4901.0,4925.432,High,High,Avoid peak hours or consider an alternative route.
5036.0,5210.5615,High,High,Avoid peak hours or consider an alternative route.
5867.0,5708.588,High,High,Avoid peak hours or consider an alternative route.
6666.0,6389.5176,High,High,Avoid peak hours or consider an alternative route.
6095.0,5905.1655,High,High,Avoid peak hours or consider an alternative route.
4563.0,4665.4507,Medium,High,Avoid peak hours or consider an alternative route.
3497.0,3560.11,Medium,Medium,Expect moderate delays and allow extra travel time.
3126.0,3150.7527,Medium,Medium,Expect moderate delays and allow extra travel time.
3116.0,2869.4211,Medium,Medium,Expect moderate delays and allow extra travel time.
2292.0,2202.445,Medium,Medium,Expect moderate delays and allow extra travel time.
1339.0,1446.0792,Low,Low,Traffic conditions are favorable.
778.0,771.3076,Low,Low,Traffic conditions are favorable.
457.0,483.53165,Low,Low,Traffic conditions are favorable.
365.0,423.17346,Low,Low,Traffic conditions are favorable.
921.0,905.0087,Low,Low,Traffic conditions are favorable.
3121.0,2963.5266,Medium,Medium,Expect moderate delays and allow extra travel time.
3121.0,2963.3157,Medium,Medium,Expect moderate delays and allow extra travel time.
5691.0,5645.109,High,High,Avoid peak hours or consider an alternative route.
5691.0,5647.579,High,High,Avoid peak hours or consider an alternative route.
6264.0,6203.63,High,High,Avoid peak hours or consider an alternative route.
5683.0,5760.0933,High,High,Avoid peak hours or consider an alternative route.
4983.0,5125.1167,High,High,Avoid peak hours or consider an alternative route.
4678.0,4735.807,High,High,Avoid peak hours or consider an alternative route.
4866.0,4864.045,High,High,Avoid peak hours or consider an alternative route.
5109.0,5075.6904,High,High,Avoid peak hours or consider an alternative route.
5011.0,5062.879,High,High,Avoid peak hours or consider an alternative route.
5300.0,5329.647,High,High,Avoid peak hours or consider an alternative route.
5945.0,5834.6123,High,High,Avoid peak hours or consider an alternative route.
6568.0,6413.0835,High,High,Avoid peak hours or consider an alternative route.
4668.0,4758.412,High,High,Avoid peak hours or consider an alternative route.
3794.0,3669.7734,Medium,Medium,Expect moderate delays and allow extra travel time.
3127.0,3260.1045,Medium,Medium,Expect moderate delays and allow extra travel time.
2908.0,3134.08,Medium,Medium,Expect moderate delays and allow extra travel time.
2190.0,2686.2178,Low,Medium,Expect moderate delays and allow extra travel time.
1475.0,1698.0488,Low,Low,Traffic conditions are favorable.
841.0,824.86584,Low,Low,Traffic conditions are favorable.
510.0,512.5973,Low,Low,Traffic conditions are favorable.
385.0,428.93344,Low,Low,Traffic conditions are favorable.
453.0,423.972,Low,Low,Traffic conditions are favorable.
984.0,853.25696,Low,Low,Traffic conditions are favorable.
2909.0,2725.5085,Medium,Medium,Expect moderate delays and allow extra travel time.
5427.0,5411.826,High,High,Avoid peak hours or consider an alternative route.
6051.0,6112.287,High,High,Avoid peak hours or consider an alternative route.
5204.0,5620.562,High,High,Avoid peak hours or consider an alternative route.
4842.0,4995.7646,High,High,Avoid peak hours or consider an alternative route.
4626.0,4786.0293,High,High,Avoid peak hours or consider an alternative route.
5222.0,5119.103,High,High,Avoid peak hours or consider an alternative route.
5236.0,5127.383,High,High,Avoid peak hours or consider an alternative route.
5319.0,5392.3086,High,High,Avoid peak hours or consider an alternative route.
5903.0,5801.3364,High,High,Avoid peak hours or consider an alternative route.
5902.0,6084.2876,High,High,Avoid peak hours or consider an alternative route.
5314.0,5894.58,High,High,Avoid peak hours or consider an alternative route.
4798.0,4770.293,High,High,Avoid peak hours or consider an alternative route.
3705.0,3684.3782,Medium,Medium,Expect moderate delays and allow extra travel time.
3340.0,3285.113,Medium,Medium,Expect moderate delays and allow extra travel time.
3247.0,3178.4045,Medium,Medium,Expect moderate delays and allow extra travel time.
2781.0,2905.0747,Medium,Medium,Expect moderate delays and allow extra travel time.
2465.0,2264.144,Medium,Medium,Expect moderate delays and allow extra travel time.
1423.0,1446.3174,Low,Low,Traffic conditions are favorable.
869.0,812.19006,Low,Low,Traffic conditions are favorable.
617.0,543.8984,Low,Low,Traffic conditions are favorable.
429.0,492.863,Low,Low,Traffic conditions are favorable.
429.0,501.63718,Low,Low,Traffic conditions are favorable.
429.0,468.08557,Low,Low,Traffic conditions are favorable.
822.0,812.328,Low,Low,Traffic conditions are favorable.
2048.0,2146.101,Low,Low,Traffic conditions are favorable.
2840.0,2864.6675,Medium,Medium,Expect moderate delays and allow extra travel time.
3627.0,3541.3425,Medium,Medium,Expect moderate delays and allow extra travel time.
3922.0,3972.5278,Medium,Medium,Expect moderate delays and allow extra travel time.
4253.0,4334.322,Medium,Medium,Expect moderate delays and allow extra travel time.
4776.0,4676.156,High,High,Avoid peak hours or consider an alternative route.
4675.0,4676.156,High,Medium,Expect moderate delays and allow extra travel time.
4533.0,4684.221,Medium,Medium,Expect moderate delays and allow extra travel time.
4425.0,4650.5464,Medium,Medium,Expect moderate delays and allow extra travel time.
4707.0,4589.6597,High,Medium,Expect moderate delays and allow extra travel time.
4469.0,4388.388,Medium,Medium,Expect moderate delays and allow extra travel time.
3871.0,4168.4507,Medium,Medium,Expect moderate delays and allow extra travel time.
3247.0,3667.425,Medium,Medium,Expect moderate delays and allow extra travel time.
2936.0,3274.329,Medium,Medium,Expect moderate delays and allow extra travel time.
2700.0,3149.881,Medium,Medium,Expect moderate delays and allow extra travel time.
2760.0,2887.6707,Medium,Medium,Expect moderate delays and allow extra travel time.
2017.0,2373.6345,Low,Medium,Expect moderate delays and allow extra travel time.
1314.0,1470.3405,Low,Low,Traffic conditions are favorable.
848.0,808.57074,Low,Low,Traffic conditions are favorable.
703.0,529.83264,Low,Low,Traffic conditions are favorable.
419.0,473.00153,Low,Low,Traffic conditions are favorable.
372.0,336.8022,Low,Low,Traffic conditions are favorable.
372.0,350.58527,Low,Low,Traffic conditions are favorable.
529.0,515.0082,Low,Low,Traffic conditions are favorable.
979.0,895.5408,Low,Low,Traffic conditions are favorable.
979.0,918.09796,Low,Low,Traffic conditions are favorable.
1237.0,1360.267,Low,Low,Traffic conditions are favorable.
1682.0,1964.9968,Low,Low,Traffic conditions are favorable.
1682.0,2092.4395,Low,Low,Traffic conditions are favorable.
2495.0,2755.4104,Medium,Medium,Expect moderate delays and allow extra travel time.
2495.0,2866.275,Medium,Medium,Expect moderate delays and allow extra travel time.
2495.0,2884.6814,Medium,Medium,Expect moderate delays and allow extra travel time.
2924.0,3396.173,Medium,Medium,Expect moderate delays and allow extra travel time.
2924.0,3550.7188,Medium,Medium,Expect moderate delays and allow extra travel time.
3323.0,3870.784,Medium,Medium,Expect moderate delays and allow extra travel time.
3323.0,3920.698,Medium,Medium,Expect moderate delays and allow extra travel time.
3323.0,3935.641,Medium,Medium,Expect moderate delays and allow extra travel time.
3696.0,4213.453,Medium,Medium,Expect moderate delays and allow extra travel time.
3696.0,4279.6216,Medium,Medium,Expect moderate delays and allow extra travel time.
3696.0,4275.4595,Medium,Medium,Expect moderate delays and allow extra travel time.
4084.0,4213.453,Medium,Medium,Expect moderate delays and allow extra travel time.
4187.0,4262.6353,Medium,Medium,Expect moderate delays and allow extra travel time.
4365.0,4255.1714,Medium,Medium,Expect moderate delays and allow extra travel time.
4380.0,4371.2056,Medium,Medium,Expect moderate delays and allow extra travel time.
4049.0,4199.6636,Medium,Medium,Expect moderate delays and allow extra travel time.
3680.0,3936.8347,Medium,Medium,Expect moderate delays and allow extra travel time.
3404.0,3312.351,Medium,Medium,Expect moderate delays and allow extra travel time.
3018.0,2922.42,Medium,Medium,Expect moderate delays and allow extra travel time.
2640.0,2530.7693,Medium,Medium,Expect moderate delays and allow extra travel time.
2152.0,2021.7693,Low,Low,Traffic conditions are favorable.
3078.0,1412.7838,Medium,Low,Traffic conditions are favorable.
523.0,404.20325,Low,Low,Traffic conditions are favorable.
425.0,324.15063,Low,Low,Traffic conditions are favorable.
398.0,340.47702,Low,Low,Traffic conditions are favorable.
896.0,794.8689,Low,Low,Traffic conditions are favorable.
2931.0,2667.0059,Medium,Medium,Expect moderate delays and allow extra travel time.
5305.0,5223.8774,High,High,Avoid peak hours or consider an alternative route.
5936.0,5678.7563,High,High,Avoid peak hours or consider an alternative route.
4859.0,5255.1543,High,High,Avoid peak hours or consider an alternative route.
4172.0,4131.1255,Medium,Medium,Expect moderate delays and allow extra travel time.
4498.0,4308.192,Medium,Medium,Expect moderate delays and allow extra travel time.
4617.0,4554.7803,High,High,Avoid peak hours or consider an alternative route.
4667.0,4594.4614,High,High,Avoid peak hours or consider an alternative route.
4728.0,4894.902,High,High,Avoid peak hours or consider an alternative route.
5115.0,5373.2954,High,High,Avoid peak hours or consider an alternative route.
5853.0,6076.661,High,High,Avoid peak hours or consider an alternative route.
5241.0,5666.811,High,High,Avoid peak hours or consider an alternative route.
3922.0,4217.573,Medium,Medium,Expect moderate delays and allow extra travel time.
3183.0,3133.021,Medium,Medium,Expect moderate delays and allow extra travel time.
2792.0,2661.9043,Medium,Medium,Expect moderate delays and allow extra travel time.
2552.0,2353.074,Medium,Medium,Expect moderate delays and allow extra travel time.
2118.0,1720.6466,Low,Low,Traffic conditions are favorable.
1461.0,1200.1791,Low,Low,Traffic conditions are favorable.
722.0,653.15643,Low,Low,Traffic conditions are favorable.
455.0,416.67886,Low,Low,Traffic conditions are favorable.
340.0,328.5194,Low,Low,Traffic conditions are favorable.
391.0,347.61703,Low,Low,Traffic conditions are favorable.
863.0,815.14496,Low,Low,Traffic conditions are favorable.
863.0,815.14496,Low,Low,Traffic conditions are favorable.
2836.0,2892.4868,Medium,Medium,Expect moderate delays and allow extra travel time.
5264.0,5470.2217,High,High,Avoid peak hours or consider an alternative route.
5737.0,5991.8853,High,High,Avoid peak hours or consider an alternative route.
5737.0,5942.388,High,High,Avoid peak hours or consider an alternative route.
5017.0,5511.1143,High,High,Avoid peak hours or consider an alternative route.
5017.0,5514.3096,High,High,Avoid peak hours or consider an alternative route.
4373.0,4981.976,Medium,High,Avoid peak hours or consider an alternative route.
4099.0,4493.1963,Medium,Medium,Expect moderate delays and allow extra travel time.
4415.0,4587.683,Medium,High,Avoid peak hours or consider an alternative route.
4775.0,4778.5737,High,High,Avoid peak hours or consider an alternative route.
4799.0,4789.74,High,High,Avoid peak hours or consider an alternative route.
4968.0,5066.929,High,High,Avoid peak hours or consider an alternative route.
4968.0,5071.782,High,High,Avoid peak hours or consider an alternative route.
5526.0,5585.0693,High,High,Avoid peak hours or consider an alternative route.
5526.0,5593.349,High,High,Avoid peak hours or consider an alternative route.
6135.0,6342.1494,High,High,Avoid peak hours or consider an alternative route.
5092.0,5835.4785,High,High,Avoid peak hours or consider an alternative route.
4313.0,4531.6455,Medium,Medium,Expect moderate delays and allow extra travel time.
3308.0,3341.9453,Medium,Medium,Expect moderate delays and allow extra travel time.
3055.0,2967.9832,Medium,Medium,Expect moderate delays and allow extra travel time.
2700.0,2728.7908,Medium,Medium,Expect moderate delays and allow extra travel time.
2176.0,2082.4285,Low,Low,Traffic conditions are favorable.
1741.0,1374.5038,Low,Low,Traffic conditions are favorable.
1021.0,812.11066,Low,Low,Traffic conditions are favorable.
605.0,440.45865,Low,Low,Traffic conditions are favorable.
573.0,370.37622,Low,Low,Traffic conditions are favorable.
353.0,382.9322,Low,Low,Traffic conditions are favorable.
354.0,863.7315,Low,Low,Traffic conditions are favorable.
698.0,2912.7288,Low,Medium,Expect moderate delays and allow extra travel time.
1141.0,5499.8936,Low,High,Avoid peak hours or consider an alternative route.
1128.0,6023.1216,Low,High,Avoid peak hours or consider an alternative route.
1275.0,5559.834,Low,High,Avoid peak hours or consider an alternative route.
1687.0,5017.702,Low,High,Avoid peak hours or consider an alternative route.
1920.0,4555.392,Low,Medium,Expect moderate delays and allow extra travel time.
1920.0,4560.401,Low,Medium,Expect moderate delays and allow extra travel time.
1920.0,4569.1753,Low,Medium,Expect moderate delays and allow extra travel time.
2603.0,4668.6245,Medium,High,Avoid peak hours or consider an alternative route.
2603.0,4576.453,Medium,High,Avoid peak hours or consider an alternative route.
2761.0,4825.7227,Medium,High,Avoid peak hours or consider an alternative route.
2929.0,4800.3545,Medium,High,Avoid peak hours or consider an alternative route.
3318.0,5071.963,Medium,High,Avoid peak hours or consider an alternative route.
3070.0,5608.26,Medium,High,Avoid peak hours or consider an alternative route.
3224.0,6300.0405,Medium,High,Avoid peak hours or consider an alternative route.
3224.0,6300.0405,Medium,High,Avoid peak hours or consider an alternative route.
3045.0,5824.993,Medium,High,Avoid peak hours or consider an alternative route.
3045.0,5785.486,Medium,High,Avoid peak hours or consider an alternative route.
2664.0,4640.7163,Medium,High,Avoid peak hours or consider an alternative route.
2596.0,3494.899,Medium,Medium,Expect moderate delays and allow extra travel time.
2503.0,3047.2822,Medium,Medium,Expect moderate delays and allow extra travel time.
2582.0,2779.3782,Medium,Medium,Expect moderate delays and allow extra travel time.
2030.0,2073.8118,Low,Medium,Expect moderate delays and allow extra travel time.
1936.0,1412.1771,Low,Low,Traffic conditions are favorable.
971.0,721.7595,Low,Low,Traffic conditions are favorable.
971.0,726.6711,Low,Low,Traffic conditions are favorable.
476.0,465.1733,Low,Low,Traffic conditions are favorable.
317.0,383.78583,Low,Low,Traffic conditions are favorable.
338.0,397.3984,Low,Low,Traffic conditions are favorable.
754.0,851.1551,Low,Low,Traffic conditions are favorable.
2412.0,2916.4573,Medium,Medium,Expect moderate delays and allow extra travel time.
4500.0,5505.675,Medium,High,Avoid peak hours or consider an alternative route.
4966.0,5969.986,High,High,Avoid peak hours or consider an alternative route.
4440.0,5640.5845,Medium,High,Avoid peak hours or consider an alternative route.
4205.0,4939.4697,Medium,High,Avoid peak hours or consider an alternative route.
4154.0,4623.1997,Medium,Medium,Expect moderate delays and allow extra travel time.
4201.0,4678.398,Medium,High,Avoid peak hours or consider an alternative route.
4416.0,4924.857,Medium,High,Avoid peak hours or consider an alternative route.
4491.0,4924.857,Medium,High,Avoid peak hours or consider an alternative route.
4708.0,5222.0234,High,High,Avoid peak hours or consider an alternative route.
5908.0,6320.7476,High,High,Avoid peak hours or consider an alternative route.
5223.0,5845.2217,High,High,Avoid peak hours or consider an alternative route.
4115.0,4650.15,Medium,High,Avoid peak hours or consider an alternative route.
3099.0,3566.012,Medium,Medium,Expect moderate delays and allow extra travel time.
2713.0,3206.077,Medium,Medium,Expect moderate delays and allow extra travel time.
2633.0,2994.654,Medium,Medium,Expect moderate delays and allow extra travel time.
2002.0,2573.534,Low,Medium,Expect moderate delays and allow extra travel time.
1287.0,1619.3445,Low,Low,Traffic conditions are favorable.
743.0,782.1162,Low,Low,Traffic conditions are favorable.
435.0,480.73138,Low,Low,Traffic conditions are favorable.
343.0,402.43176,Low,Low,Traffic conditions are favorable.
752.0,816.33325,Low,Low,Traffic conditions are favorable.
2453.0,2675.7686,Medium,Medium,Expect moderate delays and allow extra travel time.
4489.0,5286.818,Medium,High,Avoid peak hours or consider an alternative route.
5069.0,5869.5757,High,High,Avoid peak hours or consider an alternative route.
4489.0,5436.6304,Medium,High,Avoid peak hours or consider an alternative route.
4305.0,4813.217,Medium,High,Avoid peak hours or consider an alternative route.
4215.0,4569.84,Medium,High,Avoid peak hours or consider an alternative route.
4547.0,4677.6777,Medium,High,Avoid peak hours or consider an alternative route.
4684.0,4942.707,High,High,Avoid peak hours or consider an alternative route.
4594.0,4937.7954,High,High,Avoid peak hours or consider an alternative route.
4818.0,5217.503,High,High,Avoid peak hours or consider an alternative route.
5182.0,5620.7266,High,High,Avoid peak hours or consider an alternative route.
5353.0,6002.455,High,High,Avoid peak hours or consider an alternative route.
4822.0,5740.453,High,High,Avoid peak hours or consider an alternative route.
4089.0,4648.236,Medium,Medium,Expect moderate delays and allow extra travel time.
3390.0,3608.1826,Medium,Medium,Expect moderate delays and allow extra travel time.
2966.0,3159.5938,Medium,Medium,Expect moderate delays and allow extra travel time.
2903.0,3103.267,Medium,Medium,Expect moderate delays and allow extra travel time.
2533.0,2836.3867,Medium,Medium,Expect moderate delays and allow extra travel time.
2227.0,2166.2832,Medium,Low,Traffic conditions are favorable.
1233.0,1435.1937,Low,Low,Traffic conditions are favorable.
689.0,798.7631,Low,Low,Traffic conditions are favorable.
604.0,557.9005,Low,Low,Traffic conditions are favorable.
382.0,512.1862,Low,Low,Traffic conditions are favorable.
429.0,419.18143,Low,Low,Traffic conditions are favorable.
769.0,782.3754,Low,Low,Traffic conditions are favorable.
1246.0,1428.588,Low,Low,Traffic conditions are favorable.
1710.0,1937.6031,Low,Low,Traffic conditions are favorable.
2428.0,2646.1433,Medium,Medium,Expect moderate delays and allow extra travel time.
3029.0,3308.7566,Medium,Medium,Expect moderate delays and allow extra travel time.
3386.0,3847.4834,Medium,Medium,Expect moderate delays and allow extra travel time.
4045.0,4107.752,Medium,Medium,Expect moderate delays and allow extra travel time.
4160.0,4487.8843,Medium,Medium,Expect moderate delays and allow extra travel time.
4118.0,4487.8843,Medium,Medium,Expect moderate delays and allow extra travel time.
3992.0,4492.816,Medium,Medium,Expect moderate delays and allow extra travel time.
4022.0,4440.0977,Medium,Medium,Expect moderate delays and allow extra travel time.
4289.0,4397.3013,Medium,Medium,Expect moderate delays and allow extra travel time.
4085.0,4337.833,Medium,Medium,Expect moderate delays and allow extra travel time.
3986.0,4202.2383,Medium,Medium,Expect moderate delays and allow extra travel time.
3416.0,3509.896,Medium,Medium,Expect moderate delays and allow extra travel time.
3191.0,3132.7556,Medium,Medium,Expect moderate delays and allow extra travel time.
3616.0,3007.2854,Medium,Medium,Expect moderate delays and allow extra travel time.
3055.0,2740.7908,Medium,Medium,Expect moderate delays and allow extra travel time.
2246.0,2273.363,Medium,Medium,Expect moderate delays and allow extra travel time.
1423.0,1540.4377,Low,Low,Traffic conditions are favorable.
786.0,883.5746,Low,Low,Traffic conditions are favorable.
693.0,606.3663,Low,Low,Traffic conditions are favorable.
357.0,510.6496,Low,Low,Traffic conditions are favorable.
327.0,370.08652,Low,Low,Traffic conditions are favorable.
476.0,540.13416,Low,Low,Traffic conditions are favorable.
876.0,871.7846,Low,Low,Traffic conditions are favorable.
1084.0,1369.2533,Low,Low,Traffic conditions are favorable.
1920.0,1976.2898,Low,Low,Traffic conditions are favorable.
2584.0,2746.302,Medium,Medium,Expect moderate delays and allow extra travel time.
3236.0,3414.2805,Medium,Medium,Expect moderate delays and allow extra travel time.
3837.0,3814.212,Medium,Medium,Expect moderate delays and allow extra travel time.
4075.0,4214.604,Medium,Medium,Expect moderate delays and allow extra travel time.
4211.0,4214.604,Medium,Medium,Expect moderate delays and allow extra travel time.
4470.0,4224.26,Medium,Medium,Expect moderate delays and allow extra travel time.
4397.0,4214.424,Medium,Medium,Expect moderate delays and allow extra travel time.
4514.0,4192.8896,Medium,Medium,Expect moderate delays and allow extra travel time.
4297.0,4082.5322,Medium,Medium,Expect moderate delays and allow extra travel time.
3953.0,3823.0654,Medium,Medium,Expect moderate delays and allow extra travel time.
3969.0,3331.496,Medium,Medium,Expect moderate delays and allow extra travel time.
3571.0,2941.513,Medium,Medium,Expect moderate delays and allow extra travel time.
2948.0,2574.6948,Medium,Medium,Expect moderate delays and allow extra travel time.
2039.0,2105.3467,Low,Low,Traffic conditions are favorable.
1339.0,1503.858,Low,Low,Traffic conditions are favorable.
676.0,639.29333,Low,Low,Traffic conditions are favorable.
423.0,405.533,Low,Low,Traffic conditions are favorable.
320.0,314.7361,Low,Low,Traffic conditions are favorable.
348.0,329.18793,Low,Low,Traffic conditions are favorable.
348.0,329.18793,Low,Low,Traffic conditions are favorable.
903.0,789.046,Low,Low,Traffic conditions are favorable.
2977.0,2636.3472,Medium,Medium,Expect moderate delays and allow extra travel time.
2977.0,2650.642,Medium,Medium,Expect moderate delays and allow extra travel time.
5679.0,5222.0723,High,High,Avoid peak hours or consider an alternative route.
6178.0,5691.3315,High,High,Avoid peak hours or consider an alternative route.
5656.0,5250.2476,High,High,Avoid peak hours or consider an alternative route.
4586.0,4582.198,High,High,Avoid peak hours or consider an alternative route.
4266.0,4058.7314,Medium,Medium,Expect moderate delays and allow extra travel time.
4448.0,4210.085,Medium,Medium,Expect moderate delays and allow extra travel time.
4689.0,4537.736,High,High,Avoid peak hours or consider an alternative route.
4621.0,4575.471,High,High,Avoid peak hours or consider an alternative route.
4836.0,4879.225,High,High,Avoid peak hours or consider an alternative route.
5429.0,5379.317,High,High,Avoid peak hours or consider an alternative route.
6311.0,6046.9688,High,High,Avoid peak hours or consider an alternative route.
5805.0,5666.811,High,High,Avoid peak hours or consider an alternative route.
3240.0,3146.191,Medium,Medium,Expect moderate delays and allow extra travel time.
2861.0,2631.7295,Medium,Medium,Expect moderate delays and allow extra travel time.
2633.0,2344.3757,Medium,Medium,Expect moderate delays and allow extra travel time.
2071.0,1816.86,Low,Low,Traffic conditions are favorable.
1189.0,1176.4072,Low,Low,Traffic conditions are favorable.
688.0,658.0629,Low,Low,Traffic conditions are favorable.
389.0,421.94647,Low,Low,Traffic conditions are favorable.
295.0,346.80545,Low,Low,Traffic conditions are favorable.
364.0,358.4893,Low,Low,Traffic conditions are favorable.
898.0,827.7155,Low,Low,Traffic conditions are favorable.
3137.0,2905.1475,Medium,Medium,Expect moderate delays and allow extra travel time.
5886.0,5498.184,High,High,Avoid peak hours or consider an alternative route.
5786.0,5616.0757,High,High,Avoid peak hours or consider an alternative route.
4843.0,4989.93,High,High,Avoid peak hours or consider an alternative route.
4442.0,4496.4326,Medium,Medium,Expect moderate delays and allow extra travel time.
4442.0,4498.47,Medium,Medium,Expect moderate delays and allow extra travel time.
4586.0,4625.417,High,High,Avoid peak hours or consider an alternative route.
4865.0,4781.769,High,High,Avoid peak hours or consider an alternative route.
4719.0,4765.8687,High,High,Avoid peak hours or consider an alternative route.
4789.0,5078.8823,High,High,Avoid peak hours or consider an alternative route.
5681.0,5552.4756,High,High,Avoid peak hours or consider an alternative route.
6566.0,6269.426,High,High,Avoid peak hours or consider an alternative route.
6081.0,5789.0654,High,High,Avoid peak hours or consider an alternative route.
4404.0,4531.809,Medium,Medium,Expect moderate delays and allow extra travel time.
3219.0,3341.9453,Medium,Medium,Expect moderate delays and allow extra travel time.
3053.0,2974.23,Medium,Medium,Expect moderate delays and allow extra travel time.
3060.0,2749.426,Medium,Medium,Expect moderate delays and allow extra travel time.
2203.0,2053.2817,Medium,Medium,Expect moderate delays and allow extra travel time.
1311.0,1373.6733,Low,Low,Traffic conditions are favorable.
661.0,678.9984,Low,Low,Traffic conditions are favorable.
401.0,455.54944,Low,Low,Traffic conditions are favorable.
321.0,370.6121,Low,Low,Traffic conditions are favorable.
384.0,390.1115,Low,Low,Traffic conditions are favorable.
948.0,845.41394,Low,Low,Traffic conditions are favorable.
3193.0,2914.0286,Medium,Medium,Expect moderate delays and allow extra travel time.
5179.0,5505.161,High,High,Avoid peak hours or consider an alternative route.
6295.0,5969.477,High,High,Avoid peak hours or consider an alternative route.
5930.0,5561.328,High,High,Avoid peak hours or consider an alternative route.
5025.0,5042.849,High,High,Avoid peak hours or consider an alternative route.
4829.0,4578.0444,High,Medium,Expect moderate delays and allow extra travel time.
5052.0,4703.464,High,High,Avoid peak hours or consider an alternative route.
4974.0,4831.1406,High,High,Avoid peak hours or consider an alternative route.
4779.0,4848.809,High,High,Avoid peak hours or consider an alternative route.
4974.0,5097.3037,High,High,Avoid peak hours or consider an alternative route.
5817.0,5641.822,High,High,Avoid peak hours or consider an alternative route.
6522.0,6359.0137,High,High,Avoid peak hours or consider an alternative route.
5935.0,5823.8433,High,High,Avoid peak hours or consider an alternative route.
4568.0,4637.833,Medium,Medium,Expect moderate delays and allow extra travel time.
3412.0,3484.2744,Medium,Medium,Expect moderate delays and allow extra travel time.
3033.0,3048.641,Medium,Medium,Expect moderate delays and allow extra travel time.
2687.0,2751.098,Medium,Medium,Expect moderate delays and allow extra travel time.
1960.0,2084.3042,Low,Low,Traffic conditions are favorable.
1294.0,1399.1998,Low,Low,Traffic conditions are favorable.
699.0,732.9393,Low,Low,Traffic conditions are favorable.
408.0,454.9393,Low,Low,Traffic conditions are favorable.
296.0,387.7012,Low,Low,Traffic conditions are favorable.
364.0,390.98914,Low,Low,Traffic conditions are favorable.
940.0,837.96405,Low,Low,Traffic conditions are favorable.
3070.0,2917.0547,Medium,Medium,Expect moderate delays and allow extra travel time.
5702.0,5428.7085,High,High,Avoid peak hours or consider an alternative route.
6456.0,5965.079,High,High,Avoid peak hours or consider an alternative route.
5583.0,5605.519,High,High,Avoid peak hours or consider an alternative route.
5583.0,5605.519,High,High,Avoid peak hours or consider an alternative route.
4958.0,4979.3735,High,High,Avoid peak hours or consider an alternative route.
4610.0,4641.474,High,Medium,Expect moderate delays and allow extra travel time.
4848.0,4739.941,High,High,Avoid peak hours or consider an alternative route.
4891.0,4934.689,High,High,Avoid peak hours or consider an alternative route.
5188.0,4956.646,High,High,Avoid peak hours or consider an alternative route.
5139.0,5257.723,High,High,Avoid peak hours or consider an alternative route.
5743.0,5685.424,High,High,Avoid peak hours or consider an alternative route.
6612.0,6366.9546,High,High,Avoid peak hours or consider an alternative route.
5795.0,5787.9297,High,High,Avoid peak hours or consider an alternative route.
3890.0,4629.0806,Medium,Medium,Expect moderate delays and allow extra travel time.
3890.0,4637.5073,Medium,Medium,Expect moderate delays and allow extra travel time.
3890.0,4582.3657,Medium,Medium,Expect moderate delays and allow extra travel time.
3237.0,3507.7197,Medium,Medium,Expect moderate delays and allow extra travel time.
3237.0,3554.4343,Medium,Medium,Expect moderate delays and allow extra travel time.
3237.0,3540.6853,Medium,Medium,Expect moderate delays and allow extra travel time.
2727.0,3107.9524,Medium,Medium,Expect moderate delays and allow extra travel time.
2727.0,3066.4976,Medium,Medium,Expect moderate delays and allow extra travel time.
2727.0,3134.1199,Medium,Medium,Expect moderate delays and allow extra travel time.
2497.0,2964.4004,Medium,Medium,Expect moderate delays and allow extra travel time.
2497.0,3019.658,Medium,Medium,Expect moderate delays and allow extra travel time.
2497.0,2915.8936,Medium,Medium,Expect moderate delays and allow extra travel time.
1870.0,2536.936,Low,Medium,Expect moderate delays and allow extra travel time.
1320.0,1602.3738,Low,Low,Traffic conditions are favorable.
1320.0,1590.1615,Low,Low,Traffic conditions are favorable.
705.0,789.3546,Low,Low,Traffic conditions are favorable.
439.0,510.56366,Low,Low,Traffic conditions are favorable.
350.0,273.2717,Low,Low,Traffic conditions are favorable.
350.0,417.0034,Low,Low,Traffic conditions are favorable.
350.0,398.30872,Low,Low,Traffic conditions are favorable.
373.0,374.51065,Low,Low,Traffic conditions are favorable.
373.0,380.92477,Low,Low,Traffic conditions are favorable.
373.0,367.1417,Low,Low,Traffic conditions are favorable.
888.0,806.23016,Low,Low,Traffic conditions are favorable.
888.0,788.0317,Low,Low,Traffic conditions are favorable.
2917.0,2679.9893,Medium,Medium,Expect moderate delays and allow extra travel time.
2917.0,2643.2673,Medium,Medium,Expect moderate delays and allow extra travel time.
5268.0,5241.5337,High,High,Avoid peak hours or consider an alternative route.
5268.0,5278.2563,High,High,Avoid peak hours or consider an alternative route.
5268.0,5264.0913,High,High,Avoid peak hours or consider an alternative route.
5994.0,5924.221,High,High,Avoid peak hours or consider an alternative route.
5994.0,5901.6636,High,High,Avoid peak hours or consider an alternative route.
5994.0,5934.2993,High,High,Avoid peak hours or consider an alternative route.
5288.0,5487.9595,High,High,Avoid peak hours or consider an alternative route.
5288.0,5556.0103,High,High,Avoid peak hours or consider an alternative route.
5288.0,5523.64,High,High,Avoid peak hours or consider an alternative route.
4543.0,4945.5444,Medium,High,Avoid peak hours or consider an alternative route.
4543.0,4918.599,Medium,High,Avoid peak hours or consider an alternative route.
4392.0,4679.4517,Medium,High,Avoid peak hours or consider an alternative route.
4392.0,4666.403,Medium,High,Avoid peak hours or consider an alternative route.
4392.0,4666.8496,Medium,High,Avoid peak hours or consider an alternative route.
4740.0,4652.9746,High,High,Avoid peak hours or consider an alternative route.
4740.0,4693.372,High,High,Avoid peak hours or consider an alternative route.
5123.0,4918.1816,High,High,Avoid peak hours or consider an alternative route.
5059.0,4987.0938,High,High,Avoid peak hours or consider an alternative route.
5363.0,5195.18,High,High,Avoid peak hours or consider an alternative route.
5914.0,5579.4243,High,High,Avoid peak hours or consider an alternative route.
5257.0,5822.4326,High,High,Avoid peak hours or consider an alternative route.
4664.0,4698.5366,High,High,Avoid peak hours or consider an alternative route.
3664.0,3608.1826,Medium,Medium,Expect moderate delays and allow extra travel time.
3260.0,3182.5413,Medium,Medium,Expect moderate delays and allow extra travel time.
3064.0,3047.6277,Medium,Medium,Expect moderate delays and allow extra travel time.
2835.0,2749.2402,Medium,Medium,Expect moderate delays and allow extra travel time.
1971.0,2188.8428,Low,Low,Traffic conditions are favorable.
1971.0,2150.059,Low,Low,Traffic conditions are favorable.
1971.0,2147.8435,Low,Low,Traffic conditions are favorable.
1233.0,1439.738,Low,Low,Traffic conditions are favorable.
696.0,785.2383,Low,Low,Traffic conditions are favorable.
696.0,787.96954,Low,Low,Traffic conditions are favorable.
696.0,801.1606,Low,Low,Traffic conditions are favorable.
646.0,557.3084,Low,Low,Traffic conditions are favorable.
646.0,558.41974,Low,Low,Traffic conditions are favorable.
437.0,512.70544,Low,Low,Traffic conditions are favorable.
437.0,523.04114,Low,Low,Traffic conditions are favorable.
444.0,426.70532,Low,Low,Traffic conditions are favorable.
444.0,426.70532,Low,Low,Traffic conditions are favorable.
858.0,814.5998,Low,Low,Traffic conditions are favorable.
858.0,814.64246,Low,Low,Traffic conditions are favorable.
1422.0,1427.4774,Low,Low,Traffic conditions are favorable.
1422.0,1435.209,Low,Low,Traffic conditions are favorable.
1991.0,1942.5045,Low,Low,Traffic conditions are favorable.
1991.0,1942.5045,Low,Low,Traffic conditions are favorable.
2714.0,2772.164,Medium,Medium,Expect moderate delays and allow extra travel time.
2714.0,2780.9485,Medium,Medium,Expect moderate delays and allow extra travel time.
3471.0,3296.8027,Medium,Medium,Expect moderate delays and allow extra travel time.
3471.0,3301.7795,Medium,Medium,Expect moderate delays and allow extra travel time.
3718.0,3757.0557,Medium,Medium,Expect moderate delays and allow extra travel time.
4213.0,4107.752,Medium,Medium,Expect moderate delays and allow extra travel time.
4524.0,4472.8486,Medium,Medium,Expect moderate delays and allow extra travel time.
4218.0,4482.943,Medium,Medium,Expect moderate delays and allow extra travel time.
4306.0,4428.2256,Medium,Medium,Expect moderate delays and allow extra travel time.
4317.0,4393.709,Medium,Medium,Expect moderate delays and allow extra travel time.
4354.0,4320.041,Medium,Medium,Expect moderate delays and allow extra travel time.
4109.0,4069.4724,Medium,Medium,Expect moderate delays and allow extra travel time.
3446.0,3499.8018,Medium,Medium,Expect moderate delays and allow extra travel time.
3192.0,3150.6328,Medium,Medium,Expect moderate delays and allow extra travel time.
3272.0,3099.793,Medium,Medium,Expect moderate delays and allow extra travel time.
3074.0,2732.5427,Medium,Medium,Expect moderate delays and allow extra travel time.
2275.0,2270.984,Medium,Medium,Expect moderate delays and allow extra travel time.
1350.0,1545.3442,Low,Low,Traffic conditions are favorable.
826.0,881.93176,Low,Low,Traffic conditions are favorable.
699.0,605.31555,Low,Low,Traffic conditions are favorable.
435.0,510.6496,Low,Low,Traffic conditions are favorable.
366.0,369.03583,Low,Low,Traffic conditions are favorable.
508.0,541.7041,Low,Low,Traffic conditions are favorable.
508.0,540.1768,Low,Low,Traffic conditions are favorable.
933.0,864.05304,Low,Low,Traffic conditions are favorable.
933.0,872.44366,Low,Low,Traffic conditions are favorable.
1195.0,1234.499,Low,Low,Traffic conditions are favorable.
1814.0,1966.4717,Low,Low,Traffic conditions are favorable.
2911.0,2744.9534,Medium,Medium,Expect moderate delays and allow extra travel time.
3310.0,3430.6174,Medium,Medium,Expect moderate delays and allow extra travel time.
3655.0,3786.8328,Medium,Medium,Expect moderate delays and allow extra travel time.
4233.0,4221.106,Medium,Medium,Expect moderate delays and allow extra travel time.
4129.0,4313.12,Medium,Medium,Expect moderate delays and allow extra travel time.
4063.0,4308.2266,Medium,Medium,Expect moderate delays and allow extra travel time.
4438.0,4432.648,Medium,Medium,Expect moderate delays and allow extra travel time.
4321.0,4175.753,Medium,Medium,Expect moderate delays and allow extra travel time.
3836.0,3823.0654,Medium,Medium,Expect moderate delays and allow extra travel time.
3535.0,3385.5376,Medium,Medium,Expect moderate delays and allow extra travel time.
3015.0,3004.9917,Medium,Medium,Expect moderate delays and allow extra travel time.
2671.0,2668.259,Medium,Medium,Expect moderate delays and allow extra travel time.
1244.0,1505.9126,Low,Low,Traffic conditions are favorable.
721.0,636.444,Low,Low,Traffic conditions are favorable.
458.0,403.6022,Low,Low,Traffic conditions are favorable.
297.0,319.10822,Low,Low,Traffic conditions are favorable.
935.0,796.6053,Low,Low,Traffic conditions are favorable.
3048.0,2667.0059,Medium,Medium,Expect moderate delays and allow extra travel time.
5593.0,5290.7227,High,High,Avoid peak hours or consider an alternative route.
5793.0,5728.4937,High,High,Avoid peak hours or consider an alternative route.
5647.0,5251.7417,High,High,Avoid peak hours or consider an alternative route.
4603.0,4589.0156,High,High,Avoid peak hours or consider an alternative route.
4346.0,4134.511,Medium,Medium,Expect moderate delays and allow extra travel time.
4504.0,4277.7627,Medium,Medium,Expect moderate delays and allow extra travel time.
4588.0,4558.26,High,High,Avoid peak hours or consider an alternative route.
4558.0,4585.1743,Medium,High,Avoid peak hours or consider an alternative route.
4794.0,4888.5825,High,High,Avoid peak hours or consider an alternative route.
5558.0,5382.5825,High,High,Avoid peak hours or consider an alternative route.
6269.0,6032.9824,High,High,Avoid peak hours or consider an alternative route.
5708.0,5640.043,High,High,Avoid peak hours or consider an alternative route.
4203.0,4205.6724,Medium,Medium,Expect moderate delays and allow extra travel time.
3277.0,3134.3953,Medium,Medium,Expect moderate delays and allow extra travel time.
2900.0,2630.5273,Medium,Medium,Expect moderate delays and allow extra travel time.
2424.0,2268.605,Medium,Medium,Expect moderate delays and allow extra travel time.
1965.0,1794.9515,Low,Low,Traffic conditions are favorable.
1096.0,1192.7013,Low,Low,Traffic conditions are favorable.
595.0,629.0397,Low,Low,Traffic conditions are favorable.
407.0,422.80157,Low,Low,Traffic conditions are favorable.
274.0,337.71722,Low,Low,Traffic conditions are favorable.
356.0,352.34048,Low,Low,Traffic conditions are favorable.
930.0,818.1573,Low,Low,Traffic conditions are favorable.
3171.0,2905.105,Medium,Medium,Expect moderate delays and allow extra travel time.
5870.0,5501.5967,High,High,Avoid peak hours or consider an alternative route.
6417.0,5941.0195,High,High,Avoid peak hours or consider an alternative route.
5455.0,5489.077,High,High,Avoid peak hours or consider an alternative route.
5030.0,4867.8433,High,High,Avoid peak hours or consider an alternative route.
4346.0,4456.812,Medium,Medium,Expect moderate delays and allow extra travel time.
4540.0,4575.9766,Medium,High,Avoid peak hours or consider an alternative route.
4952.0,4748.16,High,High,Avoid peak hours or consider an alternative route.
4576.0,4746.3823,High,High,Avoid peak hours or consider an alternative route.
5011.0,5045.3267,High,High,Avoid peak hours or consider an alternative route.
5573.0,5550.6978,High,High,Avoid peak hours or consider an alternative route.
6358.0,6268.441,High,High,Avoid peak hours or consider an alternative route.
5698.0,5815.336,High,High,Avoid peak hours or consider an alternative route.
4360.0,4536.1143,Medium,Medium,Expect moderate delays and allow extra travel time.
3337.0,3349.298,Medium,Medium,Expect moderate delays and allow extra travel time.
3113.0,2988.8362,Medium,Medium,Expect moderate delays and allow extra travel time.
2754.0,2716.9614,Medium,Medium,Expect moderate delays and allow extra travel time.
2209.0,2051.5525,Medium,Low,Traffic conditions are favorable.
1242.0,1354.8837,Low,Low,Traffic conditions are favorable.
657.0,675.39154,Low,Low,Traffic conditions are favorable.
410.0,455.68027,Low,Low,Traffic conditions are favorable.
313.0,383.7752,Low,Low,Traffic conditions are favorable.
377.0,397.81888,Low,Low,Traffic conditions are favorable.
894.0,858.5771,Low,Low,Traffic conditions are favorable.
3189.0,2927.192,Medium,Medium,Expect moderate delays and allow extra travel time.
5769.0,5515.2446,High,High,Avoid peak hours or consider an alternative route.
6200.0,6002.7285,High,High,Avoid peak hours or consider an alternative route.
5696.0,5566.3706,High,High,Avoid peak hours or consider an alternative route.
5129.0,4935.1826,High,High,Avoid peak hours or consider an alternative route.
4560.0,4576.007,Medium,Medium,Expect moderate delays and allow extra travel time.
4752.0,4706.832,High,High,Avoid peak hours or consider an alternative route.
4916.0,4837.6426,High,High,Avoid peak hours or consider an alternative route.
4714.0,4828.524,High,High,Avoid peak hours or consider an alternative route.
5138.0,5147.7534,High,High,Avoid peak hours or consider an alternative route.
5677.0,5659.2627,High,High,Avoid peak hours or consider an alternative route.
6606.0,6359.0137,High,High,Avoid peak hours or consider an alternative route.
6084.0,5878.6533,High,High,Avoid peak hours or consider an alternative route.
4941.0,4590.375,High,High,Avoid peak hours or consider an alternative route.
3461.0,3496.6768,Medium,Medium,Expect moderate delays and allow extra travel time.
2949.0,2767.464,Medium,Medium,Expect moderate delays and allow extra travel time.
2200.0,2111.1465,Medium,Low,Traffic conditions are favorable.
1271.0,1406.1553,Low,Low,Traffic conditions are favorable.
697.0,715.0859,Low,Low,Traffic conditions are favorable.
423.0,456.66287,Low,Low,Traffic conditions are favorable.
303.0,398.78152,Low,Low,Traffic conditions are favorable.
369.0,396.1366,Low,Low,Traffic conditions are favorable.
896.0,856.8947,Low,Low,Traffic conditions are favorable.
3110.0,2920.2332,Medium,Medium,Expect moderate delays and allow extra travel time.
5752.0,5524.9697,High,High,Avoid peak hours or consider an alternative route.
6246.0,5980.064,High,High,Avoid peak hours or consider an alternative route.
5702.0,5548.888,High,High,Avoid peak hours or consider an alternative route.
4855.0,5005.4463,High,High,Avoid peak hours or consider an alternative route.
4492.0,4595.236,Medium,High,Avoid peak hours or consider an alternative route.
4492.0,4622.0806,Medium,High,Avoid peak hours or consider an alternative route.
4677.0,4769.8604,High,High,Avoid peak hours or consider an alternative route.
4677.0,4768.27,High,High,Avoid peak hours or consider an alternative route.
4677.0,4767.6455,High,High,Avoid peak hours or consider an alternative route.
4861.0,4945.906,High,High,Avoid peak hours or consider an alternative route.
4861.0,4953.7446,High,High,Avoid peak hours or consider an alternative route.
4734.0,4959.689,High,High,Avoid peak hours or consider an alternative route.
4734.0,4953.7446,High,High,Avoid peak hours or consider an alternative route.
4734.0,4952.167,High,High,Avoid peak hours or consider an alternative route.
5135.0,5250.911,High,High,Avoid peak hours or consider an alternative route.
5704.0,5728.947,High,High,Avoid peak hours or consider an alternative route.
6459.0,6341.4194,High,High,Avoid peak hours or consider an alternative route.
5872.0,5890.495,High,High,Avoid peak hours or consider an alternative route.
5872.0,5903.267,High,High,Avoid peak hours or consider an alternative route.
4497.0,4566.424,Medium,Medium,Expect moderate delays and allow extra travel time.
4497.0,4646.1484,Medium,High,Avoid peak hours or consider an alternative route.
3419.0,3527.4265,Medium,Medium,Expect moderate delays and allow extra travel time.
3419.0,3559.8284,Medium,Medium,Expect moderate delays and allow extra travel time.
2991.0,3114.5317,Medium,Medium,Expect moderate delays and allow extra travel time.
2613.0,3017.7874,Medium,Medium,Expect moderate delays and allow extra travel time.
2282.0,2554.7505,Medium,Medium,Expect moderate delays and allow extra travel time.
2282.0,2526.6882,Medium,Medium,Expect moderate delays and allow extra travel time.
1454.0,1617.9049,Low,Low,Traffic conditions are favorable.
1454.0,1584.5801,Low,Low,Traffic conditions are favorable.
693.0,789.2395,Low,Low,Traffic conditions are favorable.
460.0,491.51657,Low,Low,Traffic conditions are favorable.
360.0,407.21005,Low,Low,Traffic conditions are favorable.
360.0,390.58057,Low,Low,Traffic conditions are favorable.
376.0,412.16473,Low,Low,Traffic conditions are favorable.
376.0,393.47006,Low,Low,Traffic conditions are favorable.
376.0,402.69363,Low,Low,Traffic conditions are favorable.
873.0,818.8895,Low,Low,Traffic conditions are favorable.
873.0,811.6572,Low,Low,Traffic conditions are favorable.
873.0,815.89996,Low,Low,Traffic conditions are favorable.
2822.0,2691.553,Medium,Medium,Expect moderate delays and allow extra travel time.
2822.0,2680.2405,Medium,Medium,Expect moderate delays and allow extra travel time.
2822.0,2694.0234,Medium,Medium,Expect moderate delays and allow extra travel time.
2822.0,2689.9404,Medium,Medium,Expect moderate delays and allow extra travel time.
5266.0,5305.5317,High,High,Avoid peak hours or consider an alternative route.
5266.0,5335.432,High,High,Avoid peak hours or consider an alternative route.
5266.0,5333.001,High,High,Avoid peak hours or consider an alternative route.
5821.0,5906.936,High,High,Avoid peak hours or consider an alternative route.
5821.0,5998.8643,High,High,Avoid peak hours or consider an alternative route.
5821.0,5929.4937,High,High,Avoid peak hours or consider an alternative route.
5339.0,5531.947,High,High,Avoid peak hours or consider an alternative route.
5339.0,5569.1333,High,High,Avoid peak hours or consider an alternative route.
4816.0,4923.4346,High,High,Avoid peak hours or consider an alternative route.
4816.0,4905.8013,High,High,Avoid peak hours or consider an alternative route.
4816.0,4919.5845,High,High,Avoid peak hours or consider an alternative route.
4592.0,4640.081,High,Medium,Expect moderate delays and allow extra travel time.
4592.0,4679.6016,High,High,Avoid peak hours or consider an alternative route.
4592.0,4665.639,High,High,Avoid peak hours or consider an alternative route.
4823.0,4752.9526,High,High,Avoid peak hours or consider an alternative route.
5253.0,5011.924,High,High,Avoid peak hours or consider an alternative route.
5253.0,5010.146,High,High,Avoid peak hours or consider an alternative route.
5169.0,4973.179,High,High,Avoid peak hours or consider an alternative route.
5602.0,5646.5044,High,High,Avoid peak hours or consider an alternative route.
4987.0,5820.655,High,High,Avoid peak hours or consider an alternative route.
4465.0,4619.3022,Medium,Medium,Expect moderate delays and allow extra travel time.
4465.0,4540.864,Medium,Medium,Expect moderate delays and allow extra travel time.
3574.0,3505.0388,Medium,Medium,Expect moderate delays and allow extra travel time.
3124.0,3176.2004,Medium,Medium,Expect moderate delays and allow extra travel time.
3121.0,3050.7302,Medium,Medium,Expect moderate delays and allow extra travel time.
3032.0,2847.4766,Medium,Medium,Expect moderate delays and allow extra travel time.
2030.0,2124.4714,Low,Low,Traffic conditions are favorable.
1235.0,1443.0951,Low,Low,Traffic conditions are favorable.
781.0,806.66425,Low,Low,Traffic conditions are favorable.
648.0,562.9861,Low,Low,Traffic conditions are favorable.
418.0,512.5489,Low,Low,Traffic conditions are favorable.
478.0,416.19183,Low,Low,Traffic conditions are favorable.
1500.0,1428.588,Low,Low,Traffic conditions are favorable.
2236.0,1956.1334,Medium,Low,Traffic conditions are favorable.
3031.0,2651.1858,Medium,Medium,Expect moderate delays and allow extra travel time.
3883.0,3299.921,Medium,Medium,Expect moderate delays and allow extra travel time.
4045.0,3827.0574,Medium,Medium,Expect moderate delays and allow extra travel time.
4418.0,4137.872,Medium,Medium,Expect moderate delays and allow extra travel time.
4505.0,4574.5557,Medium,Medium,Expect moderate delays and allow extra travel time.
4644.0,4576.3335,High,Medium,Expect moderate delays and allow extra travel time.
4796.0,4480.944,High,Medium,Expect moderate delays and allow extra travel time.
4674.0,4537.8486,High,Medium,Expect moderate delays and allow extra travel time.
4788.0,4521.949,High,Medium,Expect moderate delays and allow extra travel time.
4562.0,4419.076,Medium,Medium,Expect moderate delays and allow extra travel time.
4253.0,4096.858,Medium,Medium,Expect moderate delays and allow extra travel time.
3815.0,3493.7214,Medium,Medium,Expect moderate delays and allow extra travel time.
3434.0,3225.0376,Medium,Medium,Expect moderate delays and allow extra travel time.
3435.0,2995.0217,Medium,Medium,Expect moderate delays and allow extra travel time.
3131.0,2739.7317,Medium,Medium,Expect moderate delays and allow extra travel time.
2292.0,2307.866,Medium,Medium,Expect moderate delays and allow extra travel time.
1408.0,1545.3442,Low,Low,Traffic conditions are favorable.
969.0,882.00464,Low,Low,Traffic conditions are favorable.
749.0,602.70593,Low,Low,Traffic conditions are favorable.
344.0,496.008,Low,Low,Traffic conditions are favorable.
525.0,526.27295,Low,Low,Traffic conditions are favorable.
902.0,955.745,Low,Low,Traffic conditions are favorable.
1297.0,1367.946,Low,Low,Traffic conditions are favorable.
2927.0,2875.9277,Medium,Medium,Expect moderate delays and allow extra travel time.
3711.0,3441.8235,Medium,Medium,Expect moderate delays and allow extra travel time.
4021.0,3825.76,Medium,Medium,Expect moderate delays and allow extra travel time.
4250.0,4226.0156,Medium,Medium,Expect moderate delays and allow extra travel time.
4491.0,4202.752,Medium,Medium,Expect moderate delays and allow extra travel time.
4463.0,4226.105,Medium,Medium,Expect moderate delays and allow extra travel time.
4657.0,4272.154,High,Medium,Expect moderate delays and allow extra travel time.
4657.0,4064.0898,High,Medium,Expect moderate delays and allow extra travel time.
4098.0,3825.7615,Medium,Medium,Expect moderate delays and allow extra travel time.
3661.0,3314.161,Medium,Medium,Expect moderate delays and allow extra travel time.
3135.0,2909.5962,Medium,Medium,Expect moderate delays and allow extra travel time.
2803.0,2530.7693,Medium,Medium,Expect moderate delays and allow extra travel time.
2224.0,2022.1737,Medium,Low,Traffic conditions are favorable.
1397.0,1466.9043,Low,Low,Traffic conditions are favorable.
714.0,643.2842,Low,Low,Traffic conditions are favorable.
402.0,399.5664,Low,Low,Traffic conditions are favorable.
354.0,325.25702,Low,Low,Traffic conditions are favorable.
354.0,324.5562,Low,Low,Traffic conditions are favorable.
355.0,340.4586,Low,Low,Traffic conditions are favorable.
355.0,356.69504,Low,Low,Traffic conditions are favorable.
957.0,827.6727,Low,Low,Traffic conditions are favorable.
3008.0,2666.106,Medium,Medium,Expect moderate delays and allow extra travel time.
3008.0,2676.2332,Medium,Medium,Expect moderate delays and allow extra travel time.
6306.0,5825.285,High,High,Avoid peak hours or consider an alternative route.
6306.0,5931.2646,High,High,Avoid peak hours or consider an alternative route.
5522.0,5315.5723,High,High,Avoid peak hours or consider an alternative route.
4735.0,4582.269,High,High,Avoid peak hours or consider an alternative route.
4209.0,4160.484,Medium,Medium,Expect moderate delays and allow extra travel time.
4485.0,4278.048,Medium,Medium,Expect moderate delays and allow extra travel time.
4800.0,4537.736,High,High,Avoid peak hours or consider an alternative route.
4475.0,4580.0913,Medium,High,Avoid peak hours or consider an alternative route.
4677.0,4886.7095,High,High,Avoid peak hours or consider an alternative route.
5413.0,5384.1006,High,High,Avoid peak hours or consider an alternative route.
6317.0,6026.5825,High,High,Avoid peak hours or consider an alternative route.
5701.0,5657.9414,High,High,Avoid peak hours or consider an alternative route.
4293.0,4213.7964,Medium,Medium,Expect moderate delays and allow extra travel time.
2833.0,2639.8264,Medium,Medium,Expect moderate delays and allow extra travel time.
2492.0,2369.1438,Medium,Medium,Expect moderate delays and allow extra travel time.
1690.0,1807.808,Low,Low,Traffic conditions are favorable.
1182.0,1212.4926,Low,Low,Traffic conditions are favorable.
638.0,652.15594,Low,Low,Traffic conditions are favorable.
391.0,416.91473,Low,Low,Traffic conditions are favorable.
297.0,343.6705,Low,Low,Traffic conditions are favorable.
390.0,357.3829,Low,Low,Traffic conditions are favorable.
891.0,823.1997,Low,Low,Traffic conditions are favorable.
3184.0,2906.3323,Medium,Medium,Expect moderate delays and allow extra travel time.
5782.0,5501.5967,High,High,Avoid peak hours or consider an alternative route.
6409.0,5961.4463,High,High,Avoid peak hours or consider an alternative route.
5658.0,5519.221,High,High,Avoid peak hours or consider an alternative route.
4984.0,4884.2397,High,High,Avoid peak hours or consider an alternative route.
4386.0,4451.9053,Medium,Medium,Expect moderate delays and allow extra travel time.
4634.0,4545.8325,High,High,Avoid peak hours or consider an alternative route.
4664.0,4738.678,High,High,Avoid peak hours or consider an alternative route.
4944.0,5035.8447,High,High,Avoid peak hours or consider an alternative route.
5699.0,5550.6978,High,High,Avoid peak hours or consider an alternative route.
6558.0,6264.185,High,High,Avoid peak hours or consider an alternative route.
5636.0,5786.0854,High,High,Avoid peak hours or consider an alternative route.
4430.0,4533.4233,Medium,Medium,Expect moderate delays and allow extra travel time.
3266.0,2996.0674,Medium,Medium,Expect moderate delays and allow extra travel time.
2727.0,2727.013,Medium,Medium,Expect moderate delays and allow extra travel time.
2178.0,2054.484,Low,Low,Traffic conditions are favorable.
1269.0,1373.2778,Low,Low,Traffic conditions are favorable.
664.0,675.81555,Low,Low,Traffic conditions are favorable.
388.0,445.1821,Low,Low,Traffic conditions are favorable.
290.0,380.68625,Low,Low,Traffic conditions are favorable.
372.0,389.69818,Low,Low,Traffic conditions are favorable.
3121.0,2919.071,Medium,Medium,Expect moderate delays and allow extra travel time.
5926.0,5507.6904,High,High,Avoid peak hours or consider an alternative route.
6595.0,5986.956,High,High,Avoid peak hours or consider an alternative route.
5651.0,5662.9033,High,High,Avoid peak hours or consider an alternative route.
4974.0,5036.758,High,High,Avoid peak hours or consider an alternative route.
4974.0,5036.758,High,High,Avoid peak hours or consider an alternative route.
4545.0,4560.6646,Medium,Medium,Expect moderate delays and allow extra travel time.
4799.0,4817.7524,High,High,Avoid peak hours or consider an alternative route.
4860.0,4836.157,High,High,Avoid peak hours or consider an alternative route.
5032.0,5139.4736,High,High,Avoid peak hours or consider an alternative route.
5826.0,5600.2896,High,High,Avoid peak hours or consider an alternative route.
5826.0,5653.113,High,High,Avoid peak hours or consider an alternative route.
6668.0,6311.8154,High,High,Avoid peak hours or consider an alternative route.
6108.0,5773.711,High,High,Avoid peak hours or consider an alternative route.
4459.0,4638.9385,Medium,High,Avoid peak hours or consider an alternative route.
3473.0,3494.899,Medium,Medium,Expect moderate delays and allow extra travel time.
3053.0,3026.7139,Medium,Medium,Expect moderate delays and allow extra travel time.
3072.0,2729.587,Medium,Medium,Expect moderate delays and allow extra travel time.
2422.0,2079.1965,Medium,Low,Traffic conditions are favorable.
1922.0,1369.9468,Low,Low,Traffic conditions are favorable.
750.0,731.52545,Low,Low,Traffic conditions are favorable.
411.0,461.28128,Low,Low,Traffic conditions are favorable.
306.0,391.74307,Low,Low,Traffic conditions are favorable.
409.0,408.8757,Low,Low,Traffic conditions are favorable.
911.0,886.20917,Low,Low,Traffic conditions are favorable.
3147.0,2933.3965,Medium,Medium,Expect moderate delays and allow extra travel time.
5813.0,5552.8667,High,High,Avoid peak hours or consider an alternative route.
6299.0,6001.722,High,High,Avoid peak hours or consider an alternative route.
5866.0,5674.0713,High,High,Avoid peak hours or consider an alternative route.
4925.0,5064.066,High,High,Avoid peak hours or consider an alternative route.
4390.0,4659.5127,Medium,High,Avoid peak hours or consider an alternative route.
4654.0,4800.4795,High,High,Avoid peak hours or consider an alternative route.
4806.0,4985.579,High,High,Avoid peak hours or consider an alternative route.
5029.0,4939.9614,High,High,Avoid peak hours or consider an alternative route.
5264.0,5267.2256,High,High,Avoid peak hours or consider an alternative route.
5264.0,5260.852,High,High,Avoid peak hours or consider an alternative route.
5264.0,5234.0645,High,High,Avoid peak hours or consider an alternative route.
5752.0,5681.5723,High,High,Avoid peak hours or consider an alternative route.
6566.0,6318.1636,High,High,Avoid peak hours or consider an alternative route.
5905.0,5891.6826,High,High,Avoid peak hours or consider an alternative route.
4555.0,4646.597,Medium,High,Avoid peak hours or consider an alternative route.
3707.0,3519.4763,Medium,Medium,Expect moderate delays and allow extra travel time.
3154.0,3155.1228,Medium,Medium,Expect moderate delays and allow extra travel time.
3206.0,2987.7385,Medium,Medium,Expect moderate delays and allow extra travel time.
2959.0,2596.5054,Medium,Medium,Expect moderate delays and allow extra travel time.
1412.0,1604.1879,Low,Low,Traffic conditions are favorable.
774.0,808.86176,Low,Low,Traffic conditions are favorable.
456.0,486.76294,Low,Low,Traffic conditions are favorable.
344.0,402.13705,Low,Low,Traffic conditions are favorable.
390.0,399.70758,Low,Low,Traffic conditions are favorable.
836.0,819.3957,Low,Low,Traffic conditions are favorable.
2945.0,2677.931,Medium,Medium,Expect moderate delays and allow extra travel time.
5353.0,5286.818,High,High,Avoid peak hours or consider an alternative route.
5950.0,5877.35,High,High,Avoid peak hours or consider an alternative route.
5232.0,5463.958,High,High,Avoid peak hours or consider an alternative route.
4674.0,4833.7393,High,High,Avoid peak hours or consider an alternative route.
4571.0,4575.1123,Medium,High,Avoid peak hours or consider an alternative route.
4813.0,4693.809,High,High,Avoid peak hours or consider an alternative route.
5121.0,5008.013,High,High,Avoid peak hours or consider an alternative route.
5228.0,4937.7954,High,High,Avoid peak hours or consider an alternative route.
5400.0,5215.9126,High,High,Avoid peak hours or consider an alternative route.
6254.0,5930.7793,High,High,Avoid peak hours or consider an alternative route.
5160.0,5740.453,High,High,Avoid peak hours or consider an alternative route.
4303.0,4615.5303,Medium,Medium,Expect moderate delays and allow extra travel time.
3506.0,3532.4973,Medium,Medium,Expect moderate delays and allow extra travel time.
3184.0,3160.195,Medium,Medium,Expect moderate delays and allow extra travel time.
3191.0,3030.782,Medium,Medium,Expect moderate delays and allow extra travel time.
3112.0,2825.456,Medium,Medium,Expect moderate delays and allow extra travel time.
2048.0,2114.1936,Low,Low,Traffic conditions are favorable.
1225.0,1452.8658,Low,Low,Traffic conditions are favorable.
871.0,816.4353,Low,Low,Traffic conditions are favorable.
581.0,580.1322,Low,Low,Traffic conditions are favorable.
384.0,533.5175,Low,Low,Traffic conditions are favorable.
451.0,430.91074,Low,Low,Traffic conditions are favorable.
902.0,773.98914,Low,Low,Traffic conditions are favorable.
1530.0,1428.588,Low,Low,Traffic conditions are favorable.
1974.0,1950.3505,Low,Low,Traffic conditions are favorable.
2713.0,2678.4392,Medium,Medium,Expect moderate delays and allow extra travel time.
3457.0,3308.8875,Medium,Medium,Expect moderate delays and allow extra travel time.
3639.0,3827.0574,Medium,Medium,Expect moderate delays and allow extra travel time.
4009.0,4155.0874,Medium,Medium,Expect moderate delays and allow extra travel time.
4158.0,4487.8843,Medium,Medium,Expect moderate delays and allow extra travel time.
3948.0,4436.7227,Medium,Medium,Expect moderate delays and allow extra travel time.
3974.0,4417.2676,Medium,Medium,Expect moderate delays and allow extra travel time.
4007.0,4332.2075,Medium,Medium,Expect moderate delays and allow extra travel time.
3657.0,4200.234,Medium,Medium,Expect moderate delays and allow extra travel time.
3247.0,3519.692,Medium,Medium,Expect moderate delays and allow extra travel time.
2937.0,3104.3518,Medium,Medium,Expect moderate delays and allow extra travel time.
2937.0,3174.7166,Medium,Medium,Expect moderate delays and allow extra travel time.
3001.0,2978.0188,Medium,Medium,Expect moderate delays and allow extra travel time.
3005.0,2701.6956,Medium,Medium,Expect moderate delays and allow extra travel time.
1968.0,2300.0994,Low,Medium,Expect moderate delays and allow extra travel time.
1487.0,1564.5863,Low,Low,Traffic conditions are favorable.
924.0,898.5643,Low,Low,Traffic conditions are favorable.
869.0,623.9656,Low,Low,Traffic conditions are favorable.
546.0,515.25024,Low,Low,Traffic conditions are favorable.
378.0,389.84784,Low,Low,Traffic conditions are favorable.
657.0,559.41895,Low,Low,Traffic conditions are favorable.
1210.0,900.8304,Low,Low,Traffic conditions are favorable.
1286.0,1395.4838,Low,Low,Traffic conditions are favorable.
1286.0,1414.0583,Low,Low,Traffic conditions are favorable.
1866.0,2021.655,Low,Low,Traffic conditions are favorable.
2855.0,2775.8428,Medium,Medium,Expect moderate delays and allow extra travel time.
3500.0,3453.6636,Medium,Medium,Expect moderate delays and allow extra travel time.
3824.0,3790.729,Medium,Medium,Expect moderate delays and allow extra travel time.
4016.0,4206.12,Medium,Medium,Expect moderate delays and allow extra travel time.
4489.0,4183.2095,Medium,Medium,Expect moderate delays and allow extra travel time.
4435.0,4208.0684,Medium,Medium,Expect moderate delays and allow extra travel time.
4412.0,4186.343,Medium,Medium,Expect moderate delays and allow extra travel time.
4412.0,4186.343,Medium,Medium,Expect moderate delays and allow extra travel time.
4485.0,4220.3,Medium,Medium,Expect moderate delays and allow extra travel time.
4485.0,4220.3,Medium,Medium,Expect moderate delays and allow extra travel time.
4485.0,4290.301,Medium,Medium,Expect moderate delays and allow extra travel time.
4146.0,4112.5186,Medium,Medium,Expect moderate delays and allow extra travel time.
4146.0,4112.5186,Medium,Medium,Expect moderate delays and allow extra travel time.
3947.0,3815.8816,Medium,Medium,Expect moderate delays and allow extra travel time.
3604.0,3336.5166,Medium,Medium,Expect moderate delays and allow extra travel time.
3344.0,2855.921,Medium,Medium,Expect moderate delays and allow extra travel time.
2794.0,2546.492,Medium,Medium,Expect moderate delays and allow extra travel time.
2084.0,1995.849,Low,Low,Traffic conditions are favorable.
640.0,641.30634,Low,Low,Traffic conditions are favorable.
384.0,412.32394,Low,Low,Traffic conditions are favorable.
317.0,341.27368,Low,Low,Traffic conditions are favorable.
333.0,348.59772,Low,Low,Traffic conditions are favorable.
915.0,809.11993,Low,Low,Traffic conditions are favorable.
3051.0,2673.1448,Medium,Medium,Expect moderate delays and allow extra travel time.
5560.0,5305.2026,High,High,Avoid peak hours or consider an alternative route.
6313.0,5740.0054,High,High,Avoid peak hours or consider an alternative route.
6313.0,5792.485,High,High,Avoid peak hours or consider an alternative route.
5427.0,5418.215,High,High,Avoid peak hours or consider an alternative route.
4638.0,4553.072,High,High,Avoid peak hours or consider an alternative route.
4233.0,4131.1255,Medium,Medium,Expect moderate delays and allow extra travel time.
4491.0,4279.5405,Medium,Medium,Expect moderate delays and allow extra travel time.
4522.0,4596.472,Medium,High,Avoid peak hours or consider an alternative route.
4625.0,4594.4614,High,High,Avoid peak hours or consider an alternative route.
4808.0,4896.6797,High,High,Avoid peak hours or consider an alternative route.
5483.0,5370.3154,High,High,Avoid peak hours or consider an alternative route.
5632.0,6053.1436,High,High,Avoid peak hours or consider an alternative route.
5590.0,5606.3506,High,High,Avoid peak hours or consider an alternative route.
4288.0,4175.5586,Medium,Medium,Expect moderate delays and allow extra travel time.
3190.0,3104.1765,Medium,Medium,Expect moderate delays and allow extra travel time.
2911.0,2632.3052,Medium,Medium,Expect moderate delays and allow extra travel time.
2431.0,2343.1736,Medium,Medium,Expect moderate delays and allow extra travel time.
1742.0,1786.7576,Low,Low,Traffic conditions are favorable.
1116.0,1170.4277,Low,Low,Traffic conditions are favorable.
625.0,651.7426,Low,Low,Traffic conditions are favorable.
368.0,429.65384,Low,Low,Traffic conditions are favorable.
299.0,349.60123,Low,Low,Traffic conditions are favorable.
352.0,365.5036,Low,Low,Traffic conditions are favorable.
819.0,836.7762,Low,Low,Traffic conditions are favorable.
2764.0,2906.7986,Medium,Medium,Expect moderate delays and allow extra travel time.
4240.0,5504.11,Medium,High,Avoid peak hours or consider an alternative route.
5655.0,5941.0195,High,High,Avoid peak hours or consider an alternative route.
5960.0,5506.9727,High,High,Avoid peak hours or consider an alternative route.
4455.0,4450.557,Medium,Medium,Expect moderate delays and allow extra travel time.
4727.0,4552.3345,High,High,Avoid peak hours or consider an alternative route.
4998.0,4746.958,High,High,Avoid peak hours or consider an alternative route.
4875.0,4738.461,High,High,Avoid peak hours or consider an alternative route.
4922.0,5035.6274,High,High,Avoid peak hours or consider an alternative route.
5722.0,5537.4766,High,High,Avoid peak hours or consider an alternative route.
6357.0,6269.426,High,High,Avoid peak hours or consider an alternative route.
5912.0,5827.4224,High,High,Avoid peak hours or consider an alternative route.
4740.0,4532.221,High,Medium,Expect moderate delays and allow extra travel time.
3288.0,3341.849,Medium,Medium,Expect moderate delays and allow extra travel time.
3076.0,2973.0278,Medium,Medium,Expect moderate delays and allow extra travel time.
2686.0,2725.2095,Medium,Medium,Expect moderate delays and allow extra travel time.
2152.0,2050.0305,Low,Low,Traffic conditions are favorable.
1263.0,1356.25,Low,Low,Traffic conditions are favorable.
662.0,703.3004,Low,Low,Traffic conditions are favorable.
398.0,483.27875,Low,Low,Traffic conditions are favorable.
352.0,422.7064,Low,Low,Traffic conditions are favorable.
409.0,422.10764,Low,Low,Traffic conditions are favorable.
908.0,892.4783,Low,Low,Traffic conditions are favorable.
3063.0,3000.8567,Medium,Medium,Expect moderate delays and allow extra travel time.
5431.0,5661.007,High,High,Avoid peak hours or consider an alternative route.
5431.0,5661.007,High,High,Avoid peak hours or consider an alternative route.
5853.0,6162.6226,High,High,Avoid peak hours or consider an alternative route.
5853.0,6157.137,High,High,Avoid peak hours or consider an alternative route.
5873.0,5773.3735,High,High,Avoid peak hours or consider an alternative route.
5068.0,5166.949,High,High,Avoid peak hours or consider an alternative route.
5068.0,5152.14,High,High,Avoid peak hours or consider an alternative route.
4665.0,4720.449,High,High,Avoid peak hours or consider an alternative route.
4986.0,4875.711,High,High,Avoid peak hours or consider an alternative route.
5141.0,4977.6177,High,High,Avoid peak hours or consider an alternative route.
4874.0,4992.4473,High,High,Avoid peak hours or consider an alternative route.
5044.0,5295.0547,High,High,Avoid peak hours or consider an alternative route.
5655.0,5755.3804,High,High,Avoid peak hours or consider an alternative route.
5655.0,5755.3804,High,High,Avoid peak hours or consider an alternative route.
6455.0,6466.915,High,High,Avoid peak hours or consider an alternative route.
5773.0,6029.6606,High,High,Avoid peak hours or consider an alternative route.
4500.0,4729.959,Medium,High,Avoid peak hours or consider an alternative route.
3389.0,3594.451,Medium,Medium,Expect moderate delays and allow extra travel time.
2992.0,2992.2551,Medium,Medium,Expect moderate delays and allow extra travel time.
2559.0,2774.9905,Medium,Medium,Expect moderate delays and allow extra travel time.
2344.0,2088.3704,Medium,Low,Traffic conditions are favorable.
1320.0,1358.294,Low,Low,Traffic conditions are favorable.
709.0,754.8448,Low,Low,Traffic conditions are favorable.
413.0,488.10544,Low,Low,Traffic conditions are favorable.
324.0,413.78275,Low,Low,Traffic conditions are favorable.
403.0,421.17996,Low,Low,Traffic conditions are favorable.
887.0,892.9701,Low,Low,Traffic conditions are favorable.
3091.0,3013.6357,Medium,Medium,Expect moderate delays and allow extra travel time.
5589.0,5663.4346,High,High,Avoid peak hours or consider an alternative route.
6435.0,6187.405,High,High,Avoid peak hours or consider an alternative route.
5736.0,5794.911,High,High,Avoid peak hours or consider an alternative route.
4976.0,5165.353,High,High,Avoid peak hours or consider an alternative route.
4388.0,4766.2954,Medium,High,Avoid peak hours or consider an alternative route.
4652.0,4914.267,High,High,Avoid peak hours or consider an alternative route.
4977.0,5108.8394,High,High,Avoid peak hours or consider an alternative route.
4931.0,5091.563,High,High,Avoid peak hours or consider an alternative route.
5104.0,5390.612,High,High,Avoid peak hours or consider an alternative route.
5707.0,5868.6475,High,High,Avoid peak hours or consider an alternative route.
6303.0,6496.0786,High,High,Avoid peak hours or consider an alternative route.
5783.0,6001.5103,High,High,Avoid peak hours or consider an alternative route.
4569.0,4788.433,Medium,High,Avoid peak hours or consider an alternative route.
3103.0,3268.656,Medium,Medium,Expect moderate delays and allow extra travel time.
3023.0,3071.992,Medium,Medium,Expect moderate delays and allow extra travel time.
2303.0,2640.5608,Medium,Medium,Expect moderate delays and allow extra travel time.
1379.0,1634.855,Low,Low,Traffic conditions are favorable.
778.0,826.0094,Low,Low,Traffic conditions are favorable.
435.0,519.06287,Low,Low,Traffic conditions are favorable.
371.0,430.0607,Low,Low,Traffic conditions are favorable.
398.0,432.00748,Low,Low,Traffic conditions are favorable.
853.0,863.82544,Low,Low,Traffic conditions are favorable.
2900.0,2776.7925,Medium,Medium,Expect moderate delays and allow extra travel time.
5265.0,5436.624,High,High,Avoid peak hours or consider an alternative route.
5783.0,6105.151,High,High,Avoid peak hours or consider an alternative route.
4384.0,4808.5347,Medium,High,Avoid peak hours or consider an alternative route.
4384.0,4799.477,Medium,High,Avoid peak hours or consider an alternative route.
4820.0,4933.9683,High,High,Avoid peak hours or consider an alternative route.
4820.0,4916.9443,High,High,Avoid peak hours or consider an alternative route.
5073.0,5159.5464,High,High,Avoid peak hours or consider an alternative route.
5067.0,5137.25,High,High,Avoid peak hours or consider an alternative route.
5456.0,5410.4556,High,High,Avoid peak hours or consider an alternative route.
5646.0,5804.437,High,High,Avoid peak hours or consider an alternative route.
5888.0,6239.0234,High,High,Avoid peak hours or consider an alternative route.
5135.0,5930.207,High,High,Avoid peak hours or consider an alternative route.
4753.0,4813.187,High,High,Avoid peak hours or consider an alternative route.
3767.0,3724.081,Medium,Medium,Expect moderate delays and allow extra travel time.
3461.0,3303.8706,Medium,Medium,Expect moderate delays and allow extra travel time.
2632.0,3139.7285,Medium,Medium,Expect moderate delays and allow extra travel time.
2632.0,3124.286,Medium,Medium,Expect moderate delays and allow extra travel time.
2594.0,2846.8552,Medium,Medium,Expect moderate delays and allow extra travel time.
2594.0,2828.6086,Medium,Medium,Expect moderate delays and allow extra travel time.
2594.0,2777.3726,Medium,Medium,Expect moderate delays and allow extra travel time.
1833.0,2242.2366,Low,Low,Traffic conditions are favorable.
1833.0,2234.4807,Low,Low,Traffic conditions are favorable.
1078.0,1453.0732,Low,Low,Traffic conditions are favorable.
1078.0,1461.18,Low,Low,Traffic conditions are favorable.
668.0,833.2699,Low,Low,Traffic conditions are favorable.
668.0,818.60693,Low,Low,Traffic conditions are favorable.
519.0,534.136,Low,Low,Traffic conditions are favorable.
362.0,550.9059,Low,Low,Traffic conditions are favorable.
423.0,464.3931,Low,Low,Traffic conditions are favorable.
850.0,908.9058,Low,Low,Traffic conditions are favorable.
1427.0,1596.6027,Low,Low,Traffic conditions are favorable.
1427.0,1581.6129,Low,Low,Traffic conditions are favorable.
1817.0,2168.7954,Low,Low,Traffic conditions are favorable.
2559.0,2882.2478,Medium,Medium,Expect moderate delays and allow extra travel time.
3477.0,3533.2952,Medium,Medium,Expect moderate delays and allow extra travel time.
3962.0,4066.7375,Medium,Medium,Expect moderate delays and allow extra travel time.
4236.0,4354.636,Medium,Medium,Expect moderate delays and allow extra travel time.
4236.0,4365.1577,Medium,Medium,Expect moderate delays and allow extra travel time.
4263.0,4680.7373,Medium,High,Avoid peak hours or consider an alternative route.
4263.0,4680.7373,Medium,High,Avoid peak hours or consider an alternative route.
4552.0,4685.649,Medium,High,Avoid peak hours or consider an alternative route.
4552.0,4697.178,Medium,High,Avoid peak hours or consider an alternative route.
4552.0,4680.7373,Medium,High,Avoid peak hours or consider an alternative route.
4379.0,4697.1367,Medium,High,Avoid peak hours or consider an alternative route.
4379.0,4683.891,Medium,High,Avoid peak hours or consider an alternative route.
4493.0,4687.425,Medium,High,Avoid peak hours or consider an alternative route.
4300.0,4675.515,Medium,High,Avoid peak hours or consider an alternative route.
4602.0,4560.428,High,Medium,Expect moderate delays and allow extra travel time.
4087.0,4287.0127,Medium,Medium,Expect moderate delays and allow extra travel time.
3237.0,3711.7869,Medium,Medium,Expect moderate delays and allow extra travel time.
2962.0,3302.139,Medium,Medium,Expect moderate delays and allow extra travel time.
2938.0,3150.9553,Medium,Medium,Expect moderate delays and allow extra travel time.
2573.0,2889.0208,Medium,Medium,Expect moderate delays and allow extra travel time.
2015.0,2475.966,Low,Medium,Expect moderate delays and allow extra travel time.
812.0,920.57654,Low,Low,Traffic conditions are favorable.
689.0,656.84015,Low,Low,Traffic conditions are favorable.
396.0,531.5867,Low,Low,Traffic conditions are favorable.
356.0,423.74838,Low,Low,Traffic conditions are favorable.
504.0,644.282,Low,Low,Traffic conditions are favorable.
962.0,1040.3451,Low,Low,Traffic conditions are favorable.
1210.0,1505.049,Low,Low,Traffic conditions are favorable.
1903.0,2244.7275,Low,Low,Traffic conditions are favorable.
3030.0,3016.6438,Medium,Medium,Expect moderate delays and allow extra travel time.
3735.0,3691.2437,Medium,Medium,Expect moderate delays and allow extra travel time.
4072.0,4091.175,Medium,Medium,Expect moderate delays and allow extra travel time.
4454.0,4436.284,Medium,Medium,Expect moderate delays and allow extra travel time.
4507.0,4456.7803,Medium,Medium,Expect moderate delays and allow extra travel time.
4396.0,4457.575,Medium,Medium,Expect moderate delays and allow extra travel time.
4595.0,4460.7925,High,Medium,Expect moderate delays and allow extra travel time.
4875.0,4421.8745,High,Medium,Expect moderate delays and allow extra travel time.
4555.0,4309.1694,Medium,Medium,Expect moderate delays and allow extra travel time.
4229.0,4056.9966,Medium,Medium,Expect moderate delays and allow extra travel time.
3684.0,3522.0046,Medium,Medium,Expect moderate delays and allow extra travel time.
3316.0,3056.3567,Medium,Medium,Expect moderate delays and allow extra travel time.
2735.0,2740.0017,Medium,Medium,Expect moderate delays and allow extra travel time.
2109.0,2170.7605,Low,Low,Traffic conditions are favorable.
1560.0,1648.7439,Low,Low,Traffic conditions are favorable.
703.0,675.4443,Low,Low,Traffic conditions are favorable.
421.0,445.23474,Low,Low,Traffic conditions are favorable.
327.0,371.469,Low,Low,Traffic conditions are favorable.
375.0,373.9924,Low,Low,Traffic conditions are favorable.
375.0,375.54123,Low,Low,Traffic conditions are favorable.
890.0,838.7557,Low,Low,Traffic conditions are favorable.
890.0,838.7372,Low,Low,Traffic conditions are favorable.
3047.0,2755.3137,Medium,Medium,Expect moderate delays and allow extra travel time.
3047.0,2741.099,Medium,Medium,Expect moderate delays and allow extra travel time.
5580.0,5449.963,High,High,Avoid peak hours or consider an alternative route.
5580.0,5405.5825,High,High,Avoid peak hours or consider an alternative route.
6280.0,5919.0146,High,High,Avoid peak hours or consider an alternative route.
5582.0,5527.4087,High,High,Avoid peak hours or consider an alternative route.
5582.0,5489.8535,High,High,Avoid peak hours or consider an alternative route.
4694.0,4771.3765,High,High,Avoid peak hours or consider an alternative route.
4694.0,4827.2686,High,High,Avoid peak hours or consider an alternative route.
4357.0,4379.3184,Medium,Medium,Expect moderate delays and allow extra travel time.
4432.0,4342.6255,Medium,Medium,Expect moderate delays and allow extra travel time.
4606.0,4700.256,High,High,Avoid peak hours or consider an alternative route.
4669.0,4785.0312,High,High,Avoid peak hours or consider an alternative route.
4814.0,5093.185,High,High,Avoid peak hours or consider an alternative route.
5395.0,5571.3745,High,High,Avoid peak hours or consider an alternative route.
6651.0,6189.505,High,High,Avoid peak hours or consider an alternative route.
5590.0,5813.006,High,High,Avoid peak hours or consider an alternative route.
4308.0,4364.766,Medium,Medium,Expect moderate delays and allow extra travel time.
3314.0,3266.7441,Medium,Medium,Expect moderate delays and allow extra travel time.
2330.0,2414.1897,Medium,Medium,Expect moderate delays and allow extra travel time.
1148.0,1250.0497,Low,Low,Traffic conditions are favorable.
606.0,691.02576,Low,Low,Traffic conditions are favorable.
288.0,395.34906,Low,Low,Traffic conditions are favorable.
362.0,404.69382,Low,Low,Traffic conditions are favorable.
912.0,885.03467,Low,Low,Traffic conditions are favorable.
3153.0,3014.1733,Medium,Medium,Expect moderate delays and allow extra travel time.
5814.0,5662.426,High,High,Avoid peak hours or consider an alternative route.
5814.0,5662.4688,High,High,Avoid peak hours or consider an alternative route.
4416.0,4743.6025,Medium,Medium,Expect moderate delays and allow extra travel time.
4515.0,4793.1763,Medium,High,Avoid peak hours or consider an alternative route.
4515.0,4784.5874,Medium,High,Avoid peak hours or consider an alternative route.
4940.0,4963.787,High,High,Avoid peak hours or consider an alternative route.
4940.0,4974.3086,High,High,Avoid peak hours or consider an alternative route.
4726.0,4933.3926,High,High,Avoid peak hours or consider an alternative route.
4726.0,4930.1973,High,High,Avoid peak hours or consider an alternative route.
4726.0,4933.3926,High,High,Avoid peak hours or consider an alternative route.
5040.0,5271.475,High,High,Avoid peak hours or consider an alternative route.
5040.0,5239.7896,High,High,Avoid peak hours or consider an alternative route.
5555.0,5729.0195,High,High,Avoid peak hours or consider an alternative route.
6471.0,6482.1895,High,High,Avoid peak hours or consider an alternative route.
5656.0,6001.3643,High,High,Avoid peak hours or consider an alternative route.
4121.0,4710.129,Medium,High,Avoid peak hours or consider an alternative route.
3272.0,3519.8176,Medium,Medium,Expect moderate delays and allow extra travel time.
2888.0,3094.963,Medium,Medium,Expect moderate delays and allow extra travel time.
2532.0,2819.6445,Medium,Medium,Expect moderate delays and allow extra travel time.
1771.0,2121.0974,Low,Low,Traffic conditions are favorable.
1168.0,1423.9972,Low,Low,Traffic conditions are favorable.
643.0,708.579,Low,Low,Traffic conditions are favorable.
393.0,480.68768,Low,Low,Traffic conditions are favorable.
295.0,402.70828,Low,Low,Traffic conditions are favorable.
295.0,411.82727,Low,Low,Traffic conditions are favorable.
374.0,426.63092,Low,Low,Traffic conditions are favorable.
912.0,904.7864,Low,Low,Traffic conditions are favorable.
912.0,904.1943,Low,Low,Traffic conditions are favorable.
3119.0,3015.3533,Medium,Medium,Expect moderate delays and allow extra travel time.
5730.0,5691.1035,High,High,Avoid peak hours or consider an alternative route.
6430.0,6214.3745,High,High,Avoid peak hours or consider an alternative route.
5864.0,5791.811,High,High,Avoid peak hours or consider an alternative route.
4902.0,5154.2715,High,High,Avoid peak hours or consider an alternative route.
4610.0,4740.2095,High,High,Avoid peak hours or consider an alternative route.
4838.0,4863.132,High,High,Avoid peak hours or consider an alternative route.
5004.0,5000.969,High,High,Avoid peak hours or consider an alternative route.
4741.0,4992.472,High,High,Avoid peak hours or consider an alternative route.
5128.0,5282.3125,High,High,Avoid peak hours or consider an alternative route.
5798.0,5796.7876,High,High,Avoid peak hours or consider an alternative route.
6652.0,6498.3164,High,High,Avoid peak hours or consider an alternative route.
4806.0,4751.217,High,High,Avoid peak hours or consider an alternative route.
3655.0,3595.0352,Medium,Medium,Expect moderate delays and allow extra travel time.
3130.0,3136.7935,Medium,Medium,Expect moderate delays and allow extra travel time.
3267.0,2886.15,Medium,Medium,Expect moderate delays and allow extra travel time.
2711.0,2196.2197,Medium,Medium,Expect moderate delays and allow extra travel time.
1478.0,1476.1998,Low,Low,Traffic conditions are favorable.
482.0,464.99442,Low,Low,Traffic conditions are favorable.
336.0,408.18518,Low,Low,Traffic conditions are favorable.
336.0,395.2732,Low,Low,Traffic conditions are favorable.
379.0,409.74088,Low,Low,Traffic conditions are favorable.
379.0,417.84772,Low,Low,Traffic conditions are favorable.
936.0,884.3298,Low,Low,Traffic conditions are favorable.
936.0,880.75226,Low,Low,Traffic conditions are favorable.
3022.0,3000.3813,Medium,Medium,Expect moderate delays and allow extra travel time.
3022.0,2993.1887,Medium,Medium,Expect moderate delays and allow extra travel time.
5423.0,5656.155,High,High,Avoid peak hours or consider an alternative route.
5423.0,5664.279,High,High,Avoid peak hours or consider an alternative route.
6313.0,6185.993,High,High,Avoid peak hours or consider an alternative route.
6313.0,6193.546,High,High,Avoid peak hours or consider an alternative route.
5908.0,5797.6455,High,High,Avoid peak hours or consider an alternative route.
5908.0,5782.921,High,High,Avoid peak hours or consider an alternative route.
4788.0,5153.6753,High,High,Avoid peak hours or consider an alternative route.
4517.0,4765.579,Medium,High,Avoid peak hours or consider an alternative route.
4675.0,4899.1055,High,High,Avoid peak hours or consider an alternative route.
4927.0,5084.3647,High,High,Avoid peak hours or consider an alternative route.
4990.0,5084.3647,High,High,Avoid peak hours or consider an alternative route.
5155.0,5386.443,High,High,Avoid peak hours or consider an alternative route.
5654.0,5860.755,High,High,Avoid peak hours or consider an alternative route.
6532.0,6487.5815,High,High,Avoid peak hours or consider an alternative route.
5871.0,5977.0347,High,High,Avoid peak hours or consider an alternative route.
4426.0,4792.3354,Medium,High,Avoid peak hours or consider an alternative route.
3530.0,3703.6995,Medium,Medium,Expect moderate delays and allow extra travel time.
3290.0,3294.9397,Medium,Medium,Expect moderate delays and allow extra travel time.
3176.0,3106.9885,Medium,Medium,Expect moderate delays and allow extra travel time.
1406.0,1691.7373,Low,Low,Traffic conditions are favorable.
731.0,819.9231,Low,Low,Traffic conditions are favorable.
471.0,508.065,Low,Low,Traffic conditions are favorable.
374.0,417.23355,Low,Low,Traffic conditions are favorable.
404.0,417.20157,Low,Low,Traffic conditions are favorable.
2854.0,2771.9688,Medium,Medium,Expect moderate delays and allow extra travel time.
2854.0,2768.714,Medium,Medium,Expect moderate delays and allow extra travel time.
5227.0,5442.383,High,High,Avoid peak hours or consider an alternative route.
5950.0,6107.8687,High,High,Avoid peak hours or consider an alternative route.
5211.0,5710.3687,High,High,Avoid peak hours or consider an alternative route.
4584.0,5054.659,High,High,Avoid peak hours or consider an alternative route.
4512.0,4820.405,Medium,High,Avoid peak hours or consider an alternative route.
4796.0,4935.1694,High,High,Avoid peak hours or consider an alternative route.
4941.0,5152.22,High,High,Avoid peak hours or consider an alternative route.
5367.0,5426.0327,High,High,Avoid peak hours or consider an alternative route.
5684.0,5831.034,High,High,Avoid peak hours or consider an alternative route.
5868.0,6145.811,High,High,Avoid peak hours or consider an alternative route.
5309.0,5982.261,High,High,Avoid peak hours or consider an alternative route.
4616.0,4806.9404,High,High,Avoid peak hours or consider an alternative route.
3713.0,3723.9082,Medium,Medium,Expect moderate delays and allow extra travel time.
3344.0,3315.0928,Medium,Medium,Expect moderate delays and allow extra travel time.
3374.0,3173.2378,Medium,Medium,Expect moderate delays and allow extra travel time.
3117.0,2875.176,Medium,Medium,Expect moderate delays and allow extra travel time.
2271.0,2253.142,Medium,Low,Traffic conditions are favorable.
1412.0,1469.1608,Low,Low,Traffic conditions are favorable.
831.0,832.73,Low,Low,Traffic conditions are favorable.
665.0,593.95654,Low,Low,Traffic conditions are favorable.
423.0,549.29297,Low,Low,Traffic conditions are favorable.
423.0,549.8122,Low,Low,Traffic conditions are favorable.
459.0,475.32623,Low,Low,Traffic conditions are favorable.
876.0,880.6872,Low,Low,Traffic conditions are favorable.
876.0,879.6667,Low,Low,Traffic conditions are favorable.
876.0,880.64453,Low,Low,Traffic conditions are favorable.
1560.0,1596.8397,Low,Low,Traffic conditions are favorable.
2004.0,2180.8694,Low,Low,Traffic conditions are favorable.
2004.0,2208.3757,Low,Low,Traffic conditions are favorable.
2806.0,2907.1914,Medium,Medium,Expect moderate delays and allow extra travel time.
3971.0,4067.6113,Medium,Medium,Expect moderate delays and allow extra travel time.
4198.0,4392.0576,Medium,Medium,Expect moderate delays and allow extra travel time.
4310.0,4722.299,Medium,High,Avoid peak hours or consider an alternative route.
4262.0,4715.5796,Medium,Medium,Expect moderate delays and allow extra travel time.
4280.0,4649.5234,Medium,Medium,Expect moderate delays and allow extra travel time.
4188.0,4674.512,Medium,Medium,Expect moderate delays and allow extra travel time.
4305.0,4638.218,Medium,Medium,Expect moderate delays and allow extra travel time.
4134.0,4558.7666,Medium,Medium,Expect moderate delays and allow extra travel time.
3920.0,4310.927,Medium,Medium,Expect moderate delays and allow extra travel time.
3567.0,3710.0303,Medium,Medium,Expect moderate delays and allow extra travel time.
3362.0,3326.4204,Medium,Medium,Expect moderate delays and allow extra travel time.
3378.0,3178.4465,Medium,Medium,Expect moderate delays and allow extra travel time.
2511.0,2388.6926,Medium,Low,Traffic conditions are favorable.
1406.0,1595.726,Low,Low,Traffic conditions are favorable.
868.0,942.1414,Low,Low,Traffic conditions are favorable.
868.0,933.9562,Low,Low,Traffic conditions are favorable.
678.0,656.84015,Low,Low,Traffic conditions are favorable.
392.0,554.8684,Low,Low,Traffic conditions are favorable.
392.0,559.18787,Low,Low,Traffic conditions are favorable.
365.0,422.77057,Low,Low,Traffic conditions are favorable.
365.0,415.05615,Low,Low,Traffic conditions are favorable.
529.0,651.9893,Low,Low,Traffic conditions are favorable.
984.0,1066.4036,Low,Low,Traffic conditions are favorable.
984.0,1043.1406,Low,Low,Traffic conditions are favorable.
1196.0,1522.7377,Low,Low,Traffic conditions are favorable.
1196.0,1535.9795,Low,Low,Traffic conditions are favorable.
1850.0,2238.5303,Low,Low,Traffic conditions are favorable.
1850.0,2233.3918,Low,Low,Traffic conditions are favorable.
2713.0,3007.9126,Medium,Medium,Expect moderate delays and allow extra travel time.
2713.0,3010.0854,Medium,Medium,Expect moderate delays and allow extra travel time.
3534.0,3693.9824,Medium,Medium,Expect moderate delays and allow extra travel time.
3856.0,4091.175,Medium,Medium,Expect moderate delays and allow extra travel time.
4037.0,4459.195,Medium,Medium,Expect moderate delays and allow extra travel time.
4522.0,4459.195,Medium,Medium,Expect moderate delays and allow extra travel time.
4468.0,4464.1265,Medium,Medium,Expect moderate delays and allow extra travel time.
4351.0,4459.0146,Medium,Medium,Expect moderate delays and allow extra travel time.
4466.0,4429.2007,Medium,Medium,Expect moderate delays and allow extra travel time.
4313.0,4290.538,Medium,Medium,Expect moderate delays and allow extra travel time.
4012.0,4025.1006,Medium,Medium,Expect moderate delays and allow extra travel time.
3658.0,3536.4102,Medium,Medium,Expect moderate delays and allow extra travel time.
3151.0,3106.3472,Medium,Medium,Expect moderate delays and allow extra travel time.
2708.0,2658.092,Medium,Medium,Expect moderate delays and allow extra travel time.
1930.0,2156.729,Low,Medium,Expect moderate delays and allow extra travel time.
651.0,662.7768,Low,Low,Traffic conditions are favorable.
434.0,448.79846,Low,Low,Traffic conditions are favorable.
355.0,361.01373,Low,Low,Traffic conditions are favorable.
348.0,388.84036,Low,Low,Traffic conditions are favorable.
924.0,852.4788,Low,Low,Traffic conditions are favorable.
3025.0,2760.9893,Medium,Medium,Expect moderate delays and allow extra travel time.
5546.0,5392.441,High,High,Avoid peak hours or consider an alternative route.
6383.0,5928.85,High,High,Avoid peak hours or consider an alternative route.
5642.0,5510.5654,High,High,Avoid peak hours or consider an alternative route.
4714.0,4949.4995,High,High,Avoid peak hours or consider an alternative route.
4216.0,4396.7705,Medium,Medium,Expect moderate delays and allow extra travel time.
4440.0,4534.868,Medium,Medium,Expect moderate delays and allow extra travel time.
4673.0,4753.575,High,High,Avoid peak hours or consider an alternative route.
4494.0,4802.979,Medium,High,Avoid peak hours or consider an alternative route.
4811.0,5123.4067,High,High,Avoid peak hours or consider an alternative route.
5245.0,5605.766,High,High,Avoid peak hours or consider an alternative route.
6163.0,6260.9116,High,High,Avoid peak hours or consider an alternative route.
5603.0,5846.1953,High,High,Avoid peak hours or consider an alternative route.
4077.0,4379.205,Medium,Medium,Expect moderate delays and allow extra travel time.
3247.0,3316.5962,Medium,Medium,Expect moderate delays and allow extra travel time.
2835.0,2784.6948,Medium,Medium,Expect moderate delays and allow extra travel time.
2615.0,2448.6318,Medium,Medium,Expect moderate delays and allow extra travel time.
1823.0,1906.7375,Low,Low,Traffic conditions are favorable.
571.0,713.0892,Low,Low,Traffic conditions are favorable.
394.0,465.27826,Low,Low,Traffic conditions are favorable.
284.0,380.1223,Low,Low,Traffic conditions are favorable.
340.0,425.08594,Low,Low,Traffic conditions are favorable.
940.0,876.01825,Low,Low,Traffic conditions are favorable.
3184.0,3010.515,Medium,Medium,Expect moderate delays and allow extra travel time.
5702.0,5649.1357,High,High,Avoid peak hours or consider an alternative route.
6573.0,6156.3306,High,High,Avoid peak hours or consider an alternative route.
5841.0,5746.7456,High,High,Avoid peak hours or consider an alternative route.
4766.0,5152.4214,High,High,Avoid peak hours or consider an alternative route.
4478.0,4695.7407,Medium,Medium,Expect moderate delays and allow extra travel time.
4741.0,4817.462,High,High,Avoid peak hours or consider an alternative route.
4996.0,4940.8154,High,High,Avoid peak hours or consider an alternative route.
4832.0,4949.2695,High,High,Avoid peak hours or consider an alternative route.
4985.0,5243.455,High,High,Avoid peak hours or consider an alternative route.
5672.0,5756.742,High,High,Avoid peak hours or consider an alternative route.
6373.0,6442.781,High,High,Avoid peak hours or consider an alternative route.
4525.0,4620.2397,Medium,Medium,Expect moderate delays and allow extra travel time.
3423.0,3513.471,Medium,Medium,Expect moderate delays and allow extra travel time.
3046.0,3081.4104,Medium,Medium,Expect moderate delays and allow extra travel time.
2784.0,2826.2598,Medium,Medium,Expect moderate delays and allow extra travel time.
2287.0,2162.2322,Medium,Low,Traffic conditions are favorable.
2772.0,1431.7876,Medium,Low,Traffic conditions are favorable.
793.0,707.12244,Low,Low,Traffic conditions are favorable.
492.0,476.50613,Low,Low,Traffic conditions are favorable.
335.0,413.5874,Low,Low,Traffic conditions are favorable.
403.0,416.34094,Low,Low,Traffic conditions are favorable.
948.0,886.99176,Low,Low,Traffic conditions are favorable.
3181.0,3019.2764,Medium,Medium,Expect moderate delays and allow extra travel time.
5767.0,5676.681,High,High,Avoid peak hours or consider an alternative route.
6561.0,6170.1455,High,High,Avoid peak hours or consider an alternative route.
5930.0,5783.8296,High,High,Avoid peak hours or consider an alternative route.
4672.0,5192.591,High,High,Avoid peak hours or consider an alternative route.
4638.0,4737.47,High,High,Avoid peak hours or consider an alternative route.
4979.0,4863.132,High,High,Avoid peak hours or consider an alternative route.
5016.0,4991.865,High,High,Avoid peak hours or consider an alternative route.
4968.0,5287.224,High,High,Avoid peak hours or consider an alternative route.
5428.0,5796.7876,High,High,Avoid peak hours or consider an alternative route.
5541.0,6496.5386,High,High,Avoid peak hours or consider an alternative route.
5920.0,5978.3975,High,High,Avoid peak hours or consider an alternative route.
4545.0,4742.183,Medium,High,Avoid peak hours or consider an alternative route.
3358.0,3612.8467,Medium,Medium,Expect moderate delays and allow extra travel time.
3133.0,3157.5205,Medium,Medium,Expect moderate delays and allow extra travel time.
2687.0,2864.2441,Medium,Medium,Expect moderate delays and allow extra travel time.
1742.0,2152.2246,Low,Medium,Expect moderate delays and allow extra travel time.
1051.0,1457.7822,Low,Low,Traffic conditions are favorable.
652.0,750.438,Low,Low,Traffic conditions are favorable.
399.0,469.6861,Low,Low,Traffic conditions are favorable.
300.0,394.26105,Low,Low,Traffic conditions are favorable.
412.0,409.90527,Low,Low,Traffic conditions are favorable.
977.0,883.5869,Low,Low,Traffic conditions are favorable.
3150.0,3000.6594,Medium,Medium,Expect moderate delays and allow extra travel time.
5386.0,5676.2266,High,High,Avoid peak hours or consider an alternative route.
6494.0,6189.406,High,High,Avoid peak hours or consider an alternative route.
5847.0,5779.821,High,High,Avoid peak hours or consider an alternative route.
4976.0,5150.2627,High,High,Avoid peak hours or consider an alternative route.
4466.0,4767.7515,Medium,High,Avoid peak hours or consider an alternative route.
4574.0,4891.7793,High,High,Avoid peak hours or consider an alternative route.
4961.0,5093.4688,High,High,Avoid peak hours or consider an alternative route.
4785.0,5093.4453,High,High,Avoid peak hours or consider an alternative route.
4927.0,5390.612,High,High,Avoid peak hours or consider an alternative route.
5729.0,5819.2446,High,High,Avoid peak hours or consider an alternative route.
6272.0,6446.0713,High,High,Avoid peak hours or consider an alternative route.
5928.0,5966.929,High,High,Avoid peak hours or consider an alternative route.
4580.0,4792.4697,High,High,Avoid peak hours or consider an alternative route.
3725.0,3697.9268,Medium,Medium,Expect moderate delays and allow extra travel time.
3205.0,3274.303,Medium,Medium,Expect moderate delays and allow extra travel time.
3090.0,3089.2925,Medium,Medium,Expect moderate delays and allow extra travel time.
2377.0,2671.654,Medium,Medium,Expect moderate delays and allow extra travel time.
1380.0,1683.645,Low,Low,Traffic conditions are favorable.
809.0,821.8096,Low,Low,Traffic conditions are favorable.
449.0,504.84906,Low,Low,Traffic conditions are favorable.
363.0,415.1444,Low,Low,Traffic conditions are favorable.
408.0,418.64877,Low,Low,Traffic conditions are favorable.
899.0,855.57385,Low,Low,Traffic conditions are favorable.
2821.0,2763.0793,Medium,Medium,Expect moderate delays and allow extra travel time.
5243.0,5455.52,High,High,Avoid peak hours or consider an alternative route.
5994.0,6116.9204,High,High,Avoid peak hours or consider an alternative route.
5994.0,6107.1074,High,High,Avoid peak hours or consider an alternative route.
5406.0,5688.786,High,High,Avoid peak hours or consider an alternative route.
4719.0,5054.659,High,High,Avoid peak hours or consider an alternative route.
4510.0,4817.6904,Medium,High,Avoid peak hours or consider an alternative route.
4948.0,4923.351,High,High,Avoid peak hours or consider an alternative route.
5076.0,5145.373,High,High,Avoid peak hours or consider an alternative route.
5027.0,5152.699,High,High,Avoid peak hours or consider an alternative route.
5289.0,5418.5786,High,High,Avoid peak hours or consider an alternative route.
5581.0,5838.927,High,High,Avoid peak hours or consider an alternative route.
5734.0,6147.589,High,High,Avoid peak hours or consider an alternative route.
5141.0,5944.477,High,High,Avoid peak hours or consider an alternative route.
4536.0,4808.7183,Medium,High,Avoid peak hours or consider an alternative route.
3703.0,3719.359,Medium,Medium,Expect moderate delays and allow extra travel time.
3279.0,3317.472,Medium,Medium,Expect moderate delays and allow extra travel time.
3177.0,3170.8586,Medium,Medium,Expect moderate delays and allow extra travel time.
2903.0,2879.376,Medium,Medium,Expect moderate delays and allow extra travel time.
2126.0,2183.194,Low,Low,Traffic conditions are favorable.
1569.0,1490.492,Low,Low,Traffic conditions are favorable.
806.0,841.3768,Low,Low,Traffic conditions are favorable.
598.0,596.9098,Low,Low,Traffic conditions are favorable.
598.0,600.645,Low,Low,Traffic conditions are favorable.
448.0,554.8546,Low,Low,Traffic conditions are favorable.
448.0,553.7433,Low,Low,Traffic conditions are favorable.
523.0,477.2357,Low,Low,Traffic conditions are favorable.
523.0,472.5541,Low,Low,Traffic conditions are favorable.
940.0,904.4563,Low,Low,Traffic conditions are favorable.
940.0,902.70526,Low,Low,Traffic conditions are favorable.
1648.0,1611.0189,Low,Low,Traffic conditions are favorable.
1648.0,1602.8945,Low,Low,Traffic conditions are favorable.
2229.0,2199.61,Medium,Low,Traffic conditions are favorable.
2229.0,2209.3804,Medium,Low,Traffic conditions are favorable.
2987.0,2912.0156,Medium,Medium,Expect moderate delays and allow extra travel time.
2987.0,2921.6243,Medium,Medium,Expect moderate delays and allow extra travel time.
3922.0,3552.0764,Medium,Medium,Expect moderate delays and allow extra travel time.
3922.0,3569.6208,Medium,Medium,Expect moderate delays and allow extra travel time.
5146.0,4060.293,High,Medium,Expect moderate delays and allow extra travel time.
5146.0,4070.3772,High,Medium,Expect moderate delays and allow extra travel time.
4916.0,4409.3833,High,Medium,Expect moderate delays and allow extra travel time.
4448.0,4724.0767,Medium,High,Avoid peak hours or consider an alternative route.
4438.0,4705.8594,Medium,High,Avoid peak hours or consider an alternative route.
4710.0,4709.013,High,High,Avoid peak hours or consider an alternative route.
4893.0,4651.3564,High,High,Avoid peak hours or consider an alternative route.
4897.0,4635.218,High,Medium,Expect moderate delays and allow extra travel time.
4664.0,4534.467,High,Medium,Expect moderate delays and allow extra travel time.
4157.0,4318.308,Medium,Medium,Expect moderate delays and allow extra travel time.
3543.0,3310.2605,Medium,Medium,Expect moderate delays and allow extra travel time.
3442.0,3182.4111,Medium,Medium,Expect moderate delays and allow extra travel time.
3128.0,2909.5015,Medium,Medium,Expect moderate delays and allow extra travel time.
2044.0,2422.3496,Low,Medium,Expect moderate delays and allow extra travel time.
1346.0,1590.8143,Low,Low,Traffic conditions are favorable.
997.0,933.52924,Low,Low,Traffic conditions are favorable.
726.0,656.3209,Low,Low,Traffic conditions are favorable.
386.0,544.3928,Low,Low,Traffic conditions are favorable.
388.0,422.25134,Low,Low,Traffic conditions are favorable.
552.0,647.75446,Low,Low,Traffic conditions are favorable.
994.0,1048.0522,Low,Low,Traffic conditions are favorable.
1277.0,1502.5267,Low,Low,Traffic conditions are favorable.
1971.0,2233.3918,Low,Low,Traffic conditions are favorable.
2895.0,3017.8596,Medium,Medium,Expect moderate delays and allow extra travel time.
3766.0,3700.1233,Medium,Medium,Expect moderate delays and allow extra travel time.
4384.0,4065.277,Medium,Medium,Expect moderate delays and allow extra travel time.
4624.0,4454.9536,High,Medium,Expect moderate delays and allow extra travel time.
4596.0,4455.9756,High,Medium,Expect moderate delays and allow extra travel time.
4742.0,4458.1074,High,Medium,Expect moderate delays and allow extra travel time.
4779.0,4474.141,High,Medium,Expect moderate delays and allow extra travel time.
4989.0,4451.6987,High,Medium,Expect moderate delays and allow extra travel time.
4287.0,4030.7046,Medium,Medium,Expect moderate delays and allow extra travel time.
3792.0,3540.8792,Medium,Medium,Expect moderate delays and allow extra travel time.
3213.0,3089.7124,Medium,Medium,Expect moderate delays and allow extra travel time.
2682.0,2668.0496,Medium,Medium,Expect moderate delays and allow extra travel time.
1973.0,2170.7021,Low,Medium,Expect moderate delays and allow extra travel time.
2369.0,1629.1189,Medium,Low,Traffic conditions are favorable.
922.0,668.08057,Low,Low,Traffic conditions are favorable.
473.0,443.4941,Low,Low,Traffic conditions are favorable.
346.0,366.16437,Low,Low,Traffic conditions are favorable.
369.0,392.20908,Low,Low,Traffic conditions are favorable.
941.0,886.1505,Low,Low,Traffic conditions are favorable.
3005.0,2732.244,Medium,Medium,Expect moderate delays and allow extra travel time.
3005.0,2732.2256,Medium,Medium,Expect moderate delays and allow extra travel time.
3005.0,2737.227,Medium,Medium,Expect moderate delays and allow extra travel time.
3005.0,2737.227,Medium,Medium,Expect moderate delays and allow extra travel time.
5352.0,5391.994,High,High,Avoid peak hours or consider an alternative route.
6077.0,5954.94,High,High,Avoid peak hours or consider an alternative route.
5349.0,5451.6855,High,High,Avoid peak hours or consider an alternative route.
5349.0,5523.4033,High,High,Avoid peak hours or consider an alternative route.
4777.0,4815.757,High,High,Avoid peak hours or consider an alternative route.
4777.0,4801.065,High,High,Avoid peak hours or consider an alternative route.
4375.0,4347.741,Medium,Medium,Expect moderate delays and allow extra travel time.
4375.0,4367.8066,Medium,Medium,Expect moderate delays and allow extra travel time.
4375.0,4350.6123,Medium,Medium,Expect moderate delays and allow extra travel time.
4375.0,4312.431,Medium,Medium,Expect moderate delays and allow extra travel time.
4532.0,4521.587,Medium,Medium,Expect moderate delays and allow extra travel time.
4532.0,4528.652,Medium,Medium,Expect moderate delays and allow extra travel time.
4842.0,4770.725,High,High,Avoid peak hours or consider an alternative route.
4690.0,4722.543,High,High,Avoid peak hours or consider an alternative route.
5001.0,5011.3564,High,High,Avoid peak hours or consider an alternative route.
5388.0,5565.055,High,High,Avoid peak hours or consider an alternative route.
6423.0,6220.2007,High,High,Avoid peak hours or consider an alternative route.
6423.0,6190.1606,High,High,Avoid peak hours or consider an alternative route.
5848.0,5770.387,High,High,Avoid peak hours or consider an alternative route.
5848.0,5794.3457,High,High,Avoid peak hours or consider an alternative route.
4285.0,4325.6567,Medium,Medium,Expect moderate delays and allow extra travel time.
3231.0,3244.4568,Medium,Medium,Expect moderate delays and allow extra travel time.
3231.0,3182.0637,Medium,Medium,Expect moderate delays and allow extra travel time.
2726.0,2727.3486,Medium,Medium,Expect moderate delays and allow extra travel time.
2726.0,2737.4229,Medium,Medium,Expect moderate delays and allow extra travel time.
2240.0,2318.7805,Medium,Medium,Expect moderate delays and allow extra travel time.
1617.0,1828.8092,Low,Low,Traffic conditions are favorable.
1005.0,1214.135,Low,Low,Traffic conditions are favorable.
659.0,691.8808,Low,Low,Traffic conditions are favorable.
416.0,464.65674,Low,Low,Traffic conditions are favorable.
316.0,399.6183,Low,Low,Traffic conditions are favorable.
996.0,887.4969,Low,Low,Traffic conditions are favorable.
3136.0,3013.5752,Medium,Medium,Expect moderate delays and allow extra travel time.
5701.0,5658.558,High,High,Avoid peak hours or consider an alternative route.
6837.0,6164.513,High,High,Avoid peak hours or consider an alternative route.
6123.0,5775.838,High,High,Avoid peak hours or consider an alternative route.
5053.0,5124.883,High,High,Avoid peak hours or consider an alternative route.
4540.0,4740.217,Medium,Medium,Expect moderate delays and allow extra travel time.
4652.0,4812.866,High,High,Avoid peak hours or consider an alternative route.
4794.0,4974.8843,High,High,Avoid peak hours or consider an alternative route.
4762.0,4964.6084,High,High,Avoid peak hours or consider an alternative route.
4994.0,5253.651,High,High,Avoid peak hours or consider an alternative route.
5660.0,5732.8525,High,High,Avoid peak hours or consider an alternative route.
6229.0,6474.8633,High,High,Avoid peak hours or consider an alternative route.
5875.0,5981.009,High,High,Avoid peak hours or consider an alternative route.
4435.0,4718.822,Medium,High,Avoid peak hours or consider an alternative route.
3410.0,3508.683,Medium,Medium,Expect moderate delays and allow extra travel time.
3003.0,3103.9543,Medium,Medium,Expect moderate delays and allow extra travel time.
2504.0,2803.6982,Medium,Medium,Expect moderate delays and allow extra travel time.
1747.0,2116.3723,Low,Low,Traffic conditions are favorable.
1117.0,1389.4618,Low,Low,Traffic conditions are favorable.
635.0,716.03253,Low,Low,Traffic conditions are favorable.
425.0,488.38437,Low,Low,Traffic conditions are favorable.
279.0,415.03638,Low,Low,Traffic conditions are favorable.
393.0,427.85803,Low,Low,Traffic conditions are favorable.
994.0,903.1403,Low,Low,Traffic conditions are favorable.
3163.0,3027.528,Medium,Medium,Expect moderate delays and allow extra travel time.
5766.0,5700.5806,High,High,Avoid peak hours or consider an alternative route.
6589.0,6226.0005,High,High,Avoid peak hours or consider an alternative route.
6056.0,5808.863,High,High,Avoid peak hours or consider an alternative route.
5116.0,5189.23,High,High,Avoid peak hours or consider an alternative route.
4583.0,4740.5703,High,High,Avoid peak hours or consider an alternative route.
4734.0,4894.068,High,High,Avoid peak hours or consider an alternative route.
5043.0,4999.1914,High,High,Avoid peak hours or consider an alternative route.
5216.0,5289.0317,High,High,Avoid peak hours or consider an alternative route.
5707.0,5803.507,High,High,Avoid peak hours or consider an alternative route.
6470.0,6495.9316,High,High,Avoid peak hours or consider an alternative route.
4446.0,4752.2554,Medium,High,Avoid peak hours or consider an alternative route.
3154.0,3143.9795,Medium,Medium,Expect moderate delays and allow extra travel time.
2627.0,2826.5928,Medium,Medium,Expect moderate delays and allow extra travel time.
1928.0,2139.4548,Low,Low,Traffic conditions are favorable.
1169.0,1399.7655,Low,Low,Traffic conditions are favorable.
596.0,879.51587,Low,Low,Traffic conditions are favorable.
402.0,484.64352,Low,Low,Traffic conditions are favorable.
381.0,421.46783,Low,Low,Traffic conditions are favorable.
976.0,896.75006,Low,Low,Traffic conditions are favorable.
3163.0,3017.5825,Medium,Medium,Expect moderate delays and allow extra travel time.
5860.0,5682.38,High,High,Avoid peak hours or consider an alternative route.
6815.0,6227.39,High,High,Avoid peak hours or consider an alternative route.
6162.0,5821.0186,High,High,Avoid peak hours or consider an alternative route.
5583.0,5178.7085,High,High,Avoid peak hours or consider an alternative route.
4837.0,4770.8516,High,High,Avoid peak hours or consider an alternative route.
5015.0,4891.7793,High,High,Avoid peak hours or consider an alternative route.
5136.0,5095.9956,High,High,Avoid peak hours or consider an alternative route.
5051.0,5100.188,High,High,Avoid peak hours or consider an alternative route.
5312.0,5413.103,High,High,Avoid peak hours or consider an alternative route.
5848.0,5868.6475,High,High,Avoid peak hours or consider an alternative route.
6586.0,6495.474,High,High,Avoid peak hours or consider an alternative route.
5780.0,6002.8257,High,High,Avoid peak hours or consider an alternative route.
4750.0,4794.474,High,High,Avoid peak hours or consider an alternative route.
3519.0,3709.8745,Medium,Medium,Expect moderate delays and allow extra travel time.
2996.0,3239.2424,Medium,Medium,Expect moderate delays and allow extra travel time.
2717.0,3039.2827,Medium,Medium,Expect moderate delays and allow extra travel time.
2107.0,2651.263,Low,Medium,Expect moderate delays and allow extra travel time.
1904.0,1686.6948,Low,Low,Traffic conditions are favorable.
790.0,815.1558,Low,Low,Traffic conditions are favorable.
505.0,517.02844,Low,Low,Traffic conditions are favorable.
505.0,513.48224,Low,Low,Traffic conditions are favorable.
387.0,390.0837,Low,Low,Traffic conditions are favorable.
424.0,373.0401,Low,Low,Traffic conditions are favorable.
424.0,376.37955,Low,Low,Traffic conditions are favorable.
424.0,393.35968,Low,Low,Traffic conditions are favorable.
916.0,833.2773,Low,Low,Traffic conditions are favorable.
916.0,834.0437,Low,Low,Traffic conditions are favorable.
2950.0,2754.48,Medium,Medium,Expect moderate delays and allow extra travel time.
2950.0,2754.48,Medium,Medium,Expect moderate delays and allow extra travel time.
2950.0,2768.8562,Medium,Medium,Expect moderate delays and allow extra travel time.
5259.0,5405.7334,High,High,Avoid peak hours or consider an alternative route.
5259.0,5408.478,High,High,Avoid peak hours or consider an alternative route.
5259.0,5401.943,High,High,Avoid peak hours or consider an alternative route.
6243.0,6033.669,High,High,Avoid peak hours or consider an alternative route.
6243.0,6050.3115,High,High,Avoid peak hours or consider an alternative route.
6243.0,6024.796,High,High,Avoid peak hours or consider an alternative route.
6243.0,6003.8423,High,High,Avoid peak hours or consider an alternative route.
6243.0,6032.903,High,High,Avoid peak hours or consider an alternative route.
5687.0,5611.9717,High,High,Avoid peak hours or consider an alternative route.
5687.0,5651.6914,High,High,Avoid peak hours or consider an alternative route.
5687.0,5641.032,High,High,Avoid peak hours or consider an alternative route.
4971.0,4983.745,High,High,Avoid peak hours or consider an alternative route.
4971.0,4944.0264,High,High,Avoid peak hours or consider an alternative route.
4971.0,4952.8994,High,High,Avoid peak hours or consider an alternative route.
4971.0,4935.9194,High,High,Avoid peak hours or consider an alternative route.
4539.0,4738.9077,Medium,High,Avoid peak hours or consider an alternative route.
4539.0,4698.452,Medium,High,Avoid peak hours or consider an alternative route.
4539.0,4693.892,Medium,High,Avoid peak hours or consider an alternative route.
4391.0,4781.5327,Medium,High,Avoid peak hours or consider an alternative route.
4391.0,4773.426,Medium,High,Avoid peak hours or consider an alternative route.
4391.0,4781.5327,Medium,High,Avoid peak hours or consider an alternative route.
4391.0,4785.3643,Medium,High,Avoid peak hours or consider an alternative route.
4971.0,4925.6846,High,High,Avoid peak hours or consider an alternative route.
4971.0,4962.8384,High,High,Avoid peak hours or consider an alternative route.
5149.0,4866.237,High,High,Avoid peak hours or consider an alternative route.
5149.0,4976.9966,High,High,Avoid peak hours or consider an alternative route.
5149.0,4985.1035,High,High,Avoid peak hours or consider an alternative route.
5149.0,4984.9424,High,High,Avoid peak hours or consider an alternative route.
5499.0,5242.164,High,High,Avoid peak hours or consider an alternative route.
5499.0,5284.982,High,High,Avoid peak hours or consider an alternative route.
5499.0,5284.216,High,High,Avoid peak hours or consider an alternative route.
5879.0,5802.8765,High,High,Avoid peak hours or consider an alternative route.
6088.0,6035.0063,High,High,Avoid peak hours or consider an alternative route.
6088.0,6126.534,High,High,Avoid peak hours or consider an alternative route.
6088.0,5930.241,High,High,Avoid peak hours or consider an alternative route.
5750.0,5745.389,High,High,Avoid peak hours or consider an alternative route.
5750.0,5692.444,High,High,Avoid peak hours or consider an alternative route.
5750.0,5787.282,High,High,Avoid peak hours or consider an alternative route.
4755.0,4548.266,High,High,Avoid peak hours or consider an alternative route.
4755.0,4567.115,High,High,Avoid peak hours or consider an alternative route.
4755.0,4551.606,High,Medium,Expect moderate delays and allow extra travel time.
3467.0,3635.8098,Medium,Medium,Expect moderate delays and allow extra travel time.
3076.0,3237.9773,Medium,Medium,Expect moderate delays and allow extra travel time.
3164.0,3024.9128,Medium,Medium,Expect moderate delays and allow extra travel time.
2435.0,2739.7427,Medium,Medium,Expect moderate delays and allow extra travel time.
1860.0,2231.551,Low,Low,Traffic conditions are favorable.
1089.0,1401.8594,Low,Low,Traffic conditions are favorable.
1089.0,1419.3015,Low,Low,Traffic conditions are favorable.
725.0,799.51587,Low,Low,Traffic conditions are favorable.
725.0,792.19183,Low,Low,Traffic conditions are favorable.
495.0,562.81177,Low,Low,Traffic conditions are favorable.
495.0,571.8344,Low,Low,Traffic conditions are favorable.
495.0,476.8256,Low,Low,Traffic conditions are favorable.
366.0,504.74573,Low,Low,Traffic conditions are favorable.
366.0,517.86096,Low,Low,Traffic conditions are favorable.
500.0,451.7848,Low,Low,Traffic conditions are favorable.
500.0,424.28217,Low,Low,Traffic conditions are favorable.
875.0,874.1296,Low,Low,Traffic conditions are favorable.
875.0,879.71063,Low,Low,Traffic conditions are favorable.
1837.0,1568.5544,Low,Low,Traffic conditions are favorable.
1837.0,1584.5322,Low,Low,Traffic conditions are favorable.
2672.0,2156.404,Medium,Low,Traffic conditions are favorable.
2672.0,2154.408,Medium,Low,Traffic conditions are favorable.
2672.0,2037.8818,Medium,Low,Traffic conditions are favorable.
3503.0,2876.3394,Medium,Medium,Expect moderate delays and allow extra travel time.
3503.0,2878.1038,Medium,Medium,Expect moderate delays and allow extra travel time.
3503.0,2794.024,Medium,Medium,Expect moderate delays and allow extra travel time.
4100.0,3463.0195,Medium,Medium,Expect moderate delays and allow extra travel time.
4100.0,3377.533,Medium,Medium,Expect moderate delays and allow extra travel time.
4100.0,3538.5679,Medium,Medium,Expect moderate delays and allow extra travel time.
4509.0,3947.4944,Medium,Medium,Expect moderate delays and allow extra travel time.
4647.0,4299.766,High,Medium,Expect moderate delays and allow extra travel time.
4647.0,4255.777,High,Medium,Expect moderate delays and allow extra travel time.
4846.0,4596.3184,High,High,Avoid peak hours or consider an alternative route.
4585.0,4631.5005,High,Medium,Expect moderate delays and allow extra travel time.
4696.0,4509.892,High,High,Avoid peak hours or consider an alternative route.
4677.0,4608.503,High,High,Avoid peak hours or consider an alternative route.
4541.0,4228.228,Medium,Medium,Expect moderate delays and allow extra travel time.
3914.0,3931.765,Medium,Medium,Expect moderate delays and allow extra travel time.
3371.0,3331.231,Medium,Medium,Expect moderate delays and allow extra travel time.
3071.0,3291.446,Medium,Medium,Expect moderate delays and allow extra travel time.
3156.0,3052.2383,Medium,Medium,Expect moderate delays and allow extra travel time.
3156.0,3078.2568,Medium,Medium,Expect moderate delays and allow extra travel time.
2713.0,2739.7642,Medium,Medium,Expect moderate delays and allow extra travel time.
2713.0,2760.1104,Medium,Medium,Expect moderate delays and allow extra travel time.
2713.0,2668.7651,Medium,Medium,Expect moderate delays and allow extra travel time.
2134.0,2373.259,Low,Medium,Expect moderate delays and allow extra travel time.
2134.0,2314.5576,Low,Medium,Expect moderate delays and allow extra travel time.
1375.0,1520.5963,Low,Low,Traffic conditions are favorable.
1375.0,1564.6736,Low,Low,Traffic conditions are favorable.
855.0,912.5962,Low,Low,Traffic conditions are favorable.
855.0,932.77325,Low,Low,Traffic conditions are favorable.
855.0,913.7285,Low,Low,Traffic conditions are favorable.
614.0,614.03735,Low,Low,Traffic conditions are favorable.
614.0,625.69543,Low,Low,Traffic conditions are favorable.
614.0,519.8717,Low,Low,Traffic conditions are favorable.
382.0,508.96255,Low,Low,Traffic conditions are favorable.
382.0,450.1063,Low,Low,Traffic conditions are favorable.
325.0,386.1821,Low,Low,Traffic conditions are favorable.
551.0,616.1957,Low,Low,Traffic conditions are favorable.
551.0,644.28094,Low,Low,Traffic conditions are favorable.
1106.0,1001.43634,Low,Low,Traffic conditions are favorable.
1106.0,1011.45074,Low,Low,Traffic conditions are favorable.
1106.0,999.9836,Low,Low,Traffic conditions are favorable.
1657.0,1402.9526,Low,Low,Traffic conditions are favorable.
1657.0,1433.0469,Low,Low,Traffic conditions are favorable.
1657.0,1441.1537,Low,Low,Traffic conditions are favorable.
2467.0,2198.0815,Medium,Low,Traffic conditions are favorable.
2467.0,2211.7336,Medium,Low,Traffic conditions are favorable.
3408.0,2961.5957,Medium,Medium,Expect moderate delays and allow extra travel time.
4017.0,3446.75,Medium,Medium,Expect moderate delays and allow extra travel time.
4394.0,3837.9417,Medium,Medium,Expect moderate delays and allow extra travel time.
4638.0,4156.44,High,Medium,Expect moderate delays and allow extra travel time.
4494.0,4095.935,Medium,Medium,Expect moderate delays and allow extra travel time.
4494.0,4148.6074,Medium,Medium,Expect moderate delays and allow extra travel time.
4494.0,4370.3926,Medium,Medium,Expect moderate delays and allow extra travel time.
4565.0,4136.558,Medium,Medium,Expect moderate delays and allow extra travel time.
4565.0,3568.2385,Medium,Medium,Expect moderate delays and allow extra travel time.
4289.0,4254.57,Medium,Medium,Expect moderate delays and allow extra travel time.
4289.0,4201.8975,Medium,Medium,Expect moderate delays and allow extra travel time.
4259.0,4100.7974,Medium,Medium,Expect moderate delays and allow extra travel time.
3998.0,3980.292,Medium,Medium,Expect moderate delays and allow extra travel time.
3998.0,3963.8503,Medium,Medium,Expect moderate delays and allow extra travel time.
3688.0,3660.3113,Medium,Medium,Expect moderate delays and allow extra travel time.
3165.0,3398.638,Medium,Medium,Expect moderate delays and allow extra travel time.
2840.0,2803.4236,Medium,Medium,Expect moderate delays and allow extra travel time.
2330.0,2417.9275,Medium,Medium,Expect moderate delays and allow extra travel time.
1913.0,1829.735,Low,Low,Traffic conditions are favorable.
666.0,608.96173,Low,Low,Traffic conditions are favorable.
337.0,405.82098,Low,Low,Traffic conditions are favorable.
337.0,418.87723,Low,Low,Traffic conditions are favorable.
292.0,164.55595,Low,Low,Traffic conditions are favorable.
292.0,326.72263,Low,Low,Traffic conditions are favorable.
358.0,345.53052,Low,Low,Traffic conditions are favorable.
933.0,799.3882,Low,Low,Traffic conditions are favorable.
3129.0,2712.2773,Medium,Medium,Expect moderate delays and allow extra travel time.
5575.0,5406.188,High,High,Avoid peak hours or consider an alternative route.
6493.0,5830.185,High,High,Avoid peak hours or consider an alternative route.
6125.0,5397.2197,High,High,Avoid peak hours or consider an alternative route.
5094.0,4722.492,High,High,Avoid peak hours or consider an alternative route.
4672.0,4282.8774,High,Medium,Expect moderate delays and allow extra travel time.
4775.0,4451.2075,High,Medium,Expect moderate delays and allow extra travel time.
4880.0,4577.5205,High,High,Avoid peak hours or consider an alternative route.
4890.0,4581.9634,High,High,Avoid peak hours or consider an alternative route.
5048.0,4852.015,High,High,Avoid peak hours or consider an alternative route.
5661.0,5407.6865,High,High,Avoid peak hours or consider an alternative route.
6535.0,6054.725,High,High,Avoid peak hours or consider an alternative route.
5298.0,5659.0713,High,High,Avoid peak hours or consider an alternative route.
3629.0,4055.5405,Medium,Medium,Expect moderate delays and allow extra travel time.
3629.0,4102.2554,Medium,Medium,Expect moderate delays and allow extra travel time.
3629.0,4314.1006,Medium,Medium,Expect moderate delays and allow extra travel time.
2922.0,3078.9219,Medium,Medium,Expect moderate delays and allow extra travel time.
2922.0,3067.6265,Medium,Medium,Expect moderate delays and allow extra travel time.
2536.0,2645.0847,Medium,Medium,Expect moderate delays and allow extra travel time.
2139.0,2313.9597,Low,Medium,Expect moderate delays and allow extra travel time.
1503.0,1764.7554,Low,Low,Traffic conditions are favorable.
1014.0,1176.896,Low,Low,Traffic conditions are favorable.
576.0,603.8865,Low,Low,Traffic conditions are favorable.
364.0,423.8789,Low,Low,Traffic conditions are favorable.
364.0,427.06775,Low,Low,Traffic conditions are favorable.
234.0,358.50528,Low,Low,Traffic conditions are favorable.
367.0,323.4845,Low,Low,Traffic conditions are favorable.
367.0,333.28476,Low,Low,Traffic conditions are favorable.
986.0,842.91656,Low,Low,Traffic conditions are favorable.
986.0,846.256,Low,Low,Traffic conditions are favorable.
3161.0,2936.4734,Medium,Medium,Expect moderate delays and allow extra travel time.
3161.0,2950.587,Medium,Medium,Expect moderate delays and allow extra travel time.
3161.0,2939.8127,Medium,Medium,Expect moderate delays and allow extra travel time.
5611.0,5451.376,High,High,Avoid peak hours or consider an alternative route.
5611.0,5461.177,High,High,Avoid peak hours or consider an alternative route.
6147.0,6093.825,High,High,Avoid peak hours or consider an alternative route.
6147.0,6067.954,High,High,Avoid peak hours or consider an alternative route.
5692.0,5738.883,High,High,Avoid peak hours or consider an alternative route.
5692.0,5781.372,High,High,Avoid peak hours or consider an alternative route.
5692.0,5774.8594,High,High,Avoid peak hours or consider an alternative route.
5153.0,5044.157,High,High,Avoid peak hours or consider an alternative route.
5153.0,5074.0215,High,High,Avoid peak hours or consider an alternative route.
5153.0,5074.0215,High,High,Avoid peak hours or consider an alternative route.
4624.0,4693.6943,High,Medium,Expect moderate delays and allow extra travel time.
4624.0,4693.5923,High,Medium,Expect moderate delays and allow extra travel time.
4624.0,4676.024,High,Medium,Expect moderate delays and allow extra travel time.
4678.0,4790.2676,High,High,Avoid peak hours or consider an alternative route.
4678.0,4787.045,High,High,Avoid peak hours or consider an alternative route.
4678.0,4805.75,High,High,Avoid peak hours or consider an alternative route.
4954.0,4934.278,High,High,Avoid peak hours or consider an alternative route.
4954.0,4944.651,High,High,Avoid peak hours or consider an alternative route.
5032.0,4921.6997,High,High,Avoid peak hours or consider an alternative route.
5032.0,4948.4785,High,High,Avoid peak hours or consider an alternative route.
5273.0,5224.8203,High,High,Avoid peak hours or consider an alternative route.
5865.0,5713.014,High,High,Avoid peak hours or consider an alternative route.
6657.0,6430.837,High,High,Avoid peak hours or consider an alternative route.
5716.0,5964.9346,High,High,Avoid peak hours or consider an alternative route.
4363.0,4597.7285,Medium,Medium,Expect moderate delays and allow extra travel time.
3406.0,3401.264,Medium,Medium,Expect moderate delays and allow extra travel time.
3406.0,3482.6233,Medium,Medium,Expect moderate delays and allow extra travel time.
2896.0,2944.681,Medium,Medium,Expect moderate delays and allow extra travel time.
2576.0,2667.9233,Medium,Medium,Expect moderate delays and allow extra travel time.
1733.0,2016.3507,Low,Low,Traffic conditions are favorable.
1153.0,1306.6006,Low,Low,Traffic conditions are favorable.
623.0,690.4328,Low,Low,Traffic conditions are favorable.
335.0,470.31207,Low,Low,Traffic conditions are favorable.
299.0,388.35794,Low,Low,Traffic conditions are favorable.
372.0,395.3908,Low,Low,Traffic conditions are favorable.
372.0,367.5466,Low,Low,Traffic conditions are favorable.
981.0,886.6052,Low,Low,Traffic conditions are favorable.
3103.0,2947.3096,Medium,Medium,Expect moderate delays and allow extra travel time.
5902.0,5672.0015,High,High,Avoid peak hours or consider an alternative route.
5902.0,5667.972,High,High,Avoid peak hours or consider an alternative route.
6775.0,6186.6304,High,High,Avoid peak hours or consider an alternative route.
6775.0,6199.4346,High,High,Avoid peak hours or consider an alternative route.
6164.0,5790.2705,High,High,Avoid peak hours or consider an alternative route.
6164.0,5783.058,High,High,Avoid peak hours or consider an alternative route.
5421.0,5166.5513,High,High,Avoid peak hours or consider an alternative route.
4871.0,4731.215,High,High,Avoid peak hours or consider an alternative route.
4969.0,4901.409,High,High,Avoid peak hours or consider an alternative route.
5134.0,4983.005,High,High,Avoid peak hours or consider an alternative route.
4999.0,5001.939,High,High,Avoid peak hours or consider an alternative route.
5349.0,5301.959,High,High,Avoid peak hours or consider an alternative route.
5814.0,5796.386,High,High,Avoid peak hours or consider an alternative route.
6578.0,6506.315,High,High,Avoid peak hours or consider an alternative route.
5860.0,5894.708,High,High,Avoid peak hours or consider an alternative route.
4554.0,4694.037,Medium,High,Avoid peak hours or consider an alternative route.
3487.0,3547.18,Medium,Medium,Expect moderate delays and allow extra travel time.
3205.0,3100.3838,Medium,Medium,Expect moderate delays and allow extra travel time.
2800.0,2802.6826,Medium,Medium,Expect moderate delays and allow extra travel time.
1272.0,1358.0676,Low,Low,Traffic conditions are favorable.
670.0,727.0627,Low,Low,Traffic conditions are favorable.
326.0,378.79526,Low,Low,Traffic conditions are favorable.
388.0,412.98126,Low,Low,Traffic conditions are favorable.
388.0,410.0989,Low,Low,Traffic conditions are favorable.
1008.0,871.57434,Low,Low,Traffic conditions are favorable.
1008.0,881.66327,Low,Low,Traffic conditions are favorable.
3070.0,2942.3108,Medium,Medium,Expect moderate delays and allow extra travel time.
6466.0,6170.596,High,High,Avoid peak hours or consider an alternative route.
6466.0,6183.672,High,High,Avoid peak hours or consider an alternative route.
5995.0,5769.784,High,High,Avoid peak hours or consider an alternative route.
5467.0,5146.6045,High,High,Avoid peak hours or consider an alternative route.
4911.0,4770.156,High,High,Avoid peak hours or consider an alternative route.
5095.0,4888.2817,High,High,Avoid peak hours or consider an alternative route.
5308.0,5077.2256,High,High,Avoid peak hours or consider an alternative route.
5213.0,5076.114,High,High,Avoid peak hours or consider an alternative route.
5680.0,5333.5854,High,High,Avoid peak hours or consider an alternative route.
6238.0,5772.945,High,High,Avoid peak hours or consider an alternative route.
6453.0,6415.71,High,High,Avoid peak hours or consider an alternative route.
5775.0,5916.836,High,High,Avoid peak hours or consider an alternative route.
4531.0,4736.2856,Medium,High,Avoid peak hours or consider an alternative route.
3884.0,3599.5574,Medium,Medium,Expect moderate delays and allow extra travel time.
3332.0,2709.1409,Medium,Medium,Expect moderate delays and allow extra travel time.
3049.0,2510.34,Medium,Medium,Expect moderate delays and allow extra travel time.
2221.0,2574.716,Medium,Medium,Expect moderate delays and allow extra travel time.
764.0,802.91705,Low,Low,Traffic conditions are favorable.
456.0,505.84775,Low,Low,Traffic conditions are favorable.
358.0,412.3166,Low,Low,Traffic conditions are favorable.
358.0,416.58563,Low,Low,Traffic conditions are favorable.
378.0,387.50842,Low,Low,Traffic conditions are favorable.
378.0,390.84787,Low,Low,Traffic conditions are favorable.
851.0,834.0437,Low,Low,Traffic conditions are favorable.
851.0,842.1506,Low,Low,Traffic conditions are favorable.
851.0,834.0437,Low,Low,Traffic conditions are favorable.
2754.0,2769.1343,Medium,Medium,Expect moderate delays and allow extra travel time.
2754.0,2735.4058,Medium,Medium,Expect moderate delays and allow extra travel time.
5200.0,5421.4727,High,High,Avoid peak hours or consider an alternative route.
6270.0,6098.591,High,High,Avoid peak hours or consider an alternative route.
5687.0,5669.7876,High,High,Avoid peak hours or consider an alternative route.
5687.0,5654.8174,High,High,Avoid peak hours or consider an alternative route.
5328.0,5031.6084,High,High,Avoid peak hours or consider an alternative route.
5102.0,4779.2534,High,High,Avoid peak hours or consider an alternative route.
5359.0,4253.935,High,High,Avoid peak hours or consider an alternative route.
5587.0,5152.699,High,High,Avoid peak hours or consider an alternative route.
5400.0,5125.9497,High,High,Avoid peak hours or consider an alternative route.
5400.0,4936.684,High,High,Avoid peak hours or consider an alternative route.
5705.0,5216.497,High,High,Avoid peak hours or consider an alternative route.
5998.0,5594.3203,High,High,Avoid peak hours or consider an alternative route.
5925.0,6156.384,High,High,Avoid peak hours or consider an alternative route.
5418.0,5899.8457,High,High,Avoid peak hours or consider an alternative route.
4935.0,4583.469,High,High,Avoid peak hours or consider an alternative route.
3945.0,3504.8896,Medium,Medium,Expect moderate delays and allow extra travel time.
3945.0,3656.1033,Medium,Medium,Expect moderate delays and allow extra travel time.
3233.0,3288.4836,Medium,Medium,Expect moderate delays and allow extra travel time.
2910.0,3117.5383,Medium,Medium,Expect moderate delays and allow extra travel time.
2830.0,2822.3433,Medium,Medium,Expect moderate delays and allow extra travel time.
2147.0,2189.4214,Low,Low,Traffic conditions are favorable.
1335.0,974.94086,Low,Low,Traffic conditions are favorable.
785.0,353.19232,Low,Low,Traffic conditions are favorable.
569.0,106.53869,Low,Low,Traffic conditions are favorable.
425.0,341.91016,Low,Low,Traffic conditions are favorable.
419.0,395.93472,Low,Low,Traffic conditions are favorable.
741.0,845.39905,Low,Low,Traffic conditions are favorable.
1529.0,1573.0118,Low,Low,Traffic conditions are favorable.
2477.0,2151.2014,Medium,Low,Traffic conditions are favorable.
2477.0,2140.9302,Medium,Low,Traffic conditions are favorable.
3476.0,2867.0427,Medium,Medium,Expect moderate delays and allow extra travel time.
3476.0,2888.6672,Medium,Medium,Expect moderate delays and allow extra travel time.
4212.0,3567.354,Medium,Medium,Expect moderate delays and allow extra travel time.
4578.0,3571.266,High,Medium,Expect moderate delays and allow extra travel time.
4578.0,3579.5723,High,Medium,Expect moderate delays and allow extra travel time.
4897.0,3911.08,High,Medium,Expect moderate delays and allow extra travel time.
4854.0,4256.8975,High,High,Avoid peak hours or consider an alternative route.
4972.0,4246.803,High,High,Avoid peak hours or consider an alternative route.
5056.0,4241.157,High,High,Avoid peak hours or consider an alternative route.
5056.0,4265.2314,High,High,Avoid peak hours or consider an alternative route.
4719.0,4203.409,High,High,Avoid peak hours or consider an alternative route.
4649.0,3763.0151,High,High,Avoid peak hours or consider an alternative route.
4622.0,4535.049,High,Medium,Expect moderate delays and allow extra travel time.
4261.0,3825.412,Medium,Medium,Expect moderate delays and allow extra travel time.
3518.0,3219.5356,Medium,Medium,Expect moderate delays and allow extra travel time.
3196.0,3171.4705,Medium,Medium,Expect moderate delays and allow extra travel time.
2880.0,2688.0542,Medium,Medium,Expect moderate delays and allow extra travel time.
2815.0,2442.686,Medium,Medium,Expect moderate delays and allow extra travel time.
1945.0,2367.7405,Low,Medium,Expect moderate delays and allow extra travel time.
1273.0,1541.4594,Low,Low,Traffic conditions are favorable.
801.0,891.0985,Low,Low,Traffic conditions are favorable.
801.0,897.7277,Low,Low,Traffic conditions are favorable.
565.0,579.7108,Low,Low,Traffic conditions are favorable.
386.0,511.98132,Low,Low,Traffic conditions are favorable.
316.0,405.87842,Low,Low,Traffic conditions are favorable.
316.0,395.60422,Low,Low,Traffic conditions are favorable.
532.0,206.85101,Low,Low,Traffic conditions are favorable.
532.0,185.78824,Low,Low,Traffic conditions are favorable.
1003.0,996.4885,Low,Low,Traffic conditions are favorable.
1607.0,1492.4938,Low,Low,Traffic conditions are favorable.
2334.0,2235.0906,Medium,Low,Traffic conditions are favorable.
2929.0,3011.1858,Medium,Medium,Expect moderate delays and allow extra travel time.
3571.0,3406.5,Medium,Medium,Expect moderate delays and allow extra travel time.
3571.0,3614.5483,Medium,Medium,Expect moderate delays and allow extra travel time.
4040.0,4003.8123,Medium,Medium,Expect moderate delays and allow extra travel time.
4040.0,3995.3157,Medium,Medium,Expect moderate delays and allow extra travel time.
4549.0,4367.158,Medium,Medium,Expect moderate delays and allow extra travel time.
4414.0,3974.6301,Medium,Medium,Expect moderate delays and allow extra travel time.
4299.0,3982.2568,Medium,Medium,Expect moderate delays and allow extra travel time.
4330.0,4412.754,Medium,Medium,Expect moderate delays and allow extra travel time.
4197.0,3929.4834,Medium,Medium,Expect moderate delays and allow extra travel time.
3833.0,3710.4453,Medium,Medium,Expect moderate delays and allow extra travel time.
3601.0,4025.5132,Medium,Medium,Expect moderate delays and allow extra travel time.
3115.0,2610.9497,Medium,Medium,Expect moderate delays and allow extra travel time.
2669.0,2690.9697,Medium,Medium,Expect moderate delays and allow extra travel time.
2066.0,2087.8364,Low,Low,Traffic conditions are favorable.
2066.0,1918.0813,Low,Low,Traffic conditions are favorable.
1475.0,1529.9065,Low,Low,Traffic conditions are favorable.
1475.0,1538.6521,Low,Low,Traffic conditions are favorable.
962.0,744.5552,Low,Low,Traffic conditions are favorable.
962.0,739.55396,Low,Low,Traffic conditions are favorable.
694.0,368.19196,Low,Low,Traffic conditions are favorable.
694.0,371.3872,Low,Low,Traffic conditions are favorable.
694.0,371.3872,Low,Low,Traffic conditions are favorable.
421.0,269.3891,Low,Low,Traffic conditions are favorable.
421.0,287.4479,Low,Low,Traffic conditions are favorable.
325.0,742.0529,Low,Low,Traffic conditions are favorable.
325.0,768.7747,Low,Low,Traffic conditions are favorable.
590.0,2696.9683,Low,Medium,Expect moderate delays and allow extra travel time.
590.0,2691.985,Low,Medium,Expect moderate delays and allow extra travel time.
590.0,2705.075,Low,Medium,Expect moderate delays and allow extra travel time.
1141.0,5340.3843,Low,High,Avoid peak hours or consider an alternative route.
1141.0,5348.491,Low,High,Avoid peak hours or consider an alternative route.
1556.0,5793.6753,Low,High,Avoid peak hours or consider an alternative route.
1556.0,5819.548,Low,High,Avoid peak hours or consider an alternative route.
1995.0,5392.439,Low,High,Avoid peak hours or consider an alternative route.
1995.0,5429.567,Low,High,Avoid peak hours or consider an alternative route.
2524.0,4670.718,Medium,High,Avoid peak hours or consider an alternative route.
3050.0,4256.321,Medium,Medium,Expect moderate delays and allow extra travel time.
3050.0,4262.2437,Medium,Medium,Expect moderate delays and allow extra travel time.
3616.0,4384.4473,Medium,Medium,Expect moderate delays and allow extra travel time.
3616.0,4408.805,Medium,Medium,Expect moderate delays and allow extra travel time.
3901.0,4620.7046,Medium,High,Avoid peak hours or consider an alternative route.
4110.0,4708.788,Medium,High,Avoid peak hours or consider an alternative route.
4446.0,4923.0186,Medium,High,Avoid peak hours or consider an alternative route.
4411.0,5394.3936,Medium,High,Avoid peak hours or consider an alternative route.
4017.0,6041.472,Medium,High,Avoid peak hours or consider an alternative route.
3900.0,5651.4893,Medium,High,Avoid peak hours or consider an alternative route.
3487.0,4179.2446,Medium,Medium,Expect moderate delays and allow extra travel time.
3006.0,3126.9675,Medium,Medium,Expect moderate delays and allow extra travel time.
3006.0,3098.754,Medium,Medium,Expect moderate delays and allow extra travel time.
3006.0,3120.21,Medium,Medium,Expect moderate delays and allow extra travel time.
2627.0,2549.208,Medium,Medium,Expect moderate delays and allow extra travel time.
2627.0,2549.3625,Medium,Medium,Expect moderate delays and allow extra travel time.
2081.0,2242.4067,Low,Medium,Expect moderate delays and allow extra travel time.
1588.0,1670.6351,Low,Low,Traffic conditions are favorable.
1588.0,1708.555,Low,Low,Traffic conditions are favorable.
1012.0,1084.5868,Low,Low,Traffic conditions are favorable.
1012.0,1068.714,Low,Low,Traffic conditions are favorable.
528.0,641.04254,Low,Low,Traffic conditions are favorable.
321.0,429.95538,Low,Low,Traffic conditions are favorable.
321.0,427.06104,Low,Low,Traffic conditions are favorable.
321.0,427.06104,Low,Low,Traffic conditions are favorable.
254.0,347.3051,Low,Low,Traffic conditions are favorable.
254.0,389.11823,Low,Low,Traffic conditions are favorable.
332.0,356.56104,Low,Low,Traffic conditions are favorable.
901.0,854.04224,Low,Low,Traffic conditions are favorable.
2863.0,2967.6895,Medium,Medium,Expect moderate delays and allow extra travel time.
2863.0,2990.731,Medium,Medium,Expect moderate delays and allow extra travel time.
2863.0,2969.6074,Medium,Medium,Expect moderate delays and allow extra travel time.
2863.0,3000.405,Medium,Medium,Expect moderate delays and allow extra travel time.
5280.0,5614.3037,High,High,Avoid peak hours or consider an alternative route.
5280.0,5617.6436,High,High,Avoid peak hours or consider an alternative route.
5280.0,5662.695,High,High,Avoid peak hours or consider an alternative route.
6379.0,6127.8867,High,High,Avoid peak hours or consider an alternative route.
6379.0,6131.2266,High,High,Avoid peak hours or consider an alternative route.
5856.0,5703.5195,High,High,Avoid peak hours or consider an alternative route.
5856.0,5709.8936,High,High,Avoid peak hours or consider an alternative route.
5856.0,5706.8594,High,High,Avoid peak hours or consider an alternative route.
5242.0,4907.425,High,High,Avoid peak hours or consider an alternative route.
5242.0,4973.3535,High,High,Avoid peak hours or consider an alternative route.
5242.0,4972.3745,High,High,Avoid peak hours or consider an alternative route.
5242.0,4964.4287,High,High,Avoid peak hours or consider an alternative route.
4403.0,4626.708,Medium,Medium,Expect moderate delays and allow extra travel time.
4403.0,4632.438,Medium,Medium,Expect moderate delays and allow extra travel time.
4403.0,4595.6196,Medium,Medium,Expect moderate delays and allow extra travel time.
4403.0,4629.499,Medium,Medium,Expect moderate delays and allow extra travel time.
4477.0,4646.8555,Medium,High,Avoid peak hours or consider an alternative route.
4477.0,4706.8257,Medium,High,Avoid peak hours or consider an alternative route.
4583.0,4837.0986,High,High,Avoid peak hours or consider an alternative route.
4583.0,4782.167,High,High,Avoid peak hours or consider an alternative route.
4652.0,4876.664,High,High,Avoid peak hours or consider an alternative route.
4652.0,4888.3105,High,High,Avoid peak hours or consider an alternative route.
4785.0,5085.0073,High,High,Avoid peak hours or consider an alternative route.
4785.0,5230.407,High,High,Avoid peak hours or consider an alternative route.
5436.0,5399.314,High,High,Avoid peak hours or consider an alternative route.
5436.0,5456.793,High,High,Avoid peak hours or consider an alternative route.
5667.0,6031.684,High,High,Avoid peak hours or consider an alternative route.
5667.0,6195.9307,High,High,Avoid peak hours or consider an alternative route.
5494.0,5775.7305,High,High,Avoid peak hours or consider an alternative route.
5494.0,5811.309,High,High,Avoid peak hours or consider an alternative route.
5494.0,5817.8325,High,High,Avoid peak hours or consider an alternative route.
4383.0,4446.2495,Medium,Medium,Expect moderate delays and allow extra travel time.
4383.0,4490.859,Medium,Medium,Expect moderate delays and allow extra travel time.
4383.0,4492.5723,Medium,Medium,Expect moderate delays and allow extra travel time.
4383.0,4511.621,Medium,Medium,Expect moderate delays and allow extra travel time.
3017.0,3188.0068,Medium,Medium,Expect moderate delays and allow extra travel time.
3017.0,3253.725,Medium,Medium,Expect moderate delays and allow extra travel time.
3017.0,3269.353,Medium,Medium,Expect moderate delays and allow extra travel time.
2385.0,2793.841,Medium,Medium,Expect moderate delays and allow extra travel time.
2385.0,2816.229,Medium,Medium,Expect moderate delays and allow extra travel time.
2385.0,2803.3792,Medium,Medium,Expect moderate delays and allow extra travel time.
2105.0,2570.5762,Low,Medium,Expect moderate delays and allow extra travel time.
2105.0,2548.1882,Low,Medium,Expect moderate delays and allow extra travel time.
2105.0,2578.9194,Low,Medium,Expect moderate delays and allow extra travel time.
1351.0,1888.9225,Low,Low,Traffic conditions are favorable.
1351.0,1831.4883,Low,Low,Traffic conditions are favorable.
1351.0,1910.1162,Low,Low,Traffic conditions are favorable.
921.0,1128.5298,Low,Low,Traffic conditions are favorable.
921.0,1170.9657,Low,Low,Traffic conditions are favorable.
522.0,667.843,Low,Low,Traffic conditions are favorable.
304.0,409.90842,Low,Low,Traffic conditions are favorable.
304.0,414.0229,Low,Low,Traffic conditions are favorable.
254.0,351.6486,Low,Low,Traffic conditions are favorable.
323.0,351.0584,Low,Low,Traffic conditions are favorable.
323.0,359.16525,Low,Low,Traffic conditions are favorable.
882.0,831.9795,Low,Low,Traffic conditions are favorable.
882.0,843.4258,Low,Low,Traffic conditions are favorable.
3013.0,2962.9512,Medium,Medium,Expect moderate delays and allow extra travel time.
5633.0,5663.862,High,High,Avoid peak hours or consider an alternative route.
5633.0,5626.324,High,High,Avoid peak hours or consider an alternative route.
5633.0,5620.9067,High,High,Avoid peak hours or consider an alternative route.
6668.0,6122.572,High,High,Avoid peak hours or consider an alternative route.
6668.0,6158.9214,High,High,Avoid peak hours or consider an alternative route.
6327.0,5774.3257,High,High,Avoid peak hours or consider an alternative route.
5237.0,5164.0293,High,High,Avoid peak hours or consider an alternative route.
4599.0,4705.5474,High,High,Avoid peak hours or consider an alternative route.
4635.0,4850.277,High,High,Avoid peak hours or consider an alternative route.
5001.0,4999.2114,High,High,Avoid peak hours or consider an alternative route.
4781.0,5010.47,High,High,Avoid peak hours or consider an alternative route.
4816.0,5310.4946,High,High,Avoid peak hours or consider an alternative route.
5661.0,5797.469,High,High,Avoid peak hours or consider an alternative route.
6555.0,6497.22,High,High,Avoid peak hours or consider an alternative route.
5938.0,5992.7856,High,High,Avoid peak hours or consider an alternative route.
4426.0,4736.8433,Medium,High,Avoid peak hours or consider an alternative route.
3414.0,3547.312,Medium,Medium,Expect moderate delays and allow extra travel time.
3130.0,3109.44,Medium,Medium,Expect moderate delays and allow extra travel time.
2532.0,2710.6348,Medium,Medium,Expect moderate delays and allow extra travel time.
1629.0,1982.971,Low,Low,Traffic conditions are favorable.
993.0,1203.2373,Low,Low,Traffic conditions are favorable.
570.0,653.1259,Low,Low,Traffic conditions are favorable.
570.0,533.3613,Low,Low,Traffic conditions are favorable.
350.0,384.18225,Low,Low,Traffic conditions are favorable.
350.0,264.41766,Low,Low,Traffic conditions are favorable.
281.0,275.07507,Low,Low,Traffic conditions are favorable.
281.0,210.7631,Low,Low,Traffic conditions are favorable.
337.0,343.34937,Low,Low,Traffic conditions are favorable.
337.0,224.00873,Low,Low,Traffic conditions are favorable.
909.0,842.9444,Low,Low,Traffic conditions are favorable.
909.0,840.69977,Low,Low,Traffic conditions are favorable.
3036.0,2834.7104,Medium,Medium,Expect moderate delays and allow extra travel time.
3036.0,2708.485,Medium,Medium,Expect moderate delays and allow extra travel time.
5868.0,5508.196,High,High,Avoid peak hours or consider an alternative route.
6526.0,6083.216,High,High,Avoid peak hours or consider an alternative route.
6526.0,6124.6,High,High,Avoid peak hours or consider an alternative route.
5996.0,5808.027,High,High,Avoid peak hours or consider an alternative route.
5328.0,5073.689,High,High,Avoid peak hours or consider an alternative route.
4579.0,4767.1987,High,High,Avoid peak hours or consider an alternative route.
4727.0,4916.64,High,High,Avoid peak hours or consider an alternative route.
4765.0,5058.364,High,High,Avoid peak hours or consider an alternative route.
4853.0,5096.3564,High,High,Avoid peak hours or consider an alternative route.
4947.0,5395.5767,High,High,Avoid peak hours or consider an alternative route.
5786.0,5871.976,High,High,Avoid peak hours or consider an alternative route.
6396.0,6494.301,High,High,Avoid peak hours or consider an alternative route.
6008.0,5999.2983,High,High,Avoid peak hours or consider an alternative route.
4373.0,4811.5527,Medium,High,Avoid peak hours or consider an alternative route.
3382.0,3704.2952,Medium,Medium,Expect moderate delays and allow extra travel time.
3223.0,3258.1653,Medium,Medium,Expect moderate delays and allow extra travel time.
2712.0,3063.4524,Medium,Medium,Expect moderate delays and allow extra travel time.
2096.0,2616.0676,Low,Medium,Expect moderate delays and allow extra travel time.
1248.0,1634.5809,Low,Low,Traffic conditions are favorable.
550.0,788.4037,Low,Low,Traffic conditions are favorable.
417.0,491.3284,Low,Low,Traffic conditions are favorable.
307.0,397.56686,Low,Low,Traffic conditions are favorable.
338.0,401.86215,Low,Low,Traffic conditions are favorable.
892.0,844.90436,Low,Low,Traffic conditions are favorable.
2942.0,2698.0815,Medium,Medium,Expect moderate delays and allow extra travel time.
5542.0,5459.435,High,High,Avoid peak hours or consider an alternative route.
6675.0,6104.5024,High,High,Avoid peak hours or consider an alternative route.
5061.0,5086.205,High,High,Avoid peak hours or consider an alternative route.
4720.0,4845.742,High,High,Avoid peak hours or consider an alternative route.
4700.0,4954.494,High,High,Avoid peak hours or consider an alternative route.
5073.0,5161.324,High,High,Avoid peak hours or consider an alternative route.
4832.0,5165.9062,High,High,Avoid peak hours or consider an alternative route.
5163.0,5439.112,High,High,Avoid peak hours or consider an alternative route.
4831.0,5828.6494,High,High,Avoid peak hours or consider an alternative route.
6148.0,6157.032,High,High,Avoid peak hours or consider an alternative route.
5426.0,5934.6064,High,High,Avoid peak hours or consider an alternative route.
4699.0,4813.187,High,High,Avoid peak hours or consider an alternative route.
3734.0,3728.3772,Medium,Medium,Expect moderate delays and allow extra travel time.
3360.0,3315.694,Medium,Medium,Expect moderate delays and allow extra travel time.
2669.0,2874.5803,Medium,Medium,Expect moderate delays and allow extra travel time.
1957.0,2196.5332,Low,Low,Traffic conditions are favorable.
690.0,827.81323,Low,Low,Traffic conditions are favorable.
488.0,586.54175,Low,Low,Traffic conditions are favorable.
393.0,543.5087,Low,Low,Traffic conditions are favorable.
459.0,467.95142,Low,Low,Traffic conditions are favorable.
830.0,855.5921,Low,Low,Traffic conditions are favorable.
1504.0,1601.2059,Low,Low,Traffic conditions are favorable.
3043.0,2919.8823,Medium,Medium,Expect moderate delays and allow extra travel time.
4039.0,4095.8765,Medium,Medium,Expect moderate delays and allow extra travel time.
4690.0,4727.368,High,High,Avoid peak hours or consider an alternative route.
4550.0,4761.3,Medium,High,Avoid peak hours or consider an alternative route.
4612.0,4728.557,High,High,Avoid peak hours or consider an alternative route.
4756.0,4690.0566,High,High,Avoid peak hours or consider an alternative route.
4848.0,4672.3794,High,High,Avoid peak hours or consider an alternative route.
4125.0,4556.8647,Medium,Medium,Expect moderate delays and allow extra travel time.
3745.0,4323.12,Medium,Medium,Expect moderate delays and allow extra travel time.
3399.0,3732.312,Medium,Medium,Expect moderate delays and allow extra travel time.
3245.0,3306.8198,Medium,Medium,Expect moderate delays and allow extra travel time.
2814.0,3168.7231,Medium,Medium,Expect moderate delays and allow extra travel time.
2478.0,2902.8298,Medium,Medium,Expect moderate delays and allow extra travel time.
1916.0,2403.8237,Low,Medium,Expect moderate delays and allow extra travel time.
1286.0,1587.8003,Low,Low,Traffic conditions are favorable.
794.0,932.16675,Low,Low,Traffic conditions are favorable.
620.0,648.4475,Low,Low,Traffic conditions are favorable.
345.0,531.70496,Low,Low,Traffic conditions are favorable.
353.0,422.619,Low,Low,Traffic conditions are favorable.
541.0,657.7534,Low,Low,Traffic conditions are favorable.
1806.0,1550.2045,Low,Low,Traffic conditions are favorable.
2224.0,2257.2812,Medium,Low,Traffic conditions are favorable.
3449.0,3046.3054,Medium,Medium,Expect moderate delays and allow extra travel time.
4322.0,3718.1619,Medium,Medium,Expect moderate delays and allow extra travel time.
4273.0,4106.524,Medium,Medium,Expect moderate delays and allow extra travel time.
3990.0,4463.6997,Medium,Medium,Expect moderate delays and allow extra travel time.
3993.0,4437.9785,Medium,Medium,Expect moderate delays and allow extra travel time.
3852.0,4447.8315,Medium,Medium,Expect moderate delays and allow extra travel time.
3888.0,4452.4136,Medium,Medium,Expect moderate delays and allow extra travel time.
4126.0,4433.0957,Medium,Medium,Expect moderate delays and allow extra travel time.
3959.0,4299.1196,Medium,Medium,Expect moderate delays and allow extra travel time.
3692.0,4018.3967,Medium,Medium,Expect moderate delays and allow extra travel time.
2755.0,3033.9712,Medium,Medium,Expect moderate delays and allow extra travel time.
2140.0,2706.8677,Low,Medium,Expect moderate delays and allow extra travel time.
1534.0,2104.8982,Low,Low,Traffic conditions are favorable.
996.0,1513.338,Low,Low,Traffic conditions are favorable.
534.0,619.89105,Low,Low,Traffic conditions are favorable.
303.0,390.982,Low,Low,Traffic conditions are favorable.
286.0,318.1017,Low,Low,Traffic conditions are favorable.
329.0,330.3653,Low,Low,Traffic conditions are favorable.
861.0,811.2392,Low,Low,Traffic conditions are favorable.
2963.0,2674.782,Medium,Medium,Expect moderate delays and allow extra travel time.
5721.0,5384.2695,High,High,Avoid peak hours or consider an alternative route.
6561.0,5910.138,High,High,Avoid peak hours or consider an alternative route.
6009.0,5457.891,High,High,Avoid peak hours or consider an alternative route.
5236.0,4790.3145,High,High,Avoid peak hours or consider an alternative route.
4201.0,4352.0103,Medium,Medium,Expect moderate delays and allow extra travel time.
4498.0,4451.7925,Medium,Medium,Expect moderate delays and allow extra travel time.
4724.0,4736.355,High,High,Avoid peak hours or consider an alternative route.
4462.0,4765.7954,Medium,High,Avoid peak hours or consider an alternative route.
5016.0,5052.6616,High,High,Avoid peak hours or consider an alternative route.
5688.0,5542.358,High,High,Avoid peak hours or consider an alternative route.
6344.0,6200.0293,High,High,Avoid peak hours or consider an alternative route.
5857.0,5645.457,High,High,Avoid peak hours or consider an alternative route.
4245.0,4318.6284,Medium,Medium,Expect moderate delays and allow extra travel time.
3184.0,3219.1396,Medium,Medium,Expect moderate delays and allow extra travel time.
2732.0,2716.8577,Medium,Medium,Expect moderate delays and allow extra travel time.
2235.0,2357.6953,Medium,Medium,Expect moderate delays and allow extra travel time.
1389.0,1811.4823,Low,Low,Traffic conditions are favorable.
887.0,1178.3624,Low,Low,Traffic conditions are favorable.
516.0,643.0857,Low,Low,Traffic conditions are favorable.
330.0,449.3228,Low,Low,Traffic conditions are favorable.
265.0,372.79507,Low,Low,Traffic conditions are favorable.
332.0,379.15445,Low,Low,Traffic conditions are favorable.
891.0,880.2642,Low,Low,Traffic conditions are favorable.
3055.0,3015.2104,Medium,Medium,Expect moderate delays and allow extra travel time.
5927.0,5685.9194,High,High,Avoid peak hours or consider an alternative route.
6496.0,6192.1587,High,High,Avoid peak hours or consider an alternative route.
6123.0,5787.1475,High,High,Avoid peak hours or consider an alternative route.
5471.0,5113.559,High,High,Avoid peak hours or consider an alternative route.
4257.0,4696.4453,Medium,Medium,Expect moderate delays and allow extra travel time.
5074.0,4820.7847,High,High,Avoid peak hours or consider an alternative route.
4734.0,4948.9478,High,High,Avoid peak hours or consider an alternative route.
4875.0,4948.9478,High,High,Avoid peak hours or consider an alternative route.
4922.0,5238.788,High,High,Avoid peak hours or consider an alternative route.
5636.0,5753.263,High,High,Avoid peak hours or consider an alternative route.
6601.0,6471.991,High,High,Avoid peak hours or consider an alternative route.
5859.0,5948.8833,High,High,Avoid peak hours or consider an alternative route.
4372.0,4699.639,Medium,High,Avoid peak hours or consider an alternative route.
3427.0,3502.4124,Medium,Medium,Expect moderate delays and allow extra travel time.
3114.0,3087.9216,Medium,Medium,Expect moderate delays and allow extra travel time.
2501.0,2844.358,Medium,Medium,Expect moderate delays and allow extra travel time.
1860.0,2135.9988,Low,Low,Traffic conditions are favorable.
2682.0,1413.3846,Medium,Low,Traffic conditions are favorable.
750.0,674.99506,Low,Low,Traffic conditions are favorable.
344.0,449.9184,Low,Low,Traffic conditions are favorable.
314.0,373.53766,Low,Low,Traffic conditions are favorable.
371.0,387.54663,Low,Low,Traffic conditions are favorable.
937.0,872.20624,Low,Low,Traffic conditions are favorable.
3085.0,3012.235,Medium,Medium,Expect moderate delays and allow extra travel time.
5908.0,5654.892,High,High,Avoid peak hours or consider an alternative route.
6677.0,6186.3306,High,High,Avoid peak hours or consider an alternative route.
6297.0,5766.3325,High,High,Avoid peak hours or consider an alternative route.
5551.0,4984.315,High,High,Avoid peak hours or consider an alternative route.
5551.0,4987.655,High,High,Avoid peak hours or consider an alternative route.
4499.0,4607.504,Medium,Medium,Expect moderate delays and allow extra travel time.
4499.0,4610.8438,Medium,Medium,Expect moderate delays and allow extra travel time.
4598.0,4813.6733,High,High,Avoid peak hours or consider an alternative route.
4759.0,4989.736,High,High,Avoid peak hours or consider an alternative route.
4733.0,4984.824,High,High,Avoid peak hours or consider an alternative route.
5056.0,5281.9907,High,High,Avoid peak hours or consider an alternative route.
5739.0,5782.4204,High,High,Avoid peak hours or consider an alternative route.
6450.0,6491.2754,High,High,Avoid peak hours or consider an alternative route.
6245.0,5971.3564,High,High,Avoid peak hours or consider an alternative route.
3510.0,3610.2744,Medium,Medium,Expect moderate delays and allow extra travel time.
3064.0,3152.257,Medium,Medium,Expect moderate delays and allow extra travel time.
2705.0,2843.7449,Medium,Medium,Expect moderate delays and allow extra travel time.
1813.0,2146.3027,Low,Low,Traffic conditions are favorable.
2842.0,1423.6884,Medium,Low,Traffic conditions are favorable.
699.0,702.02765,Low,Low,Traffic conditions are favorable.
413.0,449.3035,Low,Low,Traffic conditions are favorable.
332.0,368.29135,Low,Low,Traffic conditions are favorable.
383.0,382.75903,Low,Low,Traffic conditions are favorable.
914.0,876.0333,Low,Low,Traffic conditions are favorable.
3052.0,3009.0378,Medium,Medium,Expect moderate delays and allow extra travel time.
5830.0,5671.413,High,High,Avoid peak hours or consider an alternative route.
6433.0,6201.212,High,High,Avoid peak hours or consider an alternative route.
6162.0,5797.3,High,High,Avoid peak hours or consider an alternative route.
5092.0,5156.7754,High,High,Avoid peak hours or consider an alternative route.
4584.0,4764.3657,High,High,Avoid peak hours or consider an alternative route.
4767.0,4891.7793,High,High,Avoid peak hours or consider an alternative route.
4851.0,5098.41,High,High,Avoid peak hours or consider an alternative route.
4826.0,5091.084,High,High,Avoid peak hours or consider an alternative route.
5014.0,5401.9365,High,High,Avoid peak hours or consider an alternative route.
5617.0,5853.4287,High,High,Avoid peak hours or consider an alternative route.
5701.0,5987.407,High,High,Avoid peak hours or consider an alternative route.
4443.0,4794.1133,Medium,High,Avoid peak hours or consider an alternative route.
3669.0,3709.3035,Medium,Medium,Expect moderate delays and allow extra travel time.
3282.0,3272.5251,Medium,Medium,Expect moderate delays and allow extra travel time.
2676.0,3089.8289,Medium,Medium,Expect moderate delays and allow extra travel time.
1921.0,2594.6335,Low,Medium,Expect moderate delays and allow extra travel time.
1167.0,1629.4885,Low,Low,Traffic conditions are favorable.
603.0,794.769,Low,Low,Traffic conditions are favorable.
376.0,501.08813,Low,Low,Traffic conditions are favorable.
333.0,402.5314,Low,Low,Traffic conditions are favorable.
377.0,404.66144,Low,Low,Traffic conditions are favorable.
892.0,807.11237,Low,Low,Traffic conditions are favorable.
2899.0,2769.0583,Medium,Medium,Expect moderate delays and allow extra travel time.
5569.0,5442.651,High,High,Avoid peak hours or consider an alternative route.
6728.0,6076.31,High,High,Avoid peak hours or consider an alternative route.
5934.0,5703.548,High,High,Avoid peak hours or consider an alternative route.
5025.0,4890.693,High,High,Avoid peak hours or consider an alternative route.
4566.0,4825.411,Medium,High,Avoid peak hours or consider an alternative route.
4836.0,4942.002,High,High,Avoid peak hours or consider an alternative route.
5019.0,5158.58,High,High,Avoid peak hours or consider an alternative route.
4830.0,5188.3975,High,High,Avoid peak hours or consider an alternative route.
5231.0,5443.614,High,High,Avoid peak hours or consider an alternative route.
5953.0,5876.853,High,High,Avoid peak hours or consider an alternative route.
6196.0,6165.0283,High,High,Avoid peak hours or consider an alternative route.
4687.0,4820.554,High,High,Avoid peak hours or consider an alternative route.
3880.0,3723.9082,Medium,Medium,Expect moderate delays and allow extra travel time.
3329.0,3315.0928,Medium,Medium,Expect moderate delays and allow extra travel time.
3169.0,3193.8745,Medium,Medium,Expect moderate delays and allow extra travel time.
2810.0,2875.7773,Medium,Medium,Expect moderate delays and allow extra travel time.
2024.0,2227.8362,Low,Medium,Expect moderate delays and allow extra travel time.
1179.0,1430.7859,Low,Low,Traffic conditions are favorable.
808.0,804.0632,Low,Low,Traffic conditions are favorable.
584.0,561.14996,Low,Low,Traffic conditions are favorable.
428.0,527.93695,Low,Low,Traffic conditions are favorable.
502.0,441.88736,Low,Low,Traffic conditions are favorable.
871.0,879.3771,Low,Low,Traffic conditions are favorable.
1469.0,1581.6129,Low,Low,Traffic conditions are favorable.
2117.0,2148.6228,Low,Low,Traffic conditions are favorable.
2117.0,2072.5103,Low,Low,Traffic conditions are favorable.
3442.0,2879.1694,Medium,Medium,Expect moderate delays and allow extra travel time.
3999.0,3562.3179,Medium,Medium,Expect moderate delays and allow extra travel time.
4772.0,4357.374,High,Medium,Expect moderate delays and allow extra travel time.
4990.0,4708.2534,High,Medium,Expect moderate delays and allow extra travel time.
4848.0,4705.4854,High,Medium,Expect moderate delays and allow extra travel time.
4343.0,4731.593,Medium,Medium,Expect moderate delays and allow extra travel time.
4296.0,4687.803,Medium,Medium,Expect moderate delays and allow extra travel time.
4219.0,4621.3794,Medium,Medium,Expect moderate delays and allow extra travel time.
3953.0,4543.571,Medium,Medium,Expect moderate delays and allow extra travel time.
3826.0,4315.908,Medium,Medium,Expect moderate delays and allow extra travel time.
3455.0,3715.6343,Medium,Medium,Expect moderate delays and allow extra travel time.
3208.0,3304.729,Medium,Medium,Expect moderate delays and allow extra travel time.
3055.0,3185.6006,Medium,Medium,Expect moderate delays and allow extra travel time.
2741.0,2896.6914,Medium,Medium,Expect moderate delays and allow extra travel time.
2123.0,2410.9714,Low,Medium,Expect moderate delays and allow extra travel time.
1353.0,1513.5076,Low,Low,Traffic conditions are favorable.
786.0,863.5628,Low,Low,Traffic conditions are favorable.
607.0,591.27264,Low,Low,Traffic conditions are favorable.
401.0,528.3326,Low,Low,Traffic conditions are favorable.
313.0,421.8923,Low,Low,Traffic conditions are favorable.
467.0,660.7794,Low,Low,Traffic conditions are favorable.
850.0,1057.9193,Low,Low,Traffic conditions are favorable.
2090.0,2249.6687,Low,Low,Traffic conditions are favorable.
3039.0,2998.1821,Medium,Medium,Expect moderate delays and allow extra travel time.
3278.0,3666.1606,Medium,Medium,Expect moderate delays and allow extra travel time.
4352.0,4079.3794,Medium,Medium,Expect moderate delays and allow extra travel time.
3978.0,4460.9727,Medium,Medium,Expect moderate delays and allow extra travel time.
3935.0,4436.284,Medium,Medium,Expect moderate delays and allow extra travel time.
3829.0,4437.0234,Medium,Medium,Expect moderate delays and allow extra travel time.
4539.0,4408.068,Medium,Medium,Expect moderate delays and allow extra travel time.
4154.0,4297.8643,Medium,Medium,Expect moderate delays and allow extra travel time.
3701.0,4053.6147,Medium,Medium,Expect moderate delays and allow extra travel time.
3400.0,3543.792,Medium,Medium,Expect moderate delays and allow extra travel time.
3092.0,3129.363,Medium,Medium,Expect moderate delays and allow extra travel time.
2623.0,2738.1655,Medium,Medium,Expect moderate delays and allow extra travel time.
1725.0,2170.7021,Low,Medium,Expect moderate delays and allow extra travel time.
1088.0,1646.0879,Low,Low,Traffic conditions are favorable.
550.0,601.45514,Low,Low,Traffic conditions are favorable.
280.0,396.05856,Low,Low,Traffic conditions are favorable.
260.0,306.43936,Low,Low,Traffic conditions are favorable.
344.0,251.69196,Low,Low,Traffic conditions are favorable.
880.0,784.28723,Low,Low,Traffic conditions are favorable.
2965.0,2737.5308,Medium,Medium,Expect moderate delays and allow extra travel time.
5667.0,5281.1416,High,High,Avoid peak hours or consider an alternative route.
6533.0,5840.5127,High,High,Avoid peak hours or consider an alternative route.
6070.0,5420.0044,High,High,Avoid peak hours or consider an alternative route.
5145.0,4705.3467,High,High,Avoid peak hours or consider an alternative route.
4201.0,4298.9067,Medium,Medium,Expect moderate delays and allow extra travel time.
4371.0,4466.8516,Medium,Medium,Expect moderate delays and allow extra travel time.
4533.0,4734.0117,Medium,High,Avoid peak hours or consider an alternative route.
4930.0,4890.7314,High,High,Avoid peak hours or consider an alternative route.
4930.0,4892.795,High,High,Avoid peak hours or consider an alternative route.
5327.0,5312.086,High,High,Avoid peak hours or consider an alternative route.
5327.0,5360.152,High,High,Avoid peak hours or consider an alternative route.
5327.0,5369.9263,High,High,Avoid peak hours or consider an alternative route.
5327.0,5373.1714,High,High,Avoid peak hours or consider an alternative route.
6354.0,6045.064,High,High,Avoid peak hours or consider an alternative route.
6354.0,6051.6562,High,High,Avoid peak hours or consider an alternative route.
6354.0,6049.593,High,High,Avoid peak hours or consider an alternative route.
5412.0,5537.1143,High,High,Avoid peak hours or consider an alternative route.
5412.0,5548.952,High,High,Avoid peak hours or consider an alternative route.
5412.0,5558.0366,High,High,Avoid peak hours or consider an alternative route.
4000.0,4218.5957,Medium,Medium,Expect moderate delays and allow extra travel time.
4000.0,4198.455,Medium,Medium,Expect moderate delays and allow extra travel time.
2897.0,3177.595,Medium,Medium,Expect moderate delays and allow extra travel time.
2897.0,3195.3745,Medium,Medium,Expect moderate delays and allow extra travel time.
2466.0,2492.3489,Medium,Medium,Expect moderate delays and allow extra travel time.
2466.0,2511.3975,Medium,Medium,Expect moderate delays and allow extra travel time.
2090.0,2202.6243,Low,Medium,Expect moderate delays and allow extra travel time.
1434.0,1748.5742,Low,Low,Traffic conditions are favorable.
869.0,1134.7463,Low,Low,Traffic conditions are favorable.
536.0,636.8187,Low,Low,Traffic conditions are favorable.
536.0,661.0498,Low,Low,Traffic conditions are favorable.
351.0,401.22986,Low,Low,Traffic conditions are favorable.
351.0,387.98856,Low,Low,Traffic conditions are favorable.
227.0,316.60648,Low,Low,Traffic conditions are favorable.
227.0,303.58163,Low,Low,Traffic conditions are favorable.
340.0,320.12476,Low,Low,Traffic conditions are favorable.
340.0,326.58557,Low,Low,Traffic conditions are favorable.
340.0,316.7853,Low,Low,Traffic conditions are favorable.
858.0,768.7195,Low,Low,Traffic conditions are favorable.
858.0,753.5042,Low,Low,Traffic conditions are favorable.
858.0,875.50024,Low,Low,Traffic conditions are favorable.
3027.0,2794.3337,Medium,Medium,Expect moderate delays and allow extra travel time.
3027.0,2792.6514,Medium,Medium,Expect moderate delays and allow extra travel time.
3027.0,2797.673,Medium,Medium,Expect moderate delays and allow extra travel time.
5642.0,5462.7744,High,High,Avoid peak hours or consider an alternative route.
5642.0,5497.2627,High,High,Avoid peak hours or consider an alternative route.
6516.0,6140.7734,High,High,Avoid peak hours or consider an alternative route.
5873.0,5741.248,High,High,Avoid peak hours or consider an alternative route.
5873.0,5765.479,High,High,Avoid peak hours or consider an alternative route.
5873.0,5714.019,High,High,Avoid peak hours or consider an alternative route.
5123.0,5006.763,High,High,Avoid peak hours or consider an alternative route.
5123.0,5000.4844,High,High,Avoid peak hours or consider an alternative route.
5123.0,4998.8174,High,High,Avoid peak hours or consider an alternative route.
4527.0,4623.2075,Medium,Medium,Expect moderate delays and allow extra travel time.
4527.0,4623.7563,Medium,Medium,Expect moderate delays and allow extra travel time.
4527.0,4653.9434,Medium,Medium,Expect moderate delays and allow extra travel time.
4593.0,4772.4033,High,High,Avoid peak hours or consider an alternative route.
4725.0,4970.565,High,High,Avoid peak hours or consider an alternative route.
4737.0,4918.1924,High,High,Avoid peak hours or consider an alternative route.
4931.0,5270.81,High,High,Avoid peak hours or consider an alternative route.
5623.0,5766.5703,High,High,Avoid peak hours or consider an alternative route.
6623.0,6506.2095,High,High,Avoid peak hours or consider an alternative route.
5916.0,6021.309,High,High,Avoid peak hours or consider an alternative route.
4423.0,4560.5283,Medium,High,Avoid peak hours or consider an alternative route.
4423.0,4545.1265,Medium,High,Avoid peak hours or consider an alternative route.
3309.0,3376.8645,Medium,Medium,Expect moderate delays and allow extra travel time.
3309.0,3406.5864,Medium,Medium,Expect moderate delays and allow extra travel time.
2805.0,2915.8872,Medium,Medium,Expect moderate delays and allow extra travel time.
2400.0,2679.136,Medium,Medium,Expect moderate delays and allow extra travel time.
2631.0,1979.6927,Medium,Low,Traffic conditions are favorable.
2631.0,1993.2609,Medium,Low,Traffic conditions are favorable.
1501.0,1325.9572,Low,Low,Traffic conditions are favorable.
617.0,624.3587,Low,Low,Traffic conditions are favorable.
401.0,381.47357,Low,Low,Traffic conditions are favorable.
401.0,384.81302,Low,Low,Traffic conditions are favorable.
282.0,318.0784,Low,Low,Traffic conditions are favorable.
282.0,313.311,Low,Low,Traffic conditions are favorable.
358.0,352.23035,Low,Low,Traffic conditions are favorable.
358.0,356.38846,Low,Low,Traffic conditions are favorable.
913.0,880.6202,Low,Low,Traffic conditions are favorable.
913.0,872.1773,Low,Low,Traffic conditions are favorable.
913.0,880.2842,Low,Low,Traffic conditions are favorable.
3074.0,3003.134,Medium,Medium,Expect moderate delays and allow extra travel time.
3074.0,3003.0916,Medium,Medium,Expect moderate delays and allow extra travel time.
5803.0,5666.146,High,High,Avoid peak hours or consider an alternative route.
5803.0,5676.0205,High,High,Avoid peak hours or consider an alternative route.
6510.0,6140.929,High,High,Avoid peak hours or consider an alternative route.
6510.0,6146.7363,High,High,Avoid peak hours or consider an alternative route.
6510.0,6141.0635,High,High,Avoid peak hours or consider an alternative route.
6101.0,5792.931,High,High,Avoid peak hours or consider an alternative route.
6101.0,5799.1274,High,High,Avoid peak hours or consider an alternative route.
5331.0,5150.622,High,High,Avoid peak hours or consider an alternative route.
5331.0,5176.5986,High,High,Avoid peak hours or consider an alternative route.
5331.0,5064.692,High,High,Avoid peak hours or consider an alternative route.
4266.0,4674.687,Medium,High,Avoid peak hours or consider an alternative route.
4266.0,4685.542,Medium,High,Avoid peak hours or consider an alternative route.
4266.0,4748.3545,Medium,High,Avoid peak hours or consider an alternative route.
4266.0,4685.542,Medium,High,Avoid peak hours or consider an alternative route.
4567.0,4698.801,Medium,High,Avoid peak hours or consider an alternative route.
4567.0,4702.1406,Medium,High,Avoid peak hours or consider an alternative route.
4734.0,4876.133,High,High,Avoid peak hours or consider an alternative route.
4734.0,4870.64,High,High,Avoid peak hours or consider an alternative route.
4675.0,4968.5527,High,High,Avoid peak hours or consider an alternative route.
4675.0,4968.1157,High,High,Avoid peak hours or consider an alternative route.
4675.0,4956.41,High,High,Avoid peak hours or consider an alternative route.
4980.0,5245.875,High,High,Avoid peak hours or consider an alternative route.
4980.0,5245.875,High,High,Avoid peak hours or consider an alternative route.
5718.0,5785.9307,High,High,Avoid peak hours or consider an alternative route.
6382.0,6408.258,High,High,Avoid peak hours or consider an alternative route.
6382.0,6474.243,High,High,Avoid peak hours or consider an alternative route.
5647.0,5935.8726,High,High,Avoid peak hours or consider an alternative route.
5647.0,5961.885,High,High,Avoid peak hours or consider an alternative route.
5647.0,5939.162,High,High,Avoid peak hours or consider an alternative route.
4469.0,4584.971,Medium,High,Avoid peak hours or consider an alternative route.
4469.0,4621.684,Medium,High,Avoid peak hours or consider an alternative route.
4469.0,4623.1045,Medium,High,Avoid peak hours or consider an alternative route.
3460.0,3477.9883,Medium,Medium,Expect moderate delays and allow extra travel time.
3460.0,3514.3118,Medium,Medium,Expect moderate delays and allow extra travel time.
2865.0,2969.511,Medium,Medium,Expect moderate delays and allow extra travel time.
2576.0,2712.4402,Medium,Medium,Expect moderate delays and allow extra travel time.
2576.0,2719.8643,Medium,Medium,Expect moderate delays and allow extra travel time.
1693.0,2025.101,Low,Low,Traffic conditions are favorable.
1693.0,2051.06,Low,Low,Traffic conditions are favorable.
994.0,1283.1906,Low,Low,Traffic conditions are favorable.
583.0,715.17236,Low,Low,Traffic conditions are favorable.
349.0,457.8167,Low,Low,Traffic conditions are favorable.
349.0,459.46274,Low,Low,Traffic conditions are favorable.
265.0,333.3673,Low,Low,Traffic conditions are favorable.
265.0,356.07678,Low,Low,Traffic conditions are favorable.
265.0,352.32944,Low,Low,Traffic conditions are favorable.
344.0,393.54382,Low,Low,Traffic conditions are favorable.
344.0,395.78195,Low,Low,Traffic conditions are favorable.
344.0,391.57455,Low,Low,Traffic conditions are favorable.
914.0,799.94,Low,Low,Traffic conditions are favorable.
2924.0,2945.646,Medium,Medium,Expect moderate delays and allow extra travel time.
2924.0,2946.363,Medium,Medium,Expect moderate delays and allow extra travel time.
2924.0,2896.267,Medium,Medium,Expect moderate delays and allow extra travel time.
5417.0,5633.1167,High,High,Avoid peak hours or consider an alternative route.
5417.0,5620.6157,High,High,Avoid peak hours or consider an alternative route.
5417.0,5620.6157,High,High,Avoid peak hours or consider an alternative route.
5417.0,5618.927,High,High,Avoid peak hours or consider an alternative route.
5766.0,6070.0615,High,High,Avoid peak hours or consider an alternative route.
5766.0,6162.59,High,High,Avoid peak hours or consider an alternative route.
5331.0,5665.783,High,High,Avoid peak hours or consider an alternative route.
5264.0,5005.919,High,High,Avoid peak hours or consider an alternative route.
5264.0,5168.306,High,High,Avoid peak hours or consider an alternative route.
4326.0,4742.273,Medium,High,Avoid peak hours or consider an alternative route.
4326.0,4743.2705,Medium,High,Avoid peak hours or consider an alternative route.
4326.0,4734.3975,Medium,High,Avoid peak hours or consider an alternative route.
4592.0,4807.3677,High,High,Avoid peak hours or consider an alternative route.
4592.0,4775.6807,High,High,Avoid peak hours or consider an alternative route.
4592.0,4800.4355,High,High,Avoid peak hours or consider an alternative route.
4695.0,5052.232,High,High,Avoid peak hours or consider an alternative route.
4695.0,5065.6606,High,High,Avoid peak hours or consider an alternative route.
4459.0,5062.22,Medium,High,Avoid peak hours or consider an alternative route.
4517.0,5144.7417,Medium,High,Avoid peak hours or consider an alternative route.
4517.0,5192.8076,Medium,High,Avoid peak hours or consider an alternative route.
4517.0,5094.1143,Medium,High,Avoid peak hours or consider an alternative route.
4517.0,5202.5312,Medium,High,Avoid peak hours or consider an alternative route.
5257.0,5631.814,High,High,Avoid peak hours or consider an alternative route.
5257.0,5542.66,High,High,Avoid peak hours or consider an alternative route.
5257.0,5664.7163,High,High,Avoid peak hours or consider an alternative route.
6331.0,6224.023,High,High,Avoid peak hours or consider an alternative route.
6331.0,6264.468,High,High,Avoid peak hours or consider an alternative route.
6331.0,6277.326,High,High,Avoid peak hours or consider an alternative route.
5065.0,5759.27,High,High,Avoid peak hours or consider an alternative route.
5065.0,5773.9277,High,High,Avoid peak hours or consider an alternative route.
5065.0,5776.929,High,High,Avoid peak hours or consider an alternative route.
3898.0,4439.396,Medium,High,Avoid peak hours or consider an alternative route.
3898.0,4372.5156,Medium,High,Avoid peak hours or consider an alternative route.
3898.0,4458.445,Medium,High,Avoid peak hours or consider an alternative route.
3898.0,4305.241,Medium,High,Avoid peak hours or consider an alternative route.
3898.0,4489.6655,Medium,High,Avoid peak hours or consider an alternative route.
2957.0,3341.7065,Medium,Medium,Expect moderate delays and allow extra travel time.
2957.0,3623.1702,Medium,Medium,Expect moderate delays and allow extra travel time.
2957.0,3329.8577,Medium,Medium,Expect moderate delays and allow extra travel time.
2957.0,3343.7078,Medium,Medium,Expect moderate delays and allow extra travel time.
2740.0,2952.6306,Medium,Medium,Expect moderate delays and allow extra travel time.
2740.0,2965.8313,Medium,Medium,Expect moderate delays and allow extra travel time.
2740.0,2979.2095,Medium,Medium,Expect moderate delays and allow extra travel time.
2740.0,2993.0596,Medium,Medium,Expect moderate delays and allow extra travel time.
3497.0,2834.9597,Medium,Medium,Expect moderate delays and allow extra travel time.
2356.0,2574.5115,Medium,Medium,Expect moderate delays and allow extra travel time.
1633.0,1565.2816,Low,Low,Traffic conditions are favorable.
698.0,788.0948,Low,Low,Traffic conditions are favorable.
407.0,482.74933,Low,Low,Traffic conditions are favorable.
304.0,366.9967,Low,Low,Traffic conditions are favorable.
377.0,407.08356,Low,Low,Traffic conditions are favorable.
867.0,790.1808,Low,Low,Traffic conditions are favorable.
867.0,810.83636,Low,Low,Traffic conditions are favorable.
867.0,812.4824,Low,Low,Traffic conditions are favorable.
2919.0,2693.381,Medium,Medium,Expect moderate delays and allow extra travel time.
2919.0,2700.2534,Medium,Medium,Expect moderate delays and allow extra travel time.
2919.0,2691.3376,Medium,Medium,Expect moderate delays and allow extra travel time.
5457.0,5439.281,High,High,Avoid peak hours or consider an alternative route.
6539.0,6096.1772,High,High,Avoid peak hours or consider an alternative route.
5653.0,5703.6836,High,High,Avoid peak hours or consider an alternative route.
5653.0,5698.848,High,High,Avoid peak hours or consider an alternative route.
5653.0,5697.98,High,High,Avoid peak hours or consider an alternative route.
4981.0,5049.8867,High,High,Avoid peak hours or consider an alternative route.
4981.0,5001.771,High,High,Avoid peak hours or consider an alternative route.
4981.0,5042.6436,High,High,Avoid peak hours or consider an alternative route.
4548.0,4864.931,Medium,High,Avoid peak hours or consider an alternative route.
4937.0,4943.3804,High,High,Avoid peak hours or consider an alternative route.
5039.0,5145.467,High,High,Avoid peak hours or consider an alternative route.
4901.0,5165.997,High,High,Avoid peak hours or consider an alternative route.
5185.0,5436.127,High,High,Avoid peak hours or consider an alternative route.
5973.0,5877.3804,High,High,Avoid peak hours or consider an alternative route.
6007.0,6254.1797,High,High,Avoid peak hours or consider an alternative route.
4607.0,4821.382,High,High,Avoid peak hours or consider an alternative route.
3958.0,3740.1277,Medium,Medium,Expect moderate delays and allow extra travel time.
3255.0,3263.5654,Medium,Medium,Expect moderate delays and allow extra travel time.
2931.0,3132.2822,Medium,Medium,Expect moderate delays and allow extra travel time.
2570.0,2850.3992,Medium,Medium,Expect moderate delays and allow extra travel time.
2179.0,2162.7654,Low,Low,Traffic conditions are favorable.
1516.0,1375.6333,Low,Low,Traffic conditions are favorable.
1273.0,799.6438,Low,Low,Traffic conditions are favorable.
1207.0,575.09863,Low,Low,Traffic conditions are favorable.
611.0,529.3843,Low,Low,Traffic conditions are favorable.
647.0,461.20938,Low,Low,Traffic conditions are favorable.
960.0,798.2403,Low,Low,Traffic conditions are favorable.
1635.0,1613.6293,Low,Low,Traffic conditions are favorable.
2445.0,2210.904,Medium,Low,Traffic conditions are favorable.
3415.0,2932.3054,Medium,Medium,Expect moderate delays and allow extra travel time.
3770.0,3590.007,Medium,Medium,Expect moderate delays and allow extra travel time.
4308.0,4092.7766,Medium,Medium,Expect moderate delays and allow extra travel time.
4638.0,4442.129,High,Medium,Expect moderate delays and allow extra travel time.
4831.0,4759.246,High,High,Avoid peak hours or consider an alternative route.
4565.0,4759.246,Medium,High,Avoid peak hours or consider an alternative route.
4654.0,4726.8843,High,High,Avoid peak hours or consider an alternative route.
4589.0,4684.8325,High,High,Avoid peak hours or consider an alternative route.
4582.0,4726.513,High,High,Avoid peak hours or consider an alternative route.
4847.0,4564.4424,High,Medium,Expect moderate delays and allow extra travel time.
4620.0,4327.855,High,Medium,Expect moderate delays and allow extra travel time.
4347.0,3734.767,Medium,Medium,Expect moderate delays and allow extra travel time.
3602.0,3283.4622,Medium,Medium,Expect moderate delays and allow extra travel time.
2985.0,3148.6714,Medium,Medium,Expect moderate delays and allow extra travel time.
2480.0,2921.7717,Medium,Medium,Expect moderate delays and allow extra travel time.
1871.0,2397.9617,Low,Medium,Expect moderate delays and allow extra travel time.
1249.0,1572.905,Low,Low,Traffic conditions are favorable.
690.0,883.9542,Low,Low,Traffic conditions are favorable.
565.0,633.663,Low,Low,Traffic conditions are favorable.
319.0,519.3945,Low,Low,Traffic conditions are favorable.
339.0,426.30753,Low,Low,Traffic conditions are favorable.
514.0,637.20105,Low,Low,Traffic conditions are favorable.
1402.0,1536.1283,Low,Low,Traffic conditions are favorable.
2203.0,2257.1633,Medium,Low,Traffic conditions are favorable.
3562.0,3038.5312,Medium,Medium,Expect moderate delays and allow extra travel time.
4594.0,3739.0383,High,Medium,Expect moderate delays and allow extra travel time.
4252.0,4106.6035,Medium,Medium,Expect moderate delays and allow extra travel time.
3945.0,4444.6777,Medium,Medium,Expect moderate delays and allow extra travel time.
4107.0,4401.4326,Medium,Medium,Expect moderate delays and allow extra travel time.
4091.0,4420.2754,Medium,Medium,Expect moderate delays and allow extra travel time.
4195.0,4444.029,Medium,Medium,Expect moderate delays and allow extra travel time.
4413.0,4431.054,Medium,Medium,Expect moderate delays and allow extra travel time.
4117.0,4272.1035,Medium,Medium,Expect moderate delays and allow extra travel time.
3997.0,4017.8486,Medium,Medium,Expect moderate delays and allow extra travel time.
3516.0,3524.472,Medium,Medium,Expect moderate delays and allow extra travel time.
2846.0,3081.7297,Medium,Medium,Expect moderate delays and allow extra travel time.
2346.0,2724.7354,Medium,Medium,Expect moderate delays and allow extra travel time.
1635.0,2137.6265,Low,Low,Traffic conditions are favorable.
934.0,1571.5823,Low,Low,Traffic conditions are favorable.
509.0,611.7703,Low,Low,Traffic conditions are favorable.
344.0,394.39215,Low,Low,Traffic conditions are favorable.
219.0,312.95282,Low,Low,Traffic conditions are favorable.
328.0,337.0332,Low,Low,Traffic conditions are favorable.
888.0,805.44324,Low,Low,Traffic conditions are favorable.
2954.0,2721.2578,Medium,Medium,Expect moderate delays and allow extra travel time.
5747.0,5385.399,High,High,Avoid peak hours or consider an alternative route.
6591.0,5899.9746,High,High,Avoid peak hours or consider an alternative route.
5900.0,5463.6187,High,High,Avoid peak hours or consider an alternative route.
4936.0,4823.452,High,High,Avoid peak hours or consider an alternative route.
4351.0,4234.843,Medium,Medium,Expect moderate delays and allow extra travel time.
4468.0,4358.202,Medium,High,Avoid peak hours or consider an alternative route.
4531.0,4597.7676,Medium,High,Avoid peak hours or consider an alternative route.
4433.0,4699.578,Medium,High,Avoid peak hours or consider an alternative route.
4816.0,5079.0786,High,High,Avoid peak hours or consider an alternative route.
5443.0,5410.0103,High,High,Avoid peak hours or consider an alternative route.
6307.0,6188.9644,High,High,Avoid peak hours or consider an alternative route.
5562.0,5728.4287,High,High,Avoid peak hours or consider an alternative route.
4167.0,4269.9526,Medium,Medium,Expect moderate delays and allow extra travel time.
3253.0,3191.2227,Medium,Medium,Expect moderate delays and allow extra travel time.
2559.0,2560.1592,Medium,Medium,Expect moderate delays and allow extra travel time.
2084.0,2157.9167,Low,Medium,Expect moderate delays and allow extra travel time.
1392.0,1507.4015,Low,Low,Traffic conditions are favorable.
1392.0,1709.2609,Low,Low,Traffic conditions are favorable.
1392.0,1535.4482,Low,Low,Traffic conditions are favorable.
826.0,902.0805,Low,Low,Traffic conditions are favorable.
826.0,947.24414,Low,Low,Traffic conditions are favorable.
826.0,931.3443,Low,Low,Traffic conditions are favorable.
527.0,596.1621,Low,Low,Traffic conditions are favorable.
527.0,645.2616,Low,Low,Traffic conditions are favorable.
302.0,419.49786,Low,Low,Traffic conditions are favorable.
302.0,420.10724,Low,Low,Traffic conditions are favorable.
234.0,346.06592,Low,Low,Traffic conditions are favorable.
234.0,353.02603,Low,Low,Traffic conditions are favorable.
366.0,396.21475,Low,Low,Traffic conditions are favorable.
880.0,888.5355,Low,Low,Traffic conditions are favorable.
3063.0,2957.826,Medium,Medium,Expect moderate delays and allow extra travel time.
5833.0,5666.2153,High,High,Avoid peak hours or consider an alternative route.
6080.0,5782.1694,High,High,Avoid peak hours or consider an alternative route.
5083.0,5158.0947,High,High,Avoid peak hours or consider an alternative route.
4385.0,4667.433,Medium,Medium,Expect moderate delays and allow extra travel time.
4458.0,4758.1167,Medium,High,Avoid peak hours or consider an alternative route.
4580.0,4912.197,High,High,Avoid peak hours or consider an alternative route.
4580.0,4887.893,High,High,Avoid peak hours or consider an alternative route.
4580.0,4918.6196,High,High,Avoid peak hours or consider an alternative route.
4716.0,4944.7036,High,High,Avoid peak hours or consider an alternative route.
4973.0,5206.628,High,High,Avoid peak hours or consider an alternative route.
4973.0,5209.162,High,High,Avoid peak hours or consider an alternative route.
5748.0,5701.9937,High,High,Avoid peak hours or consider an alternative route.
6597.0,6480.7637,High,High,Avoid peak hours or consider an alternative route.
6597.0,6495.534,High,High,Avoid peak hours or consider an alternative route.
5734.0,5958.901,High,High,Avoid peak hours or consider an alternative route.
4320.0,4576.1904,Medium,High,Avoid peak hours or consider an alternative route.
3058.0,3473.6045,Medium,Medium,Expect moderate delays and allow extra travel time.
2765.0,2999.754,Medium,Medium,Expect moderate delays and allow extra travel time.
2282.0,2782.8706,Medium,Medium,Expect moderate delays and allow extra travel time.
1571.0,2120.1533,Low,Low,Traffic conditions are favorable.
924.0,1330.1285,Low,Low,Traffic conditions are favorable.
543.0,642.4466,Low,Low,Traffic conditions are favorable.
358.0,435.16092,Low,Low,Traffic conditions are favorable.
227.0,387.80252,Low,Low,Traffic conditions are favorable.
358.0,398.27316,Low,Low,Traffic conditions are favorable.
890.0,888.2183,Low,Low,Traffic conditions are favorable.
3052.0,2961.151,Medium,Medium,Expect moderate delays and allow extra travel time.
5930.0,5685.256,High,High,Avoid peak hours or consider an alternative route.
6193.0,6238.8804,High,High,Avoid peak hours or consider an alternative route.
6032.0,5780.578,High,High,Avoid peak hours or consider an alternative route.
5320.0,5164.922,High,High,Avoid peak hours or consider an alternative route.
4523.0,4755.7666,Medium,High,Avoid peak hours or consider an alternative route.
4721.0,4896.422,High,High,Avoid peak hours or consider an alternative route.
4793.0,5020.4917,High,High,Avoid peak hours or consider an alternative route.
4624.0,5034.3823,High,High,Avoid peak hours or consider an alternative route.
4928.0,5330.128,High,High,Avoid peak hours or consider an alternative route.
5693.0,5818.875,High,High,Avoid peak hours or consider an alternative route.
6334.0,6516.5723,High,High,Avoid peak hours or consider an alternative route.
5954.0,6015.195,High,High,Avoid peak hours or consider an alternative route.
4661.0,4746.816,High,High,Avoid peak hours or consider an alternative route.
3639.0,3611.876,Medium,Medium,Expect moderate delays and allow extra travel time.
3197.0,3088.2017,Medium,Medium,Expect moderate delays and allow extra travel time.
3475.0,2800.3777,Medium,Medium,Expect moderate delays and allow extra travel time.
1973.0,2124.247,Low,Low,Traffic conditions are favorable.
1209.0,1362.4191,Low,Low,Traffic conditions are favorable.
654.0,696.117,Low,Low,Traffic conditions are favorable.
421.0,466.99216,Low,Low,Traffic conditions are favorable.
312.0,382.30957,Low,Low,Traffic conditions are favorable.
373.0,402.8873,Low,Low,Traffic conditions are favorable.
919.0,880.55835,Low,Low,Traffic conditions are favorable.
3002.0,2915.5557,Medium,Medium,Expect moderate delays and allow extra travel time.
5685.0,5673.98,High,High,Avoid peak hours or consider an alternative route.
6589.0,6179.807,High,High,Avoid peak hours or consider an alternative route.
6589.0,6187.419,High,High,Avoid peak hours or consider an alternative route.
5946.0,5808.2666,High,High,Avoid peak hours or consider an alternative route.
5181.0,5160.18,High,High,Avoid peak hours or consider an alternative route.
4500.0,4763.1045,Medium,High,Avoid peak hours or consider an alternative route.
4670.0,4883.1406,High,High,Avoid peak hours or consider an alternative route.
4787.0,5116.301,High,High,Avoid peak hours or consider an alternative route.
4943.0,5418.525,High,High,Avoid peak hours or consider an alternative route.
5892.0,5889.8833,High,High,Avoid peak hours or consider an alternative route.
6451.0,6529.208,High,High,Avoid peak hours or consider an alternative route.
5968.0,6041.1514,High,High,Avoid peak hours or consider an alternative route.
4498.0,4813.1543,Medium,High,Avoid peak hours or consider an alternative route.
3419.0,3717.3596,Medium,Medium,Expect moderate delays and allow extra travel time.
2856.0,3212.0254,Medium,Medium,Expect moderate delays and allow extra travel time.
2649.0,3041.2068,Medium,Medium,Expect moderate delays and allow extra travel time.
2003.0,2666.777,Low,Medium,Expect moderate delays and allow extra travel time.
1278.0,1568.5776,Low,Low,Traffic conditions are favorable.
699.0,792.1389,Low,Low,Traffic conditions are favorable.
461.0,473.97202,Low,Low,Traffic conditions are favorable.
301.0,392.29642,Low,Low,Traffic conditions are favorable.
367.0,395.28156,Low,Low,Traffic conditions are favorable.
870.0,844.3995,Low,Low,Traffic conditions are favorable.
2751.0,2698.9036,Medium,Medium,Expect moderate delays and allow extra travel time.
5521.0,5453.3936,High,High,Avoid peak hours or consider an alternative route.
6401.0,6105.6587,High,High,Avoid peak hours or consider an alternative route.
5798.0,5712.3506,High,High,Avoid peak hours or consider an alternative route.
4791.0,5087.754,High,High,Avoid peak hours or consider an alternative route.
4574.0,4849.9985,High,High,Avoid peak hours or consider an alternative route.
4863.0,4974.92,High,High,Avoid peak hours or consider an alternative route.
5066.0,5182.0376,High,High,Avoid peak hours or consider an alternative route.
4898.0,5186.82,High,High,Avoid peak hours or consider an alternative route.
5193.0,5455.243,High,High,Avoid peak hours or consider an alternative route.
5838.0,5875.075,High,High,Avoid peak hours or consider an alternative route.
6188.0,6237.85,High,High,Avoid peak hours or consider an alternative route.
5695.0,5995.538,High,High,Avoid peak hours or consider an alternative route.
5104.0,4823.1597,High,High,Avoid peak hours or consider an alternative route.
4286.0,3719.4395,Medium,Medium,Expect moderate delays and allow extra travel time.
3538.0,3274.47,Medium,Medium,Expect moderate delays and allow extra travel time.
3058.0,3126.2532,Medium,Medium,Expect moderate delays and allow extra travel time.
2713.0,2850.3992,Medium,Medium,Expect moderate delays and allow extra travel time.
1733.0,1297.893,Low,Low,Traffic conditions are favorable.
867.0,794.17163,Low,Low,Traffic conditions are favorable.
524.0,566.4866,Low,Low,Traffic conditions are favorable.
359.0,522.34216,Low,Low,Traffic conditions are favorable.
425.0,458.34854,Low,Low,Traffic conditions are favorable.
743.0,795.4637,Low,Low,Traffic conditions are favorable.
1359.0,1598.8129,Low,Low,Traffic conditions are favorable.
2036.0,2203.862,Low,Low,Traffic conditions are favorable.
3073.0,2951.5344,Medium,Medium,Expect moderate delays and allow extra travel time.
3725.0,3603.0122,Medium,Medium,Expect moderate delays and allow extra travel time.
4059.0,4090.2795,Medium,Medium,Expect moderate delays and allow extra travel time.
4378.0,4412.8384,Medium,Medium,Expect moderate delays and allow extra travel time.
4657.0,4720.9893,High,High,Avoid peak hours or consider an alternative route.
4553.0,4775.3,Medium,High,Avoid peak hours or consider an alternative route.
4618.0,4767.7026,High,High,Avoid peak hours or consider an alternative route.
4564.0,4798.2163,Medium,High,Avoid peak hours or consider an alternative route.
4735.0,4837.4775,High,High,Avoid peak hours or consider an alternative route.
4878.0,4627.005,High,Medium,Expect moderate delays and allow extra travel time.
4569.0,4332.899,Medium,Medium,Expect moderate delays and allow extra travel time.
3818.0,3680.9695,Medium,Medium,Expect moderate delays and allow extra travel time.
3818.0,3703.745,Medium,Medium,Expect moderate delays and allow extra travel time.
3338.0,3270.5918,Medium,Medium,Expect moderate delays and allow extra travel time.
2950.0,3164.032,Medium,Medium,Expect moderate delays and allow extra travel time.
2607.0,2920.3843,Medium,Medium,Expect moderate delays and allow extra travel time.
3856.0,2391.2463,Medium,Low,Traffic conditions are favorable.
1826.0,1517.279,Low,Low,Traffic conditions are favorable.
920.0,862.3143,Low,Low,Traffic conditions are favorable.
696.0,597.1179,Low,Low,Traffic conditions are favorable.
364.0,533.9135,Low,Low,Traffic conditions are favorable.
444.0,651.8809,Low,Low,Traffic conditions are favorable.
802.0,1075.4601,Low,Low,Traffic conditions are favorable.
1175.0,1544.3956,Low,Low,Traffic conditions are favorable.
2002.0,2265.8843,Low,Low,Traffic conditions are favorable.
2882.0,3040.2036,Medium,Medium,Expect moderate delays and allow extra travel time.
3701.0,3720.9949,Medium,Medium,Expect moderate delays and allow extra travel time.
4049.0,4098.9814,Medium,Medium,Expect moderate delays and allow extra travel time.
4429.0,4465.7534,Medium,Medium,Expect moderate delays and allow extra travel time.
4380.0,4430.3457,Medium,Medium,Expect moderate delays and allow extra travel time.
4380.0,4432.3994,Medium,Medium,Expect moderate delays and allow extra travel time.
4302.0,4448.8286,Medium,Medium,Expect moderate delays and allow extra travel time.
4302.0,4500.213,Medium,Medium,Expect moderate delays and allow extra travel time.
4283.0,4537.687,Medium,Medium,Expect moderate delays and allow extra travel time.
4132.0,4344.2983,Medium,Medium,Expect moderate delays and allow extra travel time.
3947.0,4008.2183,Medium,Medium,Expect moderate delays and allow extra travel time.
3543.0,3507.4277,Medium,Medium,Expect moderate delays and allow extra travel time.
2781.0,2981.9456,Medium,Medium,Expect moderate delays and allow extra travel time.
2159.0,2591.12,Low,Medium,Expect moderate delays and allow extra travel time.
1450.0,2041.6395,Low,Low,Traffic conditions are favorable.
954.0,1421.1409,Low,Low,Traffic conditions are favorable.
